<?xml version="1.0" encoding="UTF-8"?>
<Word version="1.0">
  <Stroke>
    <Outline>
      <MoveTo x="624.0" y="1654.0" />
      <LineTo flexible="false" x="796.0" y="1699.0" />
      <QuadTo flexible="false" x1="862.0" y1="1717.0" x2="901.0" y2="1716.0" />
      <QuadTo flexible="false" x1="996.0" y1="1715.0" x2="1061.0" y2="1672.0" />
      <QuadTo flexible="false" x1="1126.0" y1="1629.0" x2="1152.0" y2="1606.0" />
      <QuadTo flexible="false" x1="1178.0" y1="1583.0" x2="1236.0" y2="1506.5" />
      <QuadTo flexible="false" x1="1294.0" y1="1430.0" x2="1351.0" y2="1308.0" />
      <QuadTo flexible="false" x1="1408.0" y1="1186.0" x2="1438.0" y2="1085.0" />
      <LineTo flexible="false" x="1464.0" y="993.0" />
      <QuadTo flexible="false" x1="1481.0" y1="934.0" x2="1485.0" y2="913.0" />
      <LineTo flexible="false" x="1491.0" y="878.0" />
      <LineTo flexible="false" x="1495.0" y="856.0" />
      <QuadTo flexible="false" x1="1494.0" y1="846.0" x2="1486.0" y2="841.0" />
      <QuadTo flexible="false" x1="1478.0" y1="836.0" x2="1439.0" y2="843.0" />
      <LineTo flexible="false" x="1113.0" y="905.0" />
      <QuadTo flexible="false" x1="1013.0" y1="924.0" x2="984.5" y2="934.5" />
      <QuadTo flexible="false" x1="956.0" y1="945.0" x2="947.0" y2="944.0" />
      <QuadTo flexible="false" x1="931.0" y1="944.0" x2="892.0" y2="921.0" />
      <QuadTo flexible="false" x1="853.0" y1="898.0" x2="850.5" y2="865.5" />
      <QuadTo flexible="false" x1="848.0" y1="833.0" x2="854.0" y2="820.0" />
      <QuadTo flexible="false" x1="859.0" y1="808.0" x2="866.0" y2="801.5" />
      <QuadTo flexible="false" x1="873.0" y1="795.0" x2="895.0" y2="777.0" />
      <QuadTo flexible="false" x1="917.0" y1="759.0" x2="929.5" y2="743.0" />
      <QuadTo flexible="false" x1="942.0" y1="727.0" x2="967.0" y2="692.0" />
      <LineTo flexible="false" x="1019.0" y="621.0" />
      <LineTo flexible="false" x="1115.0" y="482.0" />
      <QuadTo flexible="false" x1="1168.0" y1="405.0" x2="1181.0" y2="377.0" />
      <LineTo flexible="false" x="1196.0" y="338.0" />
      <QuadTo flexible="false" x1="1203.0" y1="319.0" x2="1199.0" y2="298.5" />
      <QuadTo flexible="false" x1="1195.0" y1="278.0" x2="1137.0" y2="282.0" />
      <QuadTo flexible="false" x1="1086.0" y1="286.0" x2="1080.0" y2="287.0" />
      <QuadTo flexible="false" x1="1074.0" y1="288.0" x2="901.5" y2="320.0" />
      <QuadTo flexible="false" x1="729.0" y1="352.0" x2="600.0" y2="394.0" />
      <LineTo flexible="false" x="486.0" y="431.0" />
      <QuadTo flexible="false" x1="438.0" y1="447.0" x2="426.0" y2="446.0" />
      <QuadTo flexible="false" x1="390.0" y1="445.0" x2="355.0" y2="404.5" />
      <QuadTo flexible="false" x1="320.0" y1="364.0" x2="312.5" y2="339.5" />
      <QuadTo flexible="false" x1="305.0" y1="315.0" x2="305.0" y2="306.0" />
      <QuadTo flexible="false" x1="305.0" y1="276.0" x2="325.5" y2="268.5" />
      <QuadTo flexible="false" x1="346.0" y1="261.0" x2="375.0" y2="258.0" />
      <LineTo flexible="false" x="489.0" y="246.0" />
      <QuadTo flexible="false" x1="562.0" y1="239.0" x2="819.0" y2="205.0" />
      <QuadTo flexible="false" x1="1076.0" y1="171.0" x2="1157.0" y2="147.5" />
      <QuadTo flexible="false" x1="1238.0" y1="124.0" x2="1262.0" y2="123.0" />
      <QuadTo flexible="false" x1="1316.0" y1="122.0" x2="1390.5" y2="160.5" />
      <QuadTo flexible="false" x1="1465.0" y1="199.0" x2="1488.0" y2="230.0" />
      <QuadTo flexible="false" x1="1511.0" y1="261.0" x2="1489.0" y2="308.0" />
      <QuadTo flexible="false" x1="1475.0" y1="337.0" x2="1445.0" y2="369.0" />
      <QuadTo flexible="false" x1="1415.0" y1="401.0" x2="1360.5" y2="454.5" />
      <QuadTo flexible="false" x1="1306.0" y1="508.0" x2="1238.5" y2="589.5" />
      <QuadTo flexible="false" x1="1171.0" y1="671.0" x2="1152.0" y2="702.0" />
      <LineTo flexible="false" x="1128.0" y="741.0" />
      <QuadTo flexible="false" x1="1114.0" y1="761.0" x2="1118.0" y2="769.0" />
      <QuadTo flexible="false" x1="1122.0" y1="777.0" x2="1146.0" y2="773.0" />
      <LineTo flexible="false" x="1496.0" y="723.0" />
      <QuadTo flexible="false" x1="1562.0" y1="714.0" x2="1599.0" y2="721.5" />
      <QuadTo flexible="false" x1="1636.0" y1="729.0" x2="1674.5" y2="764.0" />
      <QuadTo flexible="false" x1="1713.0" y1="799.0" x2="1729.0" y2="828.5" />
      <QuadTo flexible="false" x1="1745.0" y1="858.0" x2="1743.0" y2="878.0" />
      <QuadTo flexible="false" x1="1741.0" y1="893.0" x2="1729.0" y2="915.0" />
      <LineTo flexible="false" x="1702.0" y="959.0" />
      <QuadTo flexible="false" x1="1683.0" y1="990.0" x2="1669.0" y2="1026.5" />
      <QuadTo flexible="false" x1="1655.0" y1="1063.0" x2="1616.5" y2="1172.5" />
      <QuadTo flexible="false" x1="1578.0" y1="1282.0" x2="1551.0" y2="1341.0" />
      <QuadTo flexible="false" x1="1524.0" y1="1400.0" x2="1478.5" y2="1489.0" />
      <QuadTo flexible="false" x1="1433.0" y1="1578.0" x2="1361.0" y2="1676.5" />
      <QuadTo flexible="false" x1="1289.0" y1="1775.0" x2="1156.5" y2="1850.5" />
      <QuadTo flexible="false" x1="1024.0" y1="1926.0" x2="935.0" y2="1926.0" />
      <QuadTo flexible="false" x1="897.0" y1="1927.0" x2="878.5" y2="1916.5" />
      <QuadTo flexible="false" x1="860.0" y1="1906.0" x2="851.5" y2="1895.5" />
      <QuadTo flexible="false" x1="843.0" y1="1885.0" x2="799.5" y2="1823.0" />
      <QuadTo flexible="false" x1="756.0" y1="1761.0" x2="638.0" y2="1683.0" />
      <LineTo flexible="false" x="615.0" y="1668.0" />
      <QuadTo flexible="false" x1="606.0" y1="1663.0" x2="608.5" y2="1657.0" />
      <QuadTo flexible="false" x1="611.0" y1="1651.0" x2="624.0" y2="1654.0" />
    </Outline>
    <Track>
      <MoveTo x="420.0" y="360.0" />
      <MoveTo x="1245.0" y="200.0" />
      <MoveTo x="1375.0" y="245.0" />
      <MoveTo x="950.0" y="850.0" />
      <MoveTo x="1560.0" y="780.0" />
      <MoveTo x="1635.0" y="835.0" />
      <MoveTo x="1370.0" y="1500.0" />
      <MoveTo x="1000.0" y="1865.0" />
      <MoveTo x="770.0" y="1740.0" />
    </Track>
  </Stroke>
</Word>

