[
  {
    "outline": [
      {
        "type": "M",
        "x": 624,
        "y": 1654
      },
      {
        "type": "L",
        "x": 796,
        "y": 1699
      },
      {
        "type": "Q",
        "begin": {
          "x": 862,
          "y": 1717
        },
        "end": {
          "x": 901,
          "y": 1716
        }
      },
      {
        "type": "Q",
        "begin": {
          "x": 996,
          "y": 1715
        },
        "end": {
          "x": 1061,
          "y": 1672
        }
      },
      {
        "type": "Q",
        "begin": {
          "x": 1126,
          "y": 1629
        },
        "end": {
          "x": 1152,
          "y": 1606
        }
      },
      {
        "type": "Q",
        "begin": {
          "x": 1178,
          "y": 1583
        },
        "end": {
          "x": 1236,
          "y": 1506.5
        }
      },
      {
        "type": "Q",
        "begin": {
          "x": 1294,
          "y": 1430
        },
        "end": {
          "x": 1351,
          "y": 1308
        }
      },
      {
        "type": "Q",
        "begin": {
          "x": 1408,
          "y": 1186
        },
        "end": {
          "x": 1438,
          "y": 1085
        }
      },
      {
        "type": "L",
        "x": 1464,
        "y": 993
      },
      {
        "type": "Q",
        "begin": {
          "x": 1481,
          "y": 934
        },
        "end": {
          "x": 1485,
          "y": 913
        }
      },
      {
        "type": "L",
        "x": 1491,
        "y": 878
      },
      {
        "type": "L",
        "x": 1495,
        "y": 856
      },
      {
        "type": "Q",
        "begin": {
          "x": 1494,
          "y": 846
        },
        "end": {
          "x": 1486,
          "y": 841
        }
      },
      {
        "type": "Q",
        "begin": {
          "x": 1478,
          "y": 836
        },
        "end": {
          "x": 1439,
          "y": 843
        }
      },
      {
        "type": "L",
        "x": 1113,
        "y": 905
      },
      {
        "type": "Q",
        "begin": {
          "x": 1013,
          "y": 924
        },
        "end": {
          "x": 984.5,
          "y": 934.5
        }
      },
      {
        "type": "Q",
        "begin": {
          "x": 956,
          "y": 945
        },
        "end": {
          "x": 947,
          "y": 944
        }
      },
      {
        "type": "Q",
        "begin": {
          "x": 931,
          "y": 944
        },
        "end": {
          "x": 892,
          "y": 921
        }
      },
      {
        "type": "Q",
        "begin": {
          "x": 853,
          "y": 898
        },
        "end": {
          "x": 850.5,
          "y": 865.5
        }
      },
      {
        "type": "Q",
        "begin": {
          "x": 848,
          "y": 833
        },
        "end": {
          "x": 854,
          "y": 820
        }
      },
      {
        "type": "Q",
        "begin": {
          "x": 859,
          "y": 808
        },
        "end": {
          "x": 866,
          "y": 801.5
        }
      },
      {
        "type": "Q",
        "begin": {
          "x": 873,
          "y": 795
        },
        "end": {
          "x": 895,
          "y": 777
        }
      },
      {
        "type": "Q",
        "begin": {
          "x": 917,
          "y": 759
        },
        "end": {
          "x": 929.5,
          "y": 743
        }
      },
      {
        "type": "Q",
        "begin": {
          "x": 942,
          "y": 727
        },
        "end": {
          "x": 967,
          "y": 692
        }
      },
      {
        "type": "L",
        "x": 1019,
        "y": 621
      },
      {
        "type": "L",
        "x": 1115,
        "y": 482
      },
      {
        "type": "Q",
        "begin": {
          "x": 1168,
          "y": 405
        },
        "end": {
          "x": 1181,
          "y": 377
        }
      },
      {
        "type": "L",
        "x": 1196,
        "y": 338
      },
      {
        "type": "Q",
        "begin": {
          "x": 1203,
          "y": 319
        },
        "end": {
          "x": 1199,
          "y": 298.5
        }
      },
      {
        "type": "Q",
        "begin": {
          "x": 1195,
          "y": 278
        },
        "end": {
          "x": 1137,
          "y": 282
        }
      },
      {
        "type": "Q",
        "begin": {
          "x": 1086,
          "y": 286
        },
        "end": {
          "x": 1080,
          "y": 287
        }
      },
      {
        "type": "Q",
        "begin": {
          "x": 1074,
          "y": 288
        },
        "end": {
          "x": 901.5,
          "y": 320
        }
      },
      {
        "type": "Q",
        "begin": {
          "x": 729,
          "y": 352
        },
        "end": {
          "x": 600,
          "y": 394
        }
      },
      {
        "type": "L",
        "x": 486,
        "y": 431
      },
      {
        "type": "Q",
        "begin": {
          "x": 438,
          "y": 447
        },
        "end": {
          "x": 426,
          "y": 446
        }
      },
      {
        "type": "Q",
        "begin": {
          "x": 390,
          "y": 445
        },
        "end": {
          "x": 355,
          "y": 404.5
        }
      },
      {
        "type": "Q",
        "begin": {
          "x": 320,
          "y": 364
        },
        "end": {
          "x": 312.5,
          "y": 339.5
        }
      },
      {
        "type": "Q",
        "begin": {
          "x": 305,
          "y": 315
        },
        "end": {
          "x": 305,
          "y": 306
        }
      },
      {
        "type": "Q",
        "begin": {
          "x": 305,
          "y": 276
        },
        "end": {
          "x": 325.5,
          "y": 268.5
        }
      },
      {
        "type": "Q",
        "begin": {
          "x": 346,
          "y": 261
        },
        "end": {
          "x": 375,
          "y": 258
        }
      },
      {
        "type": "L",
        "x": 489,
        "y": 246
      },
      {
        "type": "Q",
        "begin": {
          "x": 562,
          "y": 239
        },
        "end": {
          "x": 819,
          "y": 205
        }
      },
      {
        "type": "Q",
        "begin": {
          "x": 1076,
          "y": 171
        },
        "end": {
          "x": 1157,
          "y": 147.5
        }
      },
      {
        "type": "Q",
        "begin": {
          "x": 1238,
          "y": 124
        },
        "end": {
          "x": 1262,
          "y": 123
        }
      },
      {
        "type": "Q",
        "begin": {
          "x": 1316,
          "y": 122
        },
        "end": {
          "x": 1390.5,
          "y": 160.5
        }
      },
      {
        "type": "Q",
        "begin": {
          "x": 1465,
          "y": 199
        },
        "end": {
          "x": 1488,
          "y": 230
        }
      },
      {
        "type": "Q",
        "begin": {
          "x": 1511,
          "y": 261
        },
        "end": {
          "x": 1489,
          "y": 308
        }
      },
      {
        "type": "Q",
        "begin": {
          "x": 1475,
          "y": 337
        },
        "end": {
          "x": 1445,
          "y": 369
        }
      },
      {
        "type": "Q",
        "begin": {
          "x": 1415,
          "y": 401
        },
        "end": {
          "x": 1360.5,
          "y": 454.5
        }
      },
      {
        "type": "Q",
        "begin": {
          "x": 1306,
          "y": 508
        },
        "end": {
          "x": 1238.5,
          "y": 589.5
        }
      },
      {
        "type": "Q",
        "begin": {
          "x": 1171,
          "y": 671
        },
        "end": {
          "x": 1152,
          "y": 702
        }
      },
      {
        "type": "L",
        "x": 1128,
        "y": 741
      },
      {
        "type": "Q",
        "begin": {
          "x": 1114,
          "y": 761
        },
        "end": {
          "x": 1118,
          "y": 769
        }
      },
      {
        "type": "Q",
        "begin": {
          "x": 1122,
          "y": 777
        },
        "end": {
          "x": 1146,
          "y": 773
        }
      },
      {
        "type": "L",
        "x": 1496,
        "y": 723
      },
      {
        "type": "Q",
        "begin": {
          "x": 1562,
          "y": 714
        },
        "end": {
          "x": 1599,
          "y": 721.5
        }
      },
      {
        "type": "Q",
        "begin": {
          "x": 1636,
          "y": 729
        },
        "end": {
          "x": 1674.5,
          "y": 764
        }
      },
      {
        "type": "Q",
        "begin": {
          "x": 1713,
          "y": 799
        },
        "end": {
          "x": 1729,
          "y": 828.5
        }
      },
      {
        "type": "Q",
        "begin": {
          "x": 1745,
          "y": 858
        },
        "end": {
          "x": 1743,
          "y": 878
        }
      },
      {
        "type": "Q",
        "begin": {
          "x": 1741,
          "y": 893
        },
        "end": {
          "x": 1729,
          "y": 915
        }
      },
      {
        "type": "L",
        "x": 1702,
        "y": 959
      },
      {
        "type": "Q",
        "begin": {
          "x": 1683,
          "y": 990
        },
        "end": {
          "x": 1669,
          "y": 1026.5
        }
      },
      {
        "type": "Q",
        "begin": {
          "x": 1655,
          "y": 1063
        },
        "end": {
          "x": 1616.5,
          "y": 1172.5
        }
      },
      {
        "type": "Q",
        "begin": {
          "x": 1578,
          "y": 1282
        },
        "end": {
          "x": 1551,
          "y": 1341
        }
      },
      {
        "type": "Q",
        "begin": {
          "x": 1524,
          "y": 1400
        },
        "end": {
          "x": 1478.5,
          "y": 1489
        }
      },
      {
        "type": "Q",
        "begin": {
          "x": 1433,
          "y": 1578
        },
        "end": {
          "x": 1361,
          "y": 1676.5
        }
      },
      {
        "type": "Q",
        "begin": {
          "x": 1289,
          "y": 1775
        },
        "end": {
          "x": 1156.5,
          "y": 1850.5
        }
      },
      {
        "type": "Q",
        "begin": {
          "x": 1024,
          "y": 1926
        },
        "end": {
          "x": 935,
          "y": 1926
        }
      },
      {
        "type": "Q",
        "begin": {
          "x": 897,
          "y": 1927
        },
        "end": {
          "x": 878.5,
          "y": 1916.5
        }
      },
      {
        "type": "Q",
        "begin": {
          "x": 860,
          "y": 1906
        },
        "end": {
          "x": 851.5,
          "y": 1895.5
        }
      },
      {
        "type": "Q",
        "begin": {
          "x": 843,
          "y": 1885
        },
        "end": {
          "x": 799.5,
          "y": 1823
        }
      },
      {
        "type": "Q",
        "begin": {
          "x": 756,
          "y": 1761
        },
        "end": {
          "x": 638,
          "y": 1683
        }
      },
      {
        "type": "L",
        "x": 615,
        "y": 1668
      },
      {
        "type": "Q",
        "begin": {
          "x": 606,
          "y": 1663
        },
        "end": {
          "x": 608.5,
          "y": 1657
        }
      },
      {
        "type": "Q",
        "begin": {
          "x": 611,
          "y": 1651
        },
        "end": {
          "x": 624,
          "y": 1654
        }
      }
    ],
    "track": [
      {
        "x": 420,
        "y": 360
      },
      {
        "x": 1245,
        "y": 200
      },
      {
        "x": 1375,
        "y": 245
      },
      {
        "x": 950,
        "y": 850
      },
      {
        "x": 1560,
        "y": 780
      },
      {
        "x": 1635,
        "y": 835
      },
      {
        "x": 1370,
        "y": 1500
      },
      {
        "x": 1000,
        "y": 1865
      },
      {
        "x": 770,
        "y": 1740
      }
    ]
  }
]
