<?xml version="1.0" encoding="UTF-8"?>
<Word version="1.0">
  <Stroke>
    <Outline>
      <MoveTo x="695.5" y="346.0" />
      <QuadTo flexible="false" x1="691.0" y1="342.0" x2="678.0" y2="343.0" />
      <LineTo flexible="false" x="627.0" y="347.0" />
      <QuadTo flexible="false" x1="603.0" y1="349.0" x2="562.5" y2="355.0" />
      <QuadTo flexible="false" x1="522.0" y1="361.0" x2="432.5" y2="376.0" />
      <QuadTo flexible="false" x1="343.0" y1="391.0" x2="308.0" y2="390.0" />
      <QuadTo flexible="false" x1="264.0" y1="390.0" x2="243.5" y2="377.5" />
      <QuadTo flexible="false" x1="223.0" y1="365.0" x2="201.0" y2="333.5" />
      <QuadTo flexible="false" x1="179.0" y1="302.0" x2="179.0" y2="264.0" />
      <QuadTo flexible="false" x1="179.0" y1="250.0" x2="189.5" y2="229.5" />
      <QuadTo flexible="false" x1="200.0" y1="209.0" x2="284.0" y2="205.0" />
      <LineTo flexible="false" x="443.0" y="198.0" />
      <QuadTo flexible="false" x1="515.0" y1="195.0" x2="721.0" y2="176.5" />
      <QuadTo flexible="false" x1="927.0" y1="158.0" x2="1185.0" y2="140.0" />
      <LineTo flexible="false" x="1367.0" y="128.0" />
      <QuadTo flexible="false" x1="1433.0" y1="124.0" x2="1462.0" y2="119.0" />
      <QuadTo flexible="false" x1="1491.0" y1="114.0" x2="1526.0" y2="105.5" />
      <QuadTo flexible="false" x1="1561.0" y1="97.0" x2="1593.0" y2="97.0" />
      <QuadTo flexible="false" x1="1646.0" y1="99.0" x2="1679.5" y2="112.0" />
      <QuadTo flexible="false" x1="1713.0" y1="125.0" x2="1795.5" y2="177.5" />
      <QuadTo flexible="false" x1="1878.0" y1="230.0" x2="1868.0" y2="325.0" />
      <QuadTo flexible="false" x1="1865.0" y1="345.0" x2="1855.0" y2="371.0" />
      <LineTo flexible="false" x="1830.0" y="425.0" />
      <QuadTo flexible="false" x1="1817.0" y1="452.0" x2="1806.5" y2="481.5" />
      <QuadTo flexible="false" x1="1796.0" y1="511.0" x2="1761.5" y2="627.5" />
      <QuadTo flexible="false" x1="1727.0" y1="744.0" x2="1662.0" y2="937.0" />
      <QuadTo flexible="false" x1="1597.0" y1="1130.0" x2="1506.0" y2="1200.0" />
      <QuadTo flexible="false" x1="1415.0" y1="1270.0" x2="1369.5" y2="1290.0" />
      <QuadTo flexible="false" x1="1324.0" y1="1310.0" x2="1288.0" y2="1309.0" />
      <QuadTo flexible="false" x1="1272.0" y1="1309.0" x2="1259.5" y2="1302.5" />
      <QuadTo flexible="false" x1="1247.0" y1="1296.0" x2="1216.5" y2="1247.5" />
      <QuadTo flexible="false" x1="1186.0" y1="1199.0" x2="1098.0" y2="1102.0" />
      <LineTo flexible="false" x="1062.0" y="1063.0" />
      <QuadTo flexible="false" x1="1053.0" y1="1055.0" x2="1055.0" y2="1044.0" />
      <QuadTo flexible="false" x1="1057.0" y1="1033.0" x2="1076.0" y2="1041.0" />
      <LineTo flexible="false" x="1133.0" y="1068.0" />
      <QuadTo flexible="false" x1="1186.0" y1="1094.0" x2="1246.0" y2="1094.0" />
      <QuadTo flexible="false" x1="1334.0" y1="1096.0" x2="1372.5" y2="1064.0" />
      <QuadTo flexible="false" x1="1411.0" y1="1032.0" x2="1436.5" y2="986.5" />
      <QuadTo flexible="false" x1="1462.0" y1="941.0" x2="1506.0" y2="823.0" />
      <QuadTo flexible="false" x1="1550.0" y1="705.0" x2="1579.5" y2="595.0" />
      <QuadTo flexible="false" x1="1609.0" y1="485.0" x2="1614.5" y2="435.5" />
      <QuadTo flexible="false" x1="1620.0" y1="386.0" x2="1620.0" y2="363.0" />
      <QuadTo flexible="false" x1="1619.0" y1="334.0" x2="1611.0" y2="321.0" />
      <QuadTo flexible="false" x1="1603.0" y1="308.0" x2="1582.0" y2="294.0" />
      <QuadTo flexible="false" x1="1561.0" y1="280.0" x2="1372.0" y2="284.0" />
      <QuadTo flexible="false" x1="1089.0" y1="291.0" x2="910.0" y2="314.0" />
      <LineTo flexible="true" x="695.5" y="346.0" />
    </Outline>
    <Track>
      <MoveTo x="320.0" y="300.0" />
      <MoveTo x="1675.0" y="200.0" />
      <MoveTo x="1710.0" y="280.0" />
      <MoveTo x="1520.0" y="1070.0" />
      <MoveTo x="1335.0" y="1235.0" />
      <MoveTo x="1170.0" y="1120.0" />
    </Track>
  </Stroke>
  <Stroke>
    <Outline>
      <MoveTo x="910.0" y="314.0" />
      <LineTo flexible="false" x="900.0" y="845.0" />
      <QuadTo flexible="false" x1="897.0" y1="999.0" x2="896.5" y2="1056.5" />
      <QuadTo flexible="false" x1="896.0" y1="1114.0" x2="900.0" y2="1318.0" />
      <LineTo flexible="false" x="906.0" y="1713.0" />
      <QuadTo flexible="false" x1="906.0" y1="1749.0" x2="904.5" y2="1791.0" />
      <QuadTo flexible="false" x1="903.0" y1="1833.0" x2="887.0" y2="1867.0" />
      <QuadTo flexible="false" x1="871.0" y1="1901.0" x2="849.0" y2="1927.0" />
      <QuadTo flexible="false" x1="827.0" y1="1953.0" x2="800.0" y2="1952.0" />
      <QuadTo flexible="false" x1="775.0" y1="1952.0" x2="742.0" y2="1914.5" />
      <QuadTo flexible="false" x1="709.0" y1="1877.0" x2="700.5" y2="1823.5" />
      <QuadTo flexible="false" x1="692.0" y1="1770.0" x2="691.5" y2="1753.0" />
      <QuadTo flexible="false" x1="691.0" y1="1736.0" x2="695.0" y2="1693.0" />
      <QuadTo flexible="false" x1="696.0" y1="1678.0" x2="699.0" y2="1609.5" />
      <QuadTo flexible="false" x1="702.0" y1="1541.0" x2="703.0" y2="1524.0" />
      <LineTo flexible="false" x="705.0" y="1409.0" />
      <LineTo flexible="false" x="710.0" y="1154.0" />
      <QuadTo flexible="false" x1="710.0" y1="1108.0" x2="710.5" y2="932.5" />
      <QuadTo flexible="false" x1="711.0" y1="757.0" x2="710.0" y2="708.0" />
      <LineTo flexible="false" x="708.0" y="630.0" />
      <LineTo flexible="false" x="705.0" y="485.0" />
      <LineTo flexible="false" x="701.0" y="374.0" />
      <QuadTo flexible="false" x1="700.0" y1="350.0" x2="695.5" y2="346.0" />
      <LineTo flexible="true" x="910.0" y="314.0" />
    </Outline>
    <Track>
      <MoveTo x="790.0" y="435.0" />
      <MoveTo x="800.0" y="1855.0" />
    </Track>
  </Stroke>
</Word>

