[
  {
    "outline": [
      {
        "type": "M",
        "x": 695.5,
        "y": 346
      },
      {
        "type": "Q",
        "begin": {
          "x": 691,
          "y": 342
        },
        "end": {
          "x": 678,
          "y": 343
        }
      },
      {
        "type": "L",
        "x": 627,
        "y": 347
      },
      {
        "type": "Q",
        "begin": {
          "x": 603,
          "y": 349
        },
        "end": {
          "x": 562.5,
          "y": 355
        }
      },
      {
        "type": "Q",
        "begin": {
          "x": 522,
          "y": 361
        },
        "end": {
          "x": 432.5,
          "y": 376
        }
      },
      {
        "type": "Q",
        "begin": {
          "x": 343,
          "y": 391
        },
        "end": {
          "x": 308,
          "y": 390
        }
      },
      {
        "type": "Q",
        "begin": {
          "x": 264,
          "y": 390
        },
        "end": {
          "x": 243.5,
          "y": 377.5
        }
      },
      {
        "type": "Q",
        "begin": {
          "x": 223,
          "y": 365
        },
        "end": {
          "x": 201,
          "y": 333.5
        }
      },
      {
        "type": "Q",
        "begin": {
          "x": 179,
          "y": 302
        },
        "end": {
          "x": 179,
          "y": 264
        }
      },
      {
        "type": "Q",
        "begin": {
          "x": 179,
          "y": 250
        },
        "end": {
          "x": 189.5,
          "y": 229.5
        }
      },
      {
        "type": "Q",
        "begin": {
          "x": 200,
          "y": 209
        },
        "end": {
          "x": 284,
          "y": 205
        }
      },
      {
        "type": "L",
        "x": 443,
        "y": 198
      },
      {
        "type": "Q",
        "begin": {
          "x": 515,
          "y": 195
        },
        "end": {
          "x": 721,
          "y": 176.5
        }
      },
      {
        "type": "Q",
        "begin": {
          "x": 927,
          "y": 158
        },
        "end": {
          "x": 1185,
          "y": 140
        }
      },
      {
        "type": "L",
        "x": 1367,
        "y": 128
      },
      {
        "type": "Q",
        "begin": {
          "x": 1433,
          "y": 124
        },
        "end": {
          "x": 1462,
          "y": 119
        }
      },
      {
        "type": "Q",
        "begin": {
          "x": 1491,
          "y": 114
        },
        "end": {
          "x": 1526,
          "y": 105.5
        }
      },
      {
        "type": "Q",
        "begin": {
          "x": 1561,
          "y": 97
        },
        "end": {
          "x": 1593,
          "y": 97
        }
      },
      {
        "type": "Q",
        "begin": {
          "x": 1646,
          "y": 99
        },
        "end": {
          "x": 1679.5,
          "y": 112
        }
      },
      {
        "type": "Q",
        "begin": {
          "x": 1713,
          "y": 125
        },
        "end": {
          "x": 1795.5,
          "y": 177.5
        }
      },
      {
        "type": "Q",
        "begin": {
          "x": 1878,
          "y": 230
        },
        "end": {
          "x": 1868,
          "y": 325
        }
      },
      {
        "type": "Q",
        "begin": {
          "x": 1865,
          "y": 345
        },
        "end": {
          "x": 1855,
          "y": 371
        }
      },
      {
        "type": "L",
        "x": 1830,
        "y": 425
      },
      {
        "type": "Q",
        "begin": {
          "x": 1817,
          "y": 452
        },
        "end": {
          "x": 1806.5,
          "y": 481.5
        }
      },
      {
        "type": "Q",
        "begin": {
          "x": 1796,
          "y": 511
        },
        "end": {
          "x": 1761.5,
          "y": 627.5
        }
      },
      {
        "type": "Q",
        "begin": {
          "x": 1727,
          "y": 744
        },
        "end": {
          "x": 1662,
          "y": 937
        }
      },
      {
        "type": "Q",
        "begin": {
          "x": 1597,
          "y": 1130
        },
        "end": {
          "x": 1506,
          "y": 1200
        }
      },
      {
        "type": "Q",
        "begin": {
          "x": 1415,
          "y": 1270
        },
        "end": {
          "x": 1369.5,
          "y": 1290
        }
      },
      {
        "type": "Q",
        "begin": {
          "x": 1324,
          "y": 1310
        },
        "end": {
          "x": 1288,
          "y": 1309
        }
      },
      {
        "type": "Q",
        "begin": {
          "x": 1272,
          "y": 1309
        },
        "end": {
          "x": 1259.5,
          "y": 1302.5
        }
      },
      {
        "type": "Q",
        "begin": {
          "x": 1247,
          "y": 1296
        },
        "end": {
          "x": 1216.5,
          "y": 1247.5
        }
      },
      {
        "type": "Q",
        "begin": {
          "x": 1186,
          "y": 1199
        },
        "end": {
          "x": 1098,
          "y": 1102
        }
      },
      {
        "type": "L",
        "x": 1062,
        "y": 1063
      },
      {
        "type": "Q",
        "begin": {
          "x": 1053,
          "y": 1055
        },
        "end": {
          "x": 1055,
          "y": 1044
        }
      },
      {
        "type": "Q",
        "begin": {
          "x": 1057,
          "y": 1033
        },
        "end": {
          "x": 1076,
          "y": 1041
        }
      },
      {
        "type": "L",
        "x": 1133,
        "y": 1068
      },
      {
        "type": "Q",
        "begin": {
          "x": 1186,
          "y": 1094
        },
        "end": {
          "x": 1246,
          "y": 1094
        }
      },
      {
        "type": "Q",
        "begin": {
          "x": 1334,
          "y": 1096
        },
        "end": {
          "x": 1372.5,
          "y": 1064
        }
      },
      {
        "type": "Q",
        "begin": {
          "x": 1411,
          "y": 1032
        },
        "end": {
          "x": 1436.5,
          "y": 986.5
        }
      },
      {
        "type": "Q",
        "begin": {
          "x": 1462,
          "y": 941
        },
        "end": {
          "x": 1506,
          "y": 823
        }
      },
      {
        "type": "Q",
        "begin": {
          "x": 1550,
          "y": 705
        },
        "end": {
          "x": 1579.5,
          "y": 595
        }
      },
      {
        "type": "Q",
        "begin": {
          "x": 1609,
          "y": 485
        },
        "end": {
          "x": 1614.5,
          "y": 435.5
        }
      },
      {
        "type": "Q",
        "begin": {
          "x": 1620,
          "y": 386
        },
        "end": {
          "x": 1620,
          "y": 363
        }
      },
      {
        "type": "Q",
        "begin": {
          "x": 1619,
          "y": 334
        },
        "end": {
          "x": 1611,
          "y": 321
        }
      },
      {
        "type": "Q",
        "begin": {
          "x": 1603,
          "y": 308
        },
        "end": {
          "x": 1582,
          "y": 294
        }
      },
      {
        "type": "Q",
        "begin": {
          "x": 1561,
          "y": 280
        },
        "end": {
          "x": 1372,
          "y": 284
        }
      },
      {
        "type": "Q",
        "begin": {
          "x": 1089,
          "y": 291
        },
        "end": {
          "x": 910,
          "y": 314
        }
      },
      {
        "type": "L",
        "x": 695.5,
        "y": 346
      }
    ],
    "track": [
      {
        "x": 320,
        "y": 300
      },
      {
        "x": 1675,
        "y": 200
      },
      {
        "x": 1710,
        "y": 280
      },
      {
        "x": 1520,
        "y": 1070
      },
      {
        "x": 1335,
        "y": 1235
      },
      {
        "x": 1170,
        "y": 1120
      }
    ]
  },
  {
    "outline": [
      {
        "type": "M",
        "x": 910,
        "y": 314
      },
      {
        "type": "L",
        "x": 900,
        "y": 845
      },
      {
        "type": "Q",
        "begin": {
          "x": 897,
          "y": 999
        },
        "end": {
          "x": 896.5,
          "y": 1056.5
        }
      },
      {
        "type": "Q",
        "begin": {
          "x": 896,
          "y": 1114
        },
        "end": {
          "x": 900,
          "y": 1318
        }
      },
      {
        "type": "L",
        "x": 906,
        "y": 1713
      },
      {
        "type": "Q",
        "begin": {
          "x": 906,
          "y": 1749
        },
        "end": {
          "x": 904.5,
          "y": 1791
        }
      },
      {
        "type": "Q",
        "begin": {
          "x": 903,
          "y": 1833
        },
        "end": {
          "x": 887,
          "y": 1867
        }
      },
      {
        "type": "Q",
        "begin": {
          "x": 871,
          "y": 1901
        },
        "end": {
          "x": 849,
          "y": 1927
        }
      },
      {
        "type": "Q",
        "begin": {
          "x": 827,
          "y": 1953
        },
        "end": {
          "x": 800,
          "y": 1952
        }
      },
      {
        "type": "Q",
        "begin": {
          "x": 775,
          "y": 1952
        },
        "end": {
          "x": 742,
          "y": 1914.5
        }
      },
      {
        "type": "Q",
        "begin": {
          "x": 709,
          "y": 1877
        },
        "end": {
          "x": 700.5,
          "y": 1823.5
        }
      },
      {
        "type": "Q",
        "begin": {
          "x": 692,
          "y": 1770
        },
        "end": {
          "x": 691.5,
          "y": 1753
        }
      },
      {
        "type": "Q",
        "begin": {
          "x": 691,
          "y": 1736
        },
        "end": {
          "x": 695,
          "y": 1693
        }
      },
      {
        "type": "Q",
        "begin": {
          "x": 696,
          "y": 1678
        },
        "end": {
          "x": 699,
          "y": 1609.5
        }
      },
      {
        "type": "Q",
        "begin": {
          "x": 702,
          "y": 1541
        },
        "end": {
          "x": 703,
          "y": 1524
        }
      },
      {
        "type": "L",
        "x": 705,
        "y": 1409
      },
      {
        "type": "L",
        "x": 710,
        "y": 1154
      },
      {
        "type": "Q",
        "begin": {
          "x": 710,
          "y": 1108
        },
        "end": {
          "x": 710.5,
          "y": 932.5
        }
      },
      {
        "type": "Q",
        "begin": {
          "x": 711,
          "y": 757
        },
        "end": {
          "x": 710,
          "y": 708
        }
      },
      {
        "type": "L",
        "x": 708,
        "y": 630
      },
      {
        "type": "L",
        "x": 705,
        "y": 485
      },
      {
        "type": "L",
        "x": 701,
        "y": 374
      },
      {
        "type": "Q",
        "begin": {
          "x": 700,
          "y": 350
        },
        "end": {
          "x": 695.5,
          "y": 346
        }
      },
      {
        "type": "L",
        "x": 910,
        "y": 314
      }
    ],
    "track": [
      {
        "x": 790,
        "y": 435
      },
      {
        "x": 800,
        "y": 1855
      }
    ]
  }
]
