<?xml version="1.0" encoding="UTF-8"?>
<Word version="1.0">
  <Stroke>
    <Outline>
      <MoveTo x="748.0" y="350.0" />
      <LineTo flexible="false" x="560.0" y="376.0" />
      <QuadTo flexible="false" x1="473.0" y1="388.0" x2="412.5" y2="404.5" />
      <QuadTo flexible="false" x1="352.0" y1="421.0" x2="309.0" y2="436.5" />
      <QuadTo flexible="false" x1="266.0" y1="452.0" x2="257.0" y2="451.0" />
      <QuadTo flexible="false" x1="221.0" y1="451.0" x2="187.0" y2="406.5" />
      <QuadTo flexible="false" x1="153.0" y1="362.0" x2="150.5" y2="352.5" />
      <QuadTo flexible="false" x1="148.0" y1="343.0" x2="148.0" y2="334.0" />
      <QuadTo flexible="false" x1="149.0" y1="306.0" x2="173.0" y2="290.0" />
      <QuadTo flexible="false" x1="197.0" y1="274.0" x2="265.0" y2="267.0" />
      <LineTo flexible="false" x="454.0" y="250.0" />
      <QuadTo flexible="false" x1="479.0" y1="248.0" x2="710.5" y2="222.0" />
      <QuadTo flexible="false" x1="942.0" y1="196.0" x2="1295.0" y2="183.0" />
      <LineTo flexible="false" x="1553.0" y="174.0" />
      <QuadTo flexible="false" x1="1613.0" y1="172.0" x2="1643.0" y2="165.0" />
      <LineTo flexible="false" x="1694.0" y="151.0" />
      <QuadTo flexible="false" x1="1722.0" y1="144.0" x2="1745.0" y2="144.0" />
      <QuadTo flexible="false" x1="1788.0" y1="145.0" x2="1843.0" y2="180.5" />
      <QuadTo flexible="false" x1="1898.0" y1="216.0" x2="1899.0" y2="252.5" />
      <QuadTo flexible="false" x1="1900.0" y1="289.0" x2="1891.0" y2="306.0" />
      <QuadTo flexible="false" x1="1870.0" y1="344.0" x2="1829.0" y2="340.0" />
      <LineTo flexible="false" x="1617.0" y="320.0" />
      <QuadTo flexible="false" x1="1537.0" y1="313.0" x2="1463.0" y2="311.0" />
      <QuadTo flexible="false" x1="1430.0" y1="311.0" x2="1384.5" y2="312.5" />
      <QuadTo flexible="false" x1="1339.0" y1="314.0" x2="1187.5" y2="317.5" />
      <QuadTo flexible="false" x1="1036.0" y1="321.0" x2="860.0" y2="333.0" />
      <LineTo flexible="true" x="748.0" y="350.0" />
    </Outline>
    <Track>
      <MoveTo x="245.0" y="365.0" />
      <MoveTo x="965.0" y="275.0" />
      <MoveTo x="1775.0" y="255.0" />
    </Track>
  </Stroke>
  <Stroke>
    <Outline>
      <MoveTo x="860.0" y="333.0" />
      <QuadTo flexible="false" x1="907.0" y1="389.0" x2="924.0" y2="419.0" />
      <QuadTo flexible="false" x1="941.0" y1="449.0" x2="942.0" y2="465.0" />
      <QuadTo flexible="false" x1="943.0" y1="481.0" x2="939.0" y2="491.0" />
      <QuadTo flexible="false" x1="935.0" y1="499.0" x2="929.0" y2="506.0" />
      <LineTo flexible="false" x="911.0" y="523.0" />
      <QuadTo flexible="false" x1="874.0" y1="558.0" x2="825.5" y2="648.0" />
      <QuadTo flexible="false" x1="777.0" y1="738.0" x2="771.0" y2="751.0" />
      <LineTo flexible="false" x="753.0" y="787.0" />
      <QuadTo flexible="false" x1="743.0" y1="807.0" x2="743.5" y2="817.0" />
      <QuadTo flexible="false" x1="744.0" y1="827.0" x2="751.0" y2="832.5" />
      <QuadTo flexible="false" x1="758.0" y1="838.0" x2="804.0" y2="831.0" />
      <LineTo flexible="false" x="974.0" y="807.0" />
      <QuadTo flexible="false" x1="1029.0" y1="800.0" x2="1129.0" y2="787.5" />
      <QuadTo flexible="false" x1="1229.0" y1="775.0" x2="1275.5" y2="763.5" />
      <QuadTo flexible="false" x1="1322.0" y1="752.0" x2="1343.0" y2="751.0" />
      <QuadTo flexible="false" x1="1382.0" y1="751.0" x2="1451.0" y2="777.0" />
      <QuadTo flexible="false" x1="1520.0" y1="803.0" x2="1549.5" y2="837.5" />
      <QuadTo flexible="false" x1="1579.0" y1="872.0" x2="1590.5" y2="908.5" />
      <QuadTo flexible="false" x1="1602.0" y1="945.0" x2="1598.0" y2="975.0" />
      <QuadTo flexible="false" x1="1596.0" y1="986.0" x2="1593.5" y2="994.0" />
      <QuadTo flexible="false" x1="1591.0" y1="1002.0" x2="1583.0" y2="1023.0" />
      <QuadTo flexible="false" x1="1575.0" y1="1044.0" x2="1569.5" y2="1061.5" />
      <QuadTo flexible="false" x1="1564.0" y1="1079.0" x2="1542.0" y2="1170.0" />
      <LineTo flexible="false" x="1514.0" y="1276.0" />
      <QuadTo flexible="false" x1="1498.0" y1="1334.0" x2="1488.5" y2="1365.5" />
      <QuadTo flexible="false" x1="1479.0" y1="1397.0" x2="1424.0" y2="1530.5" />
      <QuadTo flexible="false" x1="1369.0" y1="1664.0" x2="1251.5" y2="1785.0" />
      <QuadTo flexible="false" x1="1134.0" y1="1906.0" x2="1054.0" y2="1905.0" />
      <QuadTo flexible="false" x1="1032.0" y1="1905.0" x2="1016.5" y2="1897.0" />
      <QuadTo flexible="false" x1="1001.0" y1="1889.0" x2="984.0" y2="1865.0" />
      <LineTo flexible="false" x="956.0" y="1826.0" />
      <QuadTo flexible="false" x1="922.0" y1="1783.0" x2="856.0" y2="1726.0" />
      <LineTo flexible="false" x="815.0" y="1691.0" />
      <QuadTo flexible="false" x1="803.0" y1="1681.0" x2="799.5" y2="1669.0" />
      <QuadTo flexible="false" x1="796.0" y1="1657.0" x2="818.0" y2="1663.0" />
      <LineTo flexible="false" x="865.0" y="1678.0" />
      <QuadTo flexible="false" x1="879.0" y1="1683.0" x2="936.5" y2="1703.0" />
      <QuadTo flexible="false" x1="994.0" y1="1723.0" x2="1020.0" y2="1721.0" />
      <QuadTo flexible="false" x1="1080.0" y1="1717.0" x2="1160.0" y2="1614.5" />
      <QuadTo flexible="false" x1="1240.0" y1="1512.0" x2="1279.0" y2="1427.5" />
      <QuadTo flexible="false" x1="1318.0" y1="1343.0" x2="1339.5" y2="1271.5" />
      <QuadTo flexible="false" x1="1361.0" y1="1200.0" x2="1371.5" y2="1152.0" />
      <QuadTo flexible="false" x1="1382.0" y1="1104.0" x2="1387.5" y2="1051.5" />
      <QuadTo flexible="false" x1="1393.0" y1="999.0" x2="1393.5" y2="975.5" />
      <QuadTo flexible="false" x1="1394.0" y1="952.0" x2="1391.0" y2="939.0" />
      <QuadTo flexible="false" x1="1384.0" y1="919.0" x2="1364.5" y2="906.0" />
      <QuadTo flexible="false" x1="1345.0" y1="893.0" x2="1284.0" y2="895.0" />
      <QuadTo flexible="false" x1="1205.0" y1="899.0" x2="1167.0" y2="903.0" />
      <LineTo flexible="false" x="1038.0" y="918.0" />
      <QuadTo flexible="false" x1="901.0" y1="934.0" x2="814.0" y2="951.5" />
      <QuadTo flexible="false" x1="727.0" y1="969.0" x2="674.0" y2="982.5" />
      <QuadTo flexible="false" x1="621.0" y1="996.0" x2="606.0" y2="996.0" />
      <QuadTo flexible="false" x1="556.0" y1="997.0" x2="528.0" y2="951.5" />
      <QuadTo flexible="false" x1="500.0" y1="906.0" x2="501.0" y2="862.0" />
      <QuadTo flexible="false" x1="501.0" y1="844.0" x2="506.0" y2="832.5" />
      <QuadTo flexible="false" x1="511.0" y1="821.0" x2="523.0" y2="810.0" />
      <LineTo flexible="false" x="557.0" y="783.0" />
      <QuadTo flexible="false" x1="576.0" y1="767.0" x2="613.5" y2="719.0" />
      <QuadTo flexible="false" x1="651.0" y1="671.0" x2="692.5" y2="600.0" />
      <QuadTo flexible="false" x1="734.0" y1="529.0" x2="742.5" y2="498.0" />
      <QuadTo flexible="false" x1="751.0" y1="467.0" x2="754.0" y2="448.0" />
      <QuadTo flexible="false" x1="757.0" y1="429.0" x2="757.5" y2="417.0" />
      <QuadTo flexible="false" x1="758.0" y1="405.0" x2="757.0" y2="392.0" />
      <QuadTo flexible="false" x1="755.0" y1="373.0" x2="748.0" y2="350.0" />
      <LineTo flexible="true" x="860.0" y="333.0" />
    </Outline>
    <Track>
      <MoveTo x="835.0" y="430.0" />
      <MoveTo x="610.0" y="890.0" />
      <MoveTo x="1385.0" y="830.0" />
      <MoveTo x="1490.0" y="915.0" />
      <MoveTo x="1380.0" y="1445.0" />
      <MoveTo x="1100.0" y="1830.0" />
      <MoveTo x="900.0" y="1730.0" />
    </Track>
  </Stroke>
</Word>

