<?xml version="1.0" encoding="UTF-8"?>
<Word version="1.0">
  <Stroke>
    <Outline>
      <MoveTo x="1003.0" y="1920.0" />
      <LineTo flexible="false" x="1088.0" y="1835.0" />
      <QuadTo flexible="false" x1="1212.0" y1="1711.0" x2="1278.5" y2="1621.5" />
      <QuadTo flexible="false" x1="1345.0" y1="1532.0" x2="1404.5" y2="1442.0" />
      <QuadTo flexible="false" x1="1464.0" y1="1352.0" x2="1485.5" y2="1314.0" />
      <QuadTo flexible="false" x1="1507.0" y1="1276.0" x2="1548.5" y2="1195.5" />
      <QuadTo flexible="false" x1="1590.0" y1="1115.0" x2="1605.0" y2="1078.0" />
      <LineTo flexible="false" x="1630.0" y="1012.0" />
      <QuadTo flexible="false" x1="1643.0" y1="977.0" x2="1641.5" y2="958.5" />
      <QuadTo flexible="false" x1="1640.0" y1="940.0" x2="1630.0" y2="932.0" />
      <QuadTo flexible="false" x1="1620.0" y1="924.0" x2="1585.0" y2="925.0" />
      <LineTo flexible="false" x="1441.0" y="932.0" />
      <QuadTo flexible="false" x1="1212.0" y1="944.0" x2="935.5" y2="975.0" />
      <QuadTo flexible="false" x1="659.0" y1="1006.0" x2="550.0" y2="1026.0" />
      <QuadTo flexible="false" x1="441.0" y1="1046.0" x2="380.0" y2="1064.0" />
      <QuadTo flexible="false" x1="319.0" y1="1082.0" x2="302.0" y2="1082.0" />
      <QuadTo flexible="false" x1="247.0" y1="1084.0" x2="182.5" y2="1022.0" />
      <QuadTo flexible="false" x1="118.0" y1="960.0" x2="120.0" y2="925.0" />
      <QuadTo flexible="false" x1="120.0" y1="918.0" x2="125.0" y2="907.0" />
      <LineTo flexible="false" x="140.0" y="874.0" />
      <QuadTo flexible="false" x1="148.0" y1="854.0" x2="158.0" y2="795.5" />
      <QuadTo flexible="false" x1="168.0" y1="737.0" x2="172.0" y2="706.5" />
      <QuadTo flexible="false" x1="176.0" y1="676.0" x2="181.5" y2="615.0" />
      <QuadTo flexible="false" x1="187.0" y1="554.0" x2="189.0" y2="505.0" />
      <LineTo flexible="false" x="196.0" y="317.0" />
      <QuadTo flexible="false" x1="196.0" y1="315.0" x2="191.5" y2="245.0" />
      <QuadTo flexible="false" x1="187.0" y1="175.0" x2="188.0" y2="155.0" />
      <QuadTo flexible="false" x1="189.0" y1="85.0" x2="240.0" y2="81.0" />
      <QuadTo flexible="false" x1="287.0" y1="78.0" x2="336.0" y2="109.5" />
      <QuadTo flexible="false" x1="385.0" y1="141.0" x2="399.0" y2="164.0" />
      <QuadTo flexible="false" x1="413.0" y1="187.0" x2="413.5" y2="206.5" />
      <QuadTo flexible="false" x1="414.0" y1="226.0" x2="409.0" y2="254.0" />
      <QuadTo flexible="false" x1="392.0" y1="339.0" x2="387.5" y2="372.5" />
      <QuadTo flexible="false" x1="383.0" y1="406.0" x2="377.0" y2="468.5" />
      <QuadTo flexible="false" x1="371.0" y1="531.0" x2="369.0" y2="570.0" />
      <LineTo flexible="false" x="355.0" y="808.0" />
      <QuadTo flexible="false" x1="352.0" y1="845.0" x2="363.0" y2="860.0" />
      <QuadTo flexible="false" x1="374.0" y1="875.0" x2="457.0" y2="865.0" />
      <LineTo flexible="false" x="610.0" y="848.0" />
      <QuadTo flexible="false" x1="902.0" y1="816.0" x2="1071.0" y2="794.0" />
      <LineTo flexible="false" x="1267.0" y="769.0" />
      <QuadTo flexible="false" x1="1515.0" y1="738.0" x2="1618.0" y2="709.5" />
      <QuadTo flexible="false" x1="1721.0" y1="681.0" x2="1735.0" y2="680.0" />
      <QuadTo flexible="false" x1="1787.0" y1="679.0" x2="1855.5" y2="754.5" />
      <QuadTo flexible="false" x1="1924.0" y1="830.0" x2="1926.0" y2="873.0" />
      <QuadTo flexible="false" x1="1928.0" y1="916.0" x2="1923.0" y2="929.0" />
      <QuadTo flexible="false" x1="1920.0" y1="935.0" x2="1916.0" y2="941.0" />
      <LineTo flexible="false" x="1878.0" y="986.0" />
      <QuadTo flexible="false" x1="1865.0" y1="1001.0" x2="1848.5" y2="1027.0" />
      <QuadTo flexible="false" x1="1832.0" y1="1053.0" x2="1821.5" y2="1071.5" />
      <QuadTo flexible="false" x1="1811.0" y1="1090.0" x2="1739.5" y2="1221.0" />
      <QuadTo flexible="false" x1="1668.0" y1="1352.0" x2="1546.5" y2="1512.0" />
      <QuadTo flexible="false" x1="1425.0" y1="1672.0" x2="1353.5" y2="1734.0" />
      <QuadTo flexible="false" x1="1282.0" y1="1796.0" x2="1202.0" y2="1854.0" />
      <QuadTo flexible="false" x1="1122.0" y1="1912.0" x2="1059.0" y2="1940.0" />
      <LineTo flexible="false" x="1008.0" y="1963.0" />
      <QuadTo flexible="false" x1="997.0" y1="1968.0" x2="989.0" y2="1968.5" />
      <QuadTo flexible="false" x1="981.0" y1="1969.0" x2="978.5" y2="1967.0" />
      <QuadTo flexible="false" x1="976.0" y1="1965.0" x2="974.5" y2="1961.5" />
      <QuadTo flexible="false" x1="973.0" y1="1958.0" x2="972.5" y2="1954.5" />
      <QuadTo flexible="false" x1="972.0" y1="1951.0" x2="1003.0" y2="1920.0" />
    </Outline>
    <Track>
      <MoveTo x="295.0" y="185.0" />
      <MoveTo x="235.0" y="975.0" />
      <MoveTo x="1755.0" y="800.0" />
      <MoveTo x="1795.0" y="910.0" />
      <MoveTo x="1465.0" y="1505.0" />
      <MoveTo x="1110.0" y="1870.0" />
    </Track>
  </Stroke>
</Word>

