<?xml version="1.0" encoding="UTF-8"?>
<Word version="1.0">
  <Stroke>
    <Outline>
      <MoveTo x="807.0" y="768.0" />
      <LineTo flexible="false" x="568.0" y="793.0" />
      <QuadTo flexible="false" x1="504.0" y1="800.0" x2="457.0" y2="809.0" />
      <QuadTo flexible="false" x1="410.0" y1="818.0" x2="378.5" y2="827.0" />
      <QuadTo flexible="false" x1="347.0" y1="836.0" x2="332.0" y2="834.0" />
      <QuadTo flexible="false" x1="283.0" y1="830.0" x2="257.0" y2="799.0" />
      <QuadTo flexible="false" x1="231.0" y1="768.0" x2="227.5" y2="753.0" />
      <QuadTo flexible="false" x1="224.0" y1="738.0" x2="225.0" y2="722.0" />
      <QuadTo flexible="false" x1="226.0" y1="703.0" x2="234.0" y2="689.5" />
      <QuadTo flexible="false" x1="242.0" y1="676.0" x2="288.0" y2="624.0" />
      <QuadTo flexible="false" x1="334.0" y1="572.0" x2="362.0" y2="530.0" />
      <QuadTo flexible="false" x1="390.0" y1="488.0" x2="420.0" y2="436.5" />
      <QuadTo flexible="false" x1="450.0" y1="385.0" x2="469.5" y2="345.0" />
      <QuadTo flexible="false" x1="489.0" y1="305.0" x2="506.5" y2="255.5" />
      <QuadTo flexible="false" x1="524.0" y1="206.0" x2="530.0" y2="185.0" />
      <LineTo flexible="false" x="542.0" y="139.0" />
      <QuadTo flexible="false" x1="552.0" y1="108.0" x2="578.0" y2="107.0" />
      <QuadTo flexible="false" x1="599.0" y1="107.0" x2="658.5" y2="156.5" />
      <QuadTo flexible="false" x1="718.0" y1="206.0" x2="731.0" y2="229.5" />
      <QuadTo flexible="false" x1="744.0" y1="253.0" x2="744.0" y2="268.0" />
      <QuadTo flexible="false" x1="742.0" y1="299.0" x2="682.0" y2="371.0" />
      <LineTo flexible="false" x="544.0" y="535.0" />
      <QuadTo flexible="false" x1="485.0" y1="605.0" x2="463.0" y2="628.0" />
      <QuadTo flexible="false" x1="441.0" y1="651.0" x2="445.0" y2="662.0" />
      <QuadTo flexible="false" x1="451.0" y1="685.0" x2="508.0" y2="677.0" />
      <LineTo flexible="false" x="676.0" y="655.0" />
      <QuadTo flexible="false" x1="957.0" y1="619.0" x2="1166.0" y2="602.0" />
      <LineTo flexible="false" x="1424.0" y="582.0" />
      <QuadTo flexible="false" x1="1500.0" y1="577.0" x2="1556.5" y2="562.5" />
      <QuadTo flexible="false" x1="1613.0" y1="548.0" x2="1629.0" y2="548.0" />
      <QuadTo flexible="false" x1="1676.0" y1="550.0" x2="1721.5" y2="596.5" />
      <QuadTo flexible="false" x1="1767.0" y1="643.0" x2="1795.5" y2="683.5" />
      <QuadTo flexible="false" x1="1824.0" y1="724.0" x2="1822.0" y2="753.0" />
      <QuadTo flexible="false" x1="1821.0" y1="763.0" x2="1818.5" y2="768.5" />
      <QuadTo flexible="false" x1="1816.0" y1="774.0" x2="1801.5" y2="802.0" />
      <QuadTo flexible="false" x1="1787.0" y1="830.0" x2="1771.0" y2="893.0" />
      <LineTo flexible="false" x="1747.0" y="984.0" />
      <QuadTo flexible="false" x1="1703.0" y1="1148.0" x2="1663.0" y2="1259.5" />
      <QuadTo flexible="false" x1="1623.0" y1="1371.0" x2="1599.0" y2="1428.0" />
      <QuadTo flexible="false" x1="1575.0" y1="1485.0" x2="1529.5" y2="1578.5" />
      <QuadTo flexible="false" x1="1484.0" y1="1672.0" x2="1421.5" y2="1744.5" />
      <QuadTo flexible="false" x1="1359.0" y1="1817.0" x2="1256.0" y2="1881.5" />
      <QuadTo flexible="false" x1="1153.0" y1="1946.0" x2="1093.0" y2="1943.0" />
      <QuadTo flexible="false" x1="1059.0" y1="1942.0" x2="1042.5" y2="1927.0" />
      <QuadTo flexible="false" x1="1026.0" y1="1912.0" x2="1017.0" y2="1897.5" />
      <QuadTo flexible="false" x1="1008.0" y1="1883.0" x2="984.0" y2="1834.0" />
      <QuadTo flexible="false" x1="960.0" y1="1785.0" x2="930.5" y2="1747.5" />
      <QuadTo flexible="false" x1="901.0" y1="1710.0" x2="881.0" y2="1690.0" />
      <LineTo flexible="false" x="853.0" y="1663.0" />
      <QuadTo flexible="false" x1="846.0" y1="1658.0" x2="844.0" y2="1652.5" />
      <QuadTo flexible="false" x1="842.0" y1="1647.0" x2="843.0" y2="1640.5" />
      <QuadTo flexible="false" x1="844.0" y1="1634.0" x2="862.0" y2="1641.0" />
      <LineTo flexible="false" x="901.0" y="1660.0" />
      <QuadTo flexible="false" x1="1024.0" y1="1721.0" x2="1098.0" y2="1723.0" />
      <QuadTo flexible="false" x1="1184.0" y1="1727.0" x2="1235.5" y2="1672.5" />
      <QuadTo flexible="false" x1="1287.0" y1="1618.0" x2="1370.0" y2="1489.5" />
      <QuadTo flexible="false" x1="1453.0" y1="1361.0" x2="1512.5" y2="1172.0" />
      <QuadTo flexible="false" x1="1572.0" y1="983.0" x2="1585.5" y2="909.5" />
      <QuadTo flexible="false" x1="1599.0" y1="836.0" x2="1602.0" y2="809.0" />
      <QuadTo flexible="false" x1="1605.0" y1="782.0" x2="1605.5" y2="760.5" />
      <QuadTo flexible="false" x1="1606.0" y1="739.0" x2="1600.0" y2="726.0" />
      <QuadTo flexible="false" x1="1575.0" y1="683.0" x2="1443.0" y2="693.0" />
      <LineTo flexible="false" x="935.0" y="733.0" />
      <QuadTo flexible="true" x1="881.0" y1="750.5" x2="807.0" y2="768.0" />
    </Outline>
    <Track>
      <MoveTo x="610.0" y="225.0" />
      <MoveTo x="300.0" y="745.0" />
      <MoveTo x="1665.0" y="620.0" />
      <MoveTo x="1710.0" y="705.0" />
      <MoveTo x="1510.0" y="1440.0" />
      <MoveTo x="1140.0" y="1885.0" />
      <MoveTo x="950.0" y="1725.0" />
    </Track>
  </Stroke>
  <Stroke>
    <Outline>
      <MoveTo x="935.0" y="733.0" />
      <QuadTo flexible="false" x1="999.0" y1="781.0" x2="1010.0" y2="791.5" />
      <QuadTo flexible="false" x1="1021.0" y1="802.0" x2="1028.5" y2="819.0" />
      <QuadTo flexible="false" x1="1036.0" y1="836.0" x2="1037.5" y2="852.5" />
      <QuadTo flexible="false" x1="1039.0" y1="869.0" x2="1033.0" y2="890.0" />
      <QuadTo flexible="false" x1="1017.0" y1="946.0" x2="968.5" y2="1030.5" />
      <QuadTo flexible="false" x1="920.0" y1="1115.0" x2="837.0" y2="1244.5" />
      <QuadTo flexible="false" x1="754.0" y1="1374.0" x2="590.5" y2="1528.5" />
      <QuadTo flexible="false" x1="427.0" y1="1683.0" x2="324.0" y2="1737.0" />
      <LineTo flexible="false" x="278.0" y="1761.0" />
      <QuadTo flexible="false" x1="256.0" y1="1773.0" x2="248.5" y2="1771.0" />
      <QuadTo flexible="false" x1="241.0" y1="1769.0" x2="237.5" y2="1763.0" />
      <QuadTo flexible="false" x1="234.0" y1="1757.0" x2="237.5" y2="1750.0" />
      <QuadTo flexible="false" x1="241.0" y1="1743.0" x2="258.0" y2="1723.0" />
      <LineTo flexible="false" x="291.0" y="1683.0" />
      <LineTo flexible="false" x="350.0" y="1615.0" />
      <QuadTo flexible="false" x1="393.0" y1="1564.0" x2="416.5" y2="1533.0" />
      <QuadTo flexible="false" x1="440.0" y1="1502.0" x2="523.0" y2="1386.5" />
      <QuadTo flexible="false" x1="606.0" y1="1271.0" x2="645.0" y2="1213.0" />
      <QuadTo flexible="false" x1="684.0" y1="1155.0" x2="718.0" y2="1092.5" />
      <QuadTo flexible="false" x1="752.0" y1="1030.0" x2="780.0" y2="971.5" />
      <QuadTo flexible="false" x1="808.0" y1="913.0" x2="824.5" y2="872.0" />
      <QuadTo flexible="false" x1="841.0" y1="831.0" x2="847.0" y2="818.0" />
      <QuadTo flexible="false" x1="853.0" y1="805.0" x2="850.5" y2="784.5" />
      <QuadTo flexible="false" x1="848.0" y1="764.0" x2="807.0" y2="768.0" />
      <LineTo flexible="true" x="935.0" y="733.0" />
    </Outline>
    <Track>
      <MoveTo x="930.0" y="800.0" />
      <MoveTo x="645.0" y="1375.0" />
      <MoveTo x="350.0" y="1675.0" />
    </Track>
  </Stroke>
</Word>

