<?xml version="1.0" encoding="UTF-8"?>
<Word version="1.0">
  <Stroke>
    <Outline>
      <MoveTo x="768.0" y="1686.0" />
      <LineTo flexible="false" x="728.0" y="1640.0" />
      <QuadTo flexible="false" x1="717.0" y1="1630.0" x2="720.0" y2="1626.0" />
      <QuadTo flexible="false" x1="723.0" y1="1622.0" x2="733.0" y2="1626.0" />
      <LineTo flexible="false" x="794.0" y="1655.0" />
      <QuadTo flexible="false" x1="927.0" y1="1721.0" x2="958.5" y2="1730.5" />
      <QuadTo flexible="false" x1="990.0" y1="1740.0" x2="1024.0" y2="1739.0" />
      <QuadTo flexible="false" x1="1095.0" y1="1737.0" x2="1162.0" y2="1684.5" />
      <QuadTo flexible="false" x1="1229.0" y1="1632.0" x2="1333.5" y2="1476.0" />
      <QuadTo flexible="false" x1="1438.0" y1="1320.0" x2="1503.5" y2="1156.5" />
      <QuadTo flexible="false" x1="1569.0" y1="993.0" x2="1588.0" y2="919.0" />
      <LineTo flexible="false" x="1602.0" y="860.0" />
      <QuadTo flexible="false" x1="1607.0" y1="840.0" x2="1609.5" y2="828.0" />
      <QuadTo flexible="false" x1="1612.0" y1="816.0" x2="1611.0" y2="803.0" />
      <QuadTo flexible="false" x1="1609.0" y1="780.0" x2="1587.0" y2="754.5" />
      <QuadTo flexible="false" x1="1565.0" y1="729.0" x2="1510.0" y2="734.0" />
      <LineTo flexible="false" x="1301.0" y="754.0" />
      <LineTo flexible="false" x="1060.0" y="780.0" />
      <LineTo flexible="false" x="830.0" y="803.0" />
      <QuadTo flexible="false" x1="578.0" y1="830.0" x2="455.0" y2="851.0" />
      <QuadTo flexible="false" x1="332.0" y1="872.0" x2="321.0" y2="871.0" />
      <QuadTo flexible="false" x1="272.0" y1="870.0" x2="248.0" y2="829.5" />
      <QuadTo flexible="false" x1="224.0" y1="789.0" x2="224.0" y2="742.0" />
      <QuadTo flexible="false" x1="224.0" y1="718.0" x2="230.0" y2="705.5" />
      <QuadTo flexible="false" x1="236.0" y1="693.0" x2="263.5" y2="670.5" />
      <QuadTo flexible="false" x1="291.0" y1="648.0" x2="311.5" y2="627.5" />
      <QuadTo flexible="false" x1="332.0" y1="607.0" x2="399.0" y2="523.5" />
      <QuadTo flexible="false" x1="466.0" y1="440.0" x2="507.0" y2="363.5" />
      <QuadTo flexible="false" x1="548.0" y1="287.0" x2="557.5" y2="266.0" />
      <QuadTo flexible="false" x1="567.0" y1="245.0" x2="592.5" y2="183.0" />
      <QuadTo flexible="false" x1="618.0" y1="121.0" x2="624.5" y2="114.0" />
      <QuadTo flexible="false" x1="631.0" y1="107.0" x2="641.0" y2="105.0" />
      <QuadTo flexible="false" x1="653.0" y1="104.0" x2="706.0" y2="127.0" />
      <QuadTo flexible="false" x1="759.0" y1="150.0" x2="782.0" y2="175.5" />
      <QuadTo flexible="false" x1="805.0" y1="201.0" x2="805.5" y2="211.5" />
      <QuadTo flexible="false" x1="806.0" y1="222.0" x2="794.0" y2="244.0" />
      <LineTo flexible="false" x="774.0" y="282.0" />
      <QuadTo flexible="false" x1="760.0" y1="307.0" x2="715.0" y2="376.0" />
      <QuadTo flexible="false" x1="670.0" y1="445.0" x2="601.0" y2="528.0" />
      <LineTo flexible="false" x="534.0" y="608.0" />
      <QuadTo flexible="false" x1="518.0" y1="627.0" x2="509.0" y2="637.0" />
      <QuadTo flexible="false" x1="500.0" y1="647.0" x2="498.0" y2="652.5" />
      <QuadTo flexible="false" x1="496.0" y1="658.0" x2="495.5" y2="664.5" />
      <QuadTo flexible="false" x1="495.0" y1="671.0" x2="508.0" y2="680.0" />
      <QuadTo flexible="false" x1="521.0" y1="689.0" x2="554.0" y2="686.0" />
      <QuadTo flexible="false" x1="576.0" y1="685.0" x2="672.0" y2="675.0" />
      <QuadTo flexible="false" x1="768.0" y1="665.0" x2="1145.0" y2="632.0" />
      <LineTo flexible="false" x="1412.0" y="609.0" />
      <QuadTo flexible="false" x1="1551.0" y1="598.0" x2="1586.0" y2="589.0" />
      <QuadTo flexible="false" x1="1621.0" y1="580.0" x2="1628.0" y2="580.0" />
      <QuadTo flexible="false" x1="1640.0" y1="581.0" x2="1652.0" y2="587.5" />
      <QuadTo flexible="false" x1="1664.0" y1="594.0" x2="1694.0" y2="621.0" />
      <QuadTo flexible="false" x1="1724.0" y1="648.0" x2="1736.0" y2="662.0" />
      <QuadTo flexible="false" x1="1748.0" y1="676.0" x2="1774.5" y2="709.0" />
      <QuadTo flexible="false" x1="1801.0" y1="742.0" x2="1811.5" y2="758.5" />
      <QuadTo flexible="false" x1="1822.0" y1="775.0" x2="1822.5" y2="791.5" />
      <QuadTo flexible="false" x1="1823.0" y1="808.0" x2="1814.0" y2="832.0" />
      <QuadTo flexible="false" x1="1792.0" y1="891.0" x2="1785.0" y2="912.0" />
      <LineTo flexible="false" x="1762.0" y="981.0" />
      <LineTo flexible="false" x="1709.0" y="1135.0" />
      <QuadTo flexible="false" x1="1693.0" y1="1182.0" x2="1651.0" y2="1282.0" />
      <QuadTo flexible="false" x1="1609.0" y1="1382.0" x2="1565.5" y2="1475.5" />
      <QuadTo flexible="false" x1="1522.0" y1="1569.0" x2="1451.0" y2="1674.5" />
      <QuadTo flexible="false" x1="1380.0" y1="1780.0" x2="1271.5" y2="1851.0" />
      <QuadTo flexible="false" x1="1163.0" y1="1922.0" x2="1109.0" y2="1932.5" />
      <QuadTo flexible="false" x1="1055.0" y1="1943.0" x2="1016.0" y2="1943.0" />
      <QuadTo flexible="false" x1="961.0" y1="1945.0" x2="940.5" y2="1926.5" />
      <QuadTo flexible="false" x1="920.0" y1="1908.0" x2="889.5" y2="1855.5" />
      <QuadTo flexible="false" x1="859.0" y1="1803.0" x2="836.0" y2="1771.0" />
      <QuadTo flexible="false" x1="813.0" y1="1739.0" x2="768.0" y2="1686.0" />
    </Outline>
    <Track>
      <MoveTo x="680.0" y="205.0" />
      <MoveTo x="315.0" y="770.0" />
      <MoveTo x="1590.0" y="670.0" />
      <MoveTo x="1720.0" y="785.0" />
      <MoveTo x="1330.0" y="1675.0" />
      <MoveTo x="1025.0" y="1860.0" />
      <MoveTo x="840.0" y="1720.0" />
    </Track>
  </Stroke>
</Word>

