[
  {
    "outline": [
      {
        "type": "M",
        "x": 807,
        "y": 768
      },
      {
        "type": "L",
        "x": 568,
        "y": 793
      },
      {
        "type": "Q",
        "begin": {
          "x": 504,
          "y": 800
        },
        "end": {
          "x": 457,
          "y": 809
        }
      },
      {
        "type": "Q",
        "begin": {
          "x": 410,
          "y": 818
        },
        "end": {
          "x": 378.5,
          "y": 827
        }
      },
      {
        "type": "Q",
        "begin": {
          "x": 347,
          "y": 836
        },
        "end": {
          "x": 332,
          "y": 834
        }
      },
      {
        "type": "Q",
        "begin": {
          "x": 283,
          "y": 830
        },
        "end": {
          "x": 257,
          "y": 799
        }
      },
      {
        "type": "Q",
        "begin": {
          "x": 231,
          "y": 768
        },
        "end": {
          "x": 227.5,
          "y": 753
        }
      },
      {
        "type": "Q",
        "begin": {
          "x": 224,
          "y": 738
        },
        "end": {
          "x": 225,
          "y": 722
        }
      },
      {
        "type": "Q",
        "begin": {
          "x": 226,
          "y": 703
        },
        "end": {
          "x": 234,
          "y": 689.5
        }
      },
      {
        "type": "Q",
        "begin": {
          "x": 242,
          "y": 676
        },
        "end": {
          "x": 288,
          "y": 624
        }
      },
      {
        "type": "Q",
        "begin": {
          "x": 334,
          "y": 572
        },
        "end": {
          "x": 362,
          "y": 530
        }
      },
      {
        "type": "Q",
        "begin": {
          "x": 390,
          "y": 488
        },
        "end": {
          "x": 420,
          "y": 436.5
        }
      },
      {
        "type": "Q",
        "begin": {
          "x": 450,
          "y": 385
        },
        "end": {
          "x": 469.5,
          "y": 345
        }
      },
      {
        "type": "Q",
        "begin": {
          "x": 489,
          "y": 305
        },
        "end": {
          "x": 506.5,
          "y": 255.5
        }
      },
      {
        "type": "Q",
        "begin": {
          "x": 524,
          "y": 206
        },
        "end": {
          "x": 530,
          "y": 185
        }
      },
      {
        "type": "L",
        "x": 542,
        "y": 139
      },
      {
        "type": "Q",
        "begin": {
          "x": 552,
          "y": 108
        },
        "end": {
          "x": 578,
          "y": 107
        }
      },
      {
        "type": "Q",
        "begin": {
          "x": 599,
          "y": 107
        },
        "end": {
          "x": 658.5,
          "y": 156.5
        }
      },
      {
        "type": "Q",
        "begin": {
          "x": 718,
          "y": 206
        },
        "end": {
          "x": 731,
          "y": 229.5
        }
      },
      {
        "type": "Q",
        "begin": {
          "x": 744,
          "y": 253
        },
        "end": {
          "x": 744,
          "y": 268
        }
      },
      {
        "type": "Q",
        "begin": {
          "x": 742,
          "y": 299
        },
        "end": {
          "x": 682,
          "y": 371
        }
      },
      {
        "type": "L",
        "x": 544,
        "y": 535
      },
      {
        "type": "Q",
        "begin": {
          "x": 485,
          "y": 605
        },
        "end": {
          "x": 463,
          "y": 628
        }
      },
      {
        "type": "Q",
        "begin": {
          "x": 441,
          "y": 651
        },
        "end": {
          "x": 445,
          "y": 662
        }
      },
      {
        "type": "Q",
        "begin": {
          "x": 451,
          "y": 685
        },
        "end": {
          "x": 508,
          "y": 677
        }
      },
      {
        "type": "L",
        "x": 676,
        "y": 655
      },
      {
        "type": "Q",
        "begin": {
          "x": 957,
          "y": 619
        },
        "end": {
          "x": 1166,
          "y": 602
        }
      },
      {
        "type": "L",
        "x": 1424,
        "y": 582
      },
      {
        "type": "Q",
        "begin": {
          "x": 1500,
          "y": 577
        },
        "end": {
          "x": 1556.5,
          "y": 562.5
        }
      },
      {
        "type": "Q",
        "begin": {
          "x": 1613,
          "y": 548
        },
        "end": {
          "x": 1629,
          "y": 548
        }
      },
      {
        "type": "Q",
        "begin": {
          "x": 1676,
          "y": 550
        },
        "end": {
          "x": 1721.5,
          "y": 596.5
        }
      },
      {
        "type": "Q",
        "begin": {
          "x": 1767,
          "y": 643
        },
        "end": {
          "x": 1795.5,
          "y": 683.5
        }
      },
      {
        "type": "Q",
        "begin": {
          "x": 1824,
          "y": 724
        },
        "end": {
          "x": 1822,
          "y": 753
        }
      },
      {
        "type": "Q",
        "begin": {
          "x": 1821,
          "y": 763
        },
        "end": {
          "x": 1818.5,
          "y": 768.5
        }
      },
      {
        "type": "Q",
        "begin": {
          "x": 1816,
          "y": 774
        },
        "end": {
          "x": 1801.5,
          "y": 802
        }
      },
      {
        "type": "Q",
        "begin": {
          "x": 1787,
          "y": 830
        },
        "end": {
          "x": 1771,
          "y": 893
        }
      },
      {
        "type": "L",
        "x": 1747,
        "y": 984
      },
      {
        "type": "Q",
        "begin": {
          "x": 1703,
          "y": 1148
        },
        "end": {
          "x": 1663,
          "y": 1259.5
        }
      },
      {
        "type": "Q",
        "begin": {
          "x": 1623,
          "y": 1371
        },
        "end": {
          "x": 1599,
          "y": 1428
        }
      },
      {
        "type": "Q",
        "begin": {
          "x": 1575,
          "y": 1485
        },
        "end": {
          "x": 1529.5,
          "y": 1578.5
        }
      },
      {
        "type": "Q",
        "begin": {
          "x": 1484,
          "y": 1672
        },
        "end": {
          "x": 1421.5,
          "y": 1744.5
        }
      },
      {
        "type": "Q",
        "begin": {
          "x": 1359,
          "y": 1817
        },
        "end": {
          "x": 1256,
          "y": 1881.5
        }
      },
      {
        "type": "Q",
        "begin": {
          "x": 1153,
          "y": 1946
        },
        "end": {
          "x": 1093,
          "y": 1943
        }
      },
      {
        "type": "Q",
        "begin": {
          "x": 1059,
          "y": 1942
        },
        "end": {
          "x": 1042.5,
          "y": 1927
        }
      },
      {
        "type": "Q",
        "begin": {
          "x": 1026,
          "y": 1912
        },
        "end": {
          "x": 1017,
          "y": 1897.5
        }
      },
      {
        "type": "Q",
        "begin": {
          "x": 1008,
          "y": 1883
        },
        "end": {
          "x": 984,
          "y": 1834
        }
      },
      {
        "type": "Q",
        "begin": {
          "x": 960,
          "y": 1785
        },
        "end": {
          "x": 930.5,
          "y": 1747.5
        }
      },
      {
        "type": "Q",
        "begin": {
          "x": 901,
          "y": 1710
        },
        "end": {
          "x": 881,
          "y": 1690
        }
      },
      {
        "type": "L",
        "x": 853,
        "y": 1663
      },
      {
        "type": "Q",
        "begin": {
          "x": 846,
          "y": 1658
        },
        "end": {
          "x": 844,
          "y": 1652.5
        }
      },
      {
        "type": "Q",
        "begin": {
          "x": 842,
          "y": 1647
        },
        "end": {
          "x": 843,
          "y": 1640.5
        }
      },
      {
        "type": "Q",
        "begin": {
          "x": 844,
          "y": 1634
        },
        "end": {
          "x": 862,
          "y": 1641
        }
      },
      {
        "type": "L",
        "x": 901,
        "y": 1660
      },
      {
        "type": "Q",
        "begin": {
          "x": 1024,
          "y": 1721
        },
        "end": {
          "x": 1098,
          "y": 1723
        }
      },
      {
        "type": "Q",
        "begin": {
          "x": 1184,
          "y": 1727
        },
        "end": {
          "x": 1235.5,
          "y": 1672.5
        }
      },
      {
        "type": "Q",
        "begin": {
          "x": 1287,
          "y": 1618
        },
        "end": {
          "x": 1370,
          "y": 1489.5
        }
      },
      {
        "type": "Q",
        "begin": {
          "x": 1453,
          "y": 1361
        },
        "end": {
          "x": 1512.5,
          "y": 1172
        }
      },
      {
        "type": "Q",
        "begin": {
          "x": 1572,
          "y": 983
        },
        "end": {
          "x": 1585.5,
          "y": 909.5
        }
      },
      {
        "type": "Q",
        "begin": {
          "x": 1599,
          "y": 836
        },
        "end": {
          "x": 1602,
          "y": 809
        }
      },
      {
        "type": "Q",
        "begin": {
          "x": 1605,
          "y": 782
        },
        "end": {
          "x": 1605.5,
          "y": 760.5
        }
      },
      {
        "type": "Q",
        "begin": {
          "x": 1606,
          "y": 739
        },
        "end": {
          "x": 1600,
          "y": 726
        }
      },
      {
        "type": "Q",
        "begin": {
          "x": 1575,
          "y": 683
        },
        "end": {
          "x": 1443,
          "y": 693
        }
      },
      {
        "type": "L",
        "x": 935,
        "y": 733
      },
      {
        "type": "Q",
        "begin": {
          "x": 881,
          "y": 750.5
        },
        "end": {
          "x": 807,
          "y": 768
        }
      }
    ],
    "track": [
      {
        "x": 610,
        "y": 225
      },
      {
        "x": 300,
        "y": 745
      },
      {
        "x": 1665,
        "y": 620
      },
      {
        "x": 1710,
        "y": 705
      },
      {
        "x": 1510,
        "y": 1440
      },
      {
        "x": 1140,
        "y": 1885
      },
      {
        "x": 950,
        "y": 1725
      }
    ]
  },
  {
    "outline": [
      {
        "type": "M",
        "x": 935,
        "y": 733
      },
      {
        "type": "Q",
        "begin": {
          "x": 999,
          "y": 781
        },
        "end": {
          "x": 1010,
          "y": 791.5
        }
      },
      {
        "type": "Q",
        "begin": {
          "x": 1021,
          "y": 802
        },
        "end": {
          "x": 1028.5,
          "y": 819
        }
      },
      {
        "type": "Q",
        "begin": {
          "x": 1036,
          "y": 836
        },
        "end": {
          "x": 1037.5,
          "y": 852.5
        }
      },
      {
        "type": "Q",
        "begin": {
          "x": 1039,
          "y": 869
        },
        "end": {
          "x": 1033,
          "y": 890
        }
      },
      {
        "type": "Q",
        "begin": {
          "x": 1017,
          "y": 946
        },
        "end": {
          "x": 968.5,
          "y": 1030.5
        }
      },
      {
        "type": "Q",
        "begin": {
          "x": 920,
          "y": 1115
        },
        "end": {
          "x": 837,
          "y": 1244.5
        }
      },
      {
        "type": "Q",
        "begin": {
          "x": 754,
          "y": 1374
        },
        "end": {
          "x": 590.5,
          "y": 1528.5
        }
      },
      {
        "type": "Q",
        "begin": {
          "x": 427,
          "y": 1683
        },
        "end": {
          "x": 324,
          "y": 1737
        }
      },
      {
        "type": "L",
        "x": 278,
        "y": 1761
      },
      {
        "type": "Q",
        "begin": {
          "x": 256,
          "y": 1773
        },
        "end": {
          "x": 248.5,
          "y": 1771
        }
      },
      {
        "type": "Q",
        "begin": {
          "x": 241,
          "y": 1769
        },
        "end": {
          "x": 237.5,
          "y": 1763
        }
      },
      {
        "type": "Q",
        "begin": {
          "x": 234,
          "y": 1757
        },
        "end": {
          "x": 237.5,
          "y": 1750
        }
      },
      {
        "type": "Q",
        "begin": {
          "x": 241,
          "y": 1743
        },
        "end": {
          "x": 258,
          "y": 1723
        }
      },
      {
        "type": "L",
        "x": 291,
        "y": 1683
      },
      {
        "type": "L",
        "x": 350,
        "y": 1615
      },
      {
        "type": "Q",
        "begin": {
          "x": 393,
          "y": 1564
        },
        "end": {
          "x": 416.5,
          "y": 1533
        }
      },
      {
        "type": "Q",
        "begin": {
          "x": 440,
          "y": 1502
        },
        "end": {
          "x": 523,
          "y": 1386.5
        }
      },
      {
        "type": "Q",
        "begin": {
          "x": 606,
          "y": 1271
        },
        "end": {
          "x": 645,
          "y": 1213
        }
      },
      {
        "type": "Q",
        "begin": {
          "x": 684,
          "y": 1155
        },
        "end": {
          "x": 718,
          "y": 1092.5
        }
      },
      {
        "type": "Q",
        "begin": {
          "x": 752,
          "y": 1030
        },
        "end": {
          "x": 780,
          "y": 971.5
        }
      },
      {
        "type": "Q",
        "begin": {
          "x": 808,
          "y": 913
        },
        "end": {
          "x": 824.5,
          "y": 872
        }
      },
      {
        "type": "Q",
        "begin": {
          "x": 841,
          "y": 831
        },
        "end": {
          "x": 847,
          "y": 818
        }
      },
      {
        "type": "Q",
        "begin": {
          "x": 853,
          "y": 805
        },
        "end": {
          "x": 850.5,
          "y": 784.5
        }
      },
      {
        "type": "Q",
        "begin": {
          "x": 848,
          "y": 764
        },
        "end": {
          "x": 807,
          "y": 768
        }
      },
      {
        "type": "L",
        "x": 935,
        "y": 733
      }
    ],
    "track": [
      {
        "x": 930,
        "y": 800
      },
      {
        "x": 645,
        "y": 1375
      },
      {
        "x": 350,
        "y": 1675
      }
    ]
  }
]
