[
  {
    "outline": [
      {
        "type": "M",
        "x": 1140,
        "y": 919
      },
      {
        "type": "L",
        "x": 1231,
        "y": 797
      },
      {
        "type": "Q",
        "begin": {
          "x": 1259,
          "y": 760
        },
        "end": {
          "x": 1306.5,
          "y": 682
        }
      },
      {
        "type": "Q",
        "begin": {
          "x": 1354,
          "y": 604
        },
        "end": {
          "x": 1391,
          "y": 532
        }
      },
      {
        "type": "Q",
        "begin": {
          "x": 1428,
          "y": 460
        },
        "end": {
          "x": 1451,
          "y": 392.5
        }
      },
      {
        "type": "Q",
        "begin": {
          "x": 1474,
          "y": 325
        },
        "end": {
          "x": 1482,
          "y": 287
        }
      },
      {
        "type": "Q",
        "begin": {
          "x": 1490,
          "y": 249
        },
        "end": {
          "x": 1491.5,
          "y": 218.5
        }
      },
      {
        "type": "Q",
        "begin": {
          "x": 1493,
          "y": 188
        },
        "end": {
          "x": 1499,
          "y": 150
        }
      },
      {
        "type": "Q",
        "begin": {
          "x": 1505,
          "y": 112
        },
        "end": {
          "x": 1580,
          "y": 107
        }
      },
      {
        "type": "Q",
        "begin": {
          "x": 1627,
          "y": 105
        },
        "end": {
          "x": 1670.5,
          "y": 142.5
        }
      },
      {
        "type": "Q",
        "begin": {
          "x": 1714,
          "y": 180
        },
        "end": {
          "x": 1730,
          "y": 208
        }
      },
      {
        "type": "Q",
        "begin": {
          "x": 1746,
          "y": 236
        },
        "end": {
          "x": 1753.5,
          "y": 262.5
        }
      },
      {
        "type": "Q",
        "begin": {
          "x": 1761,
          "y": 289
        },
        "end": {
          "x": 1761.5,
          "y": 306
        }
      },
      {
        "type": "Q",
        "begin": {
          "x": 1762,
          "y": 323
        },
        "end": {
          "x": 1745,
          "y": 355
        }
      },
      {
        "type": "Q",
        "begin": {
          "x": 1738,
          "y": 368
        },
        "end": {
          "x": 1712.5,
          "y": 409
        }
      },
      {
        "type": "Q",
        "begin": {
          "x": 1687,
          "y": 450
        },
        "end": {
          "x": 1618,
          "y": 573.5
        }
      },
      {
        "type": "Q",
        "begin": {
          "x": 1549,
          "y": 697
        },
        "end": {
          "x": 1521.5,
          "y": 738
        }
      },
      {
        "type": "Q",
        "begin": {
          "x": 1494,
          "y": 779
        },
        "end": {
          "x": 1418,
          "y": 888
        }
      },
      {
        "type": "L",
        "x": 1308,
        "y": 1045
      },
      {
        "type": "L",
        "x": 1194,
        "y": 1207
      },
      {
        "type": "Q",
        "begin": {
          "x": 944,
          "y": 1461
        },
        "end": {
          "x": 806,
          "y": 1578
        }
      },
      {
        "type": "Q",
        "begin": {
          "x": 668,
          "y": 1695
        },
        "end": {
          "x": 510,
          "y": 1766.5
        }
      },
      {
        "type": "Q",
        "begin": {
          "x": 352,
          "y": 1838
        },
        "end": {
          "x": 155,
          "y": 1872
        }
      },
      {
        "type": "L",
        "x": 103,
        "y": 1881
      },
      {
        "type": "Q",
        "begin": {
          "x": 82,
          "y": 1885
        },
        "end": {
          "x": 77,
          "y": 1872.5
        }
      },
      {
        "type": "Q",
        "begin": {
          "x": 72,
          "y": 1860
        },
        "end": {
          "x": 109,
          "y": 1841
        }
      },
      {
        "type": "L",
        "x": 176,
        "y": 1808
      },
      {
        "type": "Q",
        "begin": {
          "x": 364,
          "y": 1715
        },
        "end": {
          "x": 601.5,
          "y": 1511.5
        }
      },
      {
        "type": "Q",
        "begin": {
          "x": 839,
          "y": 1308
        },
        "end": {
          "x": 1028,
          "y": 1051
        }
      },
      {
        "type": "L",
        "x": 1140,
        "y": 919
      }
    ],
    "track": [
      {
        "x": 1633,
        "y": 250
      },
      {
        "x": 1176,
        "y": 1056
      },
      {
        "x": 570,
        "y": 1676
      },
      {
        "x": 193,
        "y": 1836
      }
    ]
  },
  {
    "outline": [
      {
        "type": "M",
        "x": 1028,
        "y": 1051
      },
      {
        "type": "Q",
        "begin": {
          "x": 898,
          "y": 935
        },
        "end": {
          "x": 791.5,
          "y": 842
        }
      },
      {
        "type": "Q",
        "begin": {
          "x": 685,
          "y": 749
        },
        "end": {
          "x": 334,
          "y": 462
        }
      },
      {
        "type": "L",
        "x": 274,
        "y": 413
      },
      {
        "type": "Q",
        "begin": {
          "x": 267,
          "y": 408
        },
        "end": {
          "x": 263.5,
          "y": 400
        }
      },
      {
        "type": "Q",
        "begin": {
          "x": 260,
          "y": 392
        },
        "end": {
          "x": 265.5,
          "y": 384.5
        }
      },
      {
        "type": "Q",
        "begin": {
          "x": 271,
          "y": 377
        },
        "end": {
          "x": 299,
          "y": 388
        }
      },
      {
        "type": "L",
        "x": 379,
        "y": 422
      },
      {
        "type": "Q",
        "begin": {
          "x": 473,
          "y": 462
        },
        "end": {
          "x": 690,
          "y": 604
        }
      },
      {
        "type": "Q",
        "begin": {
          "x": 907,
          "y": 746
        },
        "end": {
          "x": 1140,
          "y": 919
        }
      },
      {
        "type": "L",
        "x": 1308,
        "y": 1045
      },
      {
        "type": "Q",
        "begin": {
          "x": 1377,
          "y": 1102
        },
        "end": {
          "x": 1532,
          "y": 1232.5
        }
      },
      {
        "type": "Q",
        "begin": {
          "x": 1687,
          "y": 1363
        },
        "end": {
          "x": 1757.5,
          "y": 1425.5
        }
      },
      {
        "type": "Q",
        "begin": {
          "x": 1828,
          "y": 1488
        },
        "end": {
          "x": 1876.5,
          "y": 1545.5
        }
      },
      {
        "type": "Q",
        "begin": {
          "x": 1925,
          "y": 1603
        },
        "end": {
          "x": 1946.5,
          "y": 1654
        }
      },
      {
        "type": "Q",
        "begin": {
          "x": 1968,
          "y": 1705
        },
        "end": {
          "x": 1968.5,
          "y": 1751
        }
      },
      {
        "type": "Q",
        "begin": {
          "x": 1969,
          "y": 1797
        },
        "end": {
          "x": 1960,
          "y": 1842
        }
      },
      {
        "type": "Q",
        "begin": {
          "x": 1948,
          "y": 1897
        },
        "end": {
          "x": 1916,
          "y": 1930
        }
      },
      {
        "type": "Q",
        "begin": {
          "x": 1884,
          "y": 1963
        },
        "end": {
          "x": 1827,
          "y": 1923
        }
      },
      {
        "type": "Q",
        "begin": {
          "x": 1792,
          "y": 1900
        },
        "end": {
          "x": 1756,
          "y": 1855
        }
      },
      {
        "type": "L",
        "x": 1683,
        "y": 1767
      },
      {
        "type": "Q",
        "begin": {
          "x": 1352,
          "y": 1370
        },
        "end": {
          "x": 1325,
          "y": 1342
        }
      },
      {
        "type": "L",
        "x": 1194,
        "y": 1207
      },
      {
        "type": "L",
        "x": 1028,
        "y": 1051
      }
    ],
    "track": [
      {
        "x": 383,
        "y": 456
      },
      {
        "x": 1196,
        "y": 1073
      },
      {
        "x": 1870,
        "y": 1766
      }
    ]
  }
]
