[
  {
    "outline": [
      {
        "type": "M",
        "x": 872,
        "y": 888
      },
      {
        "type": "L",
        "x": 647,
        "y": 922
      },
      {
        "type": "L",
        "x": 531,
        "y": 947
      },
      {
        "type": "Q",
        "begin": {
          "x": 434,
          "y": 968
        },
        "end": {
          "x": 410,
          "y": 975
        }
      },
      {
        "type": "Q",
        "begin": {
          "x": 386,
          "y": 982
        },
        "end": {
          "x": 373,
          "y": 982
        }
      },
      {
        "type": "Q",
        "begin": {
          "x": 320,
          "y": 983
        },
        "end": {
          "x": 289.5,
          "y": 931.5
        }
      },
      {
        "type": "Q",
        "begin": {
          "x": 259,
          "y": 880
        },
        "end": {
          "x": 261,
          "y": 854
        }
      },
      {
        "type": "Q",
        "begin": {
          "x": 262,
          "y": 821
        },
        "end": {
          "x": 283,
          "y": 814
        }
      },
      {
        "type": "Q",
        "begin": {
          "x": 304,
          "y": 807
        },
        "end": {
          "x": 329,
          "y": 808
        }
      },
      {
        "type": "L",
        "x": 395,
        "y": 811
      },
      {
        "type": "Q",
        "begin": {
          "x": 418,
          "y": 811
        },
        "end": {
          "x": 488,
          "y": 803
        }
      },
      {
        "type": "L",
        "x": 891,
        "y": 757
      },
      {
        "type": "L",
        "x": 1064,
        "y": 733
      },
      {
        "type": "L",
        "x": 1270,
        "y": 714
      },
      {
        "type": "Q",
        "begin": {
          "x": 1340,
          "y": 708
        },
        "end": {
          "x": 1500,
          "y": 684.5
        }
      },
      {
        "type": "Q",
        "begin": {
          "x": 1660,
          "y": 661
        },
        "end": {
          "x": 1678,
          "y": 660
        }
      },
      {
        "type": "Q",
        "begin": {
          "x": 1765,
          "y": 660
        },
        "end": {
          "x": 1790.5,
          "y": 701
        }
      },
      {
        "type": "Q",
        "begin": {
          "x": 1816,
          "y": 742
        },
        "end": {
          "x": 1816,
          "y": 762
        }
      },
      {
        "type": "Q",
        "begin": {
          "x": 1815,
          "y": 779
        },
        "end": {
          "x": 1798,
          "y": 812.5
        }
      },
      {
        "type": "Q",
        "begin": {
          "x": 1781,
          "y": 846
        },
        "end": {
          "x": 1732,
          "y": 842
        }
      },
      {
        "type": "L",
        "x": 1636,
        "y": 836
      },
      {
        "type": "Q",
        "begin": {
          "x": 1462,
          "y": 826
        },
        "end": {
          "x": 1195,
          "y": 851
        }
      },
      {
        "type": "L",
        "x": 1089,
        "y": 866
      },
      {
        "type": "L",
        "x": 1039,
        "y": 876
      },
      {
        "type": "L",
        "x": 872,
        "y": 888
      }
    ],
    "track": [
      {
        "x": 390,
        "y": 900
      },
      {
        "x": 1700,
        "y": 725
      }
    ]
  },
  {
    "outline": [
      {
        "type": "M",
        "x": 891,
        "y": 757
      },
      {
        "type": "Q",
        "begin": {
          "x": 905,
          "y": 709
        },
        "end": {
          "x": 910.5,
          "y": 685
        }
      },
      {
        "type": "Q",
        "begin": {
          "x": 916,
          "y": 661
        },
        "end": {
          "x": 924.5,
          "y": 604.5
        }
      },
      {
        "type": "Q",
        "begin": {
          "x": 933,
          "y": 548
        },
        "end": {
          "x": 936.5,
          "y": 509.5
        }
      },
      {
        "type": "Q",
        "begin": {
          "x": 940,
          "y": 471
        },
        "end": {
          "x": 944,
          "y": 398
        }
      },
      {
        "type": "Q",
        "begin": {
          "x": 948,
          "y": 325
        },
        "end": {
          "x": 948,
          "y": 291
        }
      },
      {
        "type": "Q",
        "begin": {
          "x": 947,
          "y": 268
        },
        "end": {
          "x": 943.5,
          "y": 224.5
        }
      },
      {
        "type": "Q",
        "begin": {
          "x": 940,
          "y": 181
        },
        "end": {
          "x": 935.5,
          "y": 157
        }
      },
      {
        "type": "Q",
        "begin": {
          "x": 931,
          "y": 133
        },
        "end": {
          "x": 930.5,
          "y": 120
        }
      },
      {
        "type": "Q",
        "begin": {
          "x": 930,
          "y": 107
        },
        "end": {
          "x": 938,
          "y": 93
        }
      },
      {
        "type": "Q",
        "begin": {
          "x": 950,
          "y": 73
        },
        "end": {
          "x": 984,
          "y": 72
        }
      },
      {
        "type": "Q",
        "begin": {
          "x": 1018,
          "y": 72
        },
        "end": {
          "x": 1077,
          "y": 91
        }
      },
      {
        "type": "Q",
        "begin": {
          "x": 1136,
          "y": 110
        },
        "end": {
          "x": 1149,
          "y": 133
        }
      },
      {
        "type": "Q",
        "begin": {
          "x": 1162,
          "y": 156
        },
        "end": {
          "x": 1163,
          "y": 172
        }
      },
      {
        "type": "Q",
        "begin": {
          "x": 1164,
          "y": 188
        },
        "end": {
          "x": 1159,
          "y": 216
        }
      },
      {
        "type": "Q",
        "begin": {
          "x": 1137,
          "y": 319
        },
        "end": {
          "x": 1129.5,
          "y": 360
        }
      },
      {
        "type": "Q",
        "begin": {
          "x": 1122,
          "y": 401
        },
        "end": {
          "x": 1111,
          "y": 464
        }
      },
      {
        "type": "Q",
        "begin": {
          "x": 1100,
          "y": 527
        },
        "end": {
          "x": 1090,
          "y": 587
        }
      },
      {
        "type": "L",
        "x": 1064,
        "y": 733
      },
      {
        "type": "L",
        "x": 1039,
        "y": 876
      },
      {
        "type": "Q",
        "begin": {
          "x": 988,
          "y": 1026
        },
        "end": {
          "x": 956,
          "y": 1097.5
        }
      },
      {
        "type": "Q",
        "begin": {
          "x": 924,
          "y": 1169
        },
        "end": {
          "x": 864.5,
          "y": 1276.5
        }
      },
      {
        "type": "Q",
        "begin": {
          "x": 805,
          "y": 1384
        },
        "end": {
          "x": 760.5,
          "y": 1447.5
        }
      },
      {
        "type": "Q",
        "begin": {
          "x": 716,
          "y": 1511
        },
        "end": {
          "x": 645.5,
          "y": 1593
        }
      },
      {
        "type": "Q",
        "begin": {
          "x": 575,
          "y": 1675
        },
        "end": {
          "x": 480.5,
          "y": 1763.5
        }
      },
      {
        "type": "Q",
        "begin": {
          "x": 386,
          "y": 1852
        },
        "end": {
          "x": 213,
          "y": 1923
        }
      },
      {
        "type": "L",
        "x": 150,
        "y": 1949
      },
      {
        "type": "Q",
        "begin": {
          "x": 129,
          "y": 1958
        },
        "end": {
          "x": 120.5,
          "y": 1954
        }
      },
      {
        "type": "Q",
        "begin": {
          "x": 112,
          "y": 1950
        },
        "end": {
          "x": 110.5,
          "y": 1942
        }
      },
      {
        "type": "Q",
        "begin": {
          "x": 109,
          "y": 1934
        },
        "end": {
          "x": 125,
          "y": 1920
        }
      },
      {
        "type": "L",
        "x": 170,
        "y": 1884
      },
      {
        "type": "Q",
        "begin": {
          "x": 343,
          "y": 1746
        },
        "end": {
          "x": 476.5,
          "y": 1571.5
        }
      },
      {
        "type": "Q",
        "begin": {
          "x": 610,
          "y": 1397
        },
        "end": {
          "x": 649.5,
          "y": 1333.5
        }
      },
      {
        "type": "Q",
        "begin": {
          "x": 689,
          "y": 1270
        },
        "end": {
          "x": 747,
          "y": 1163
        }
      },
      {
        "type": "Q",
        "begin": {
          "x": 805,
          "y": 1056
        },
        "end": {
          "x": 815,
          "y": 1030
        }
      },
      {
        "type": "L",
        "x": 872,
        "y": 888
      },
      {
        "type": "L",
        "x": 891,
        "y": 757
      }
    ],
    "track": [
      {
        "x": 1025,
        "y": 165
      },
      {
        "x": 945,
        "y": 950
      },
      {
        "x": 560,
        "y": 1620
      },
      {
        "x": 200,
        "y": 1895
      }
    ]
  },
  {
    "outline": [
      {
        "type": "M",
        "x": 1195,
        "y": 851
      },
      {
        "type": "Q",
        "begin": {
          "x": 1255,
          "y": 924
        },
        "end": {
          "x": 1262,
          "y": 949.5
        }
      },
      {
        "type": "Q",
        "begin": {
          "x": 1269,
          "y": 975
        },
        "end": {
          "x": 1269,
          "y": 995
        }
      },
      {
        "type": "Q",
        "begin": {
          "x": 1268,
          "y": 1014
        },
        "end": {
          "x": 1261,
          "y": 1057
        }
      },
      {
        "type": "Q",
        "begin": {
          "x": 1254,
          "y": 1100
        },
        "end": {
          "x": 1247,
          "y": 1160
        }
      },
      {
        "type": "L",
        "x": 1235,
        "y": 1257
      },
      {
        "type": "Q",
        "begin": {
          "x": 1225,
          "y": 1336
        },
        "end": {
          "x": 1221,
          "y": 1410
        }
      },
      {
        "type": "L",
        "x": 1204,
        "y": 1673
      },
      {
        "type": "Q",
        "begin": {
          "x": 1201,
          "y": 1714
        },
        "end": {
          "x": 1208,
          "y": 1745
        }
      },
      {
        "type": "Q",
        "begin": {
          "x": 1215,
          "y": 1776
        },
        "end": {
          "x": 1242.5,
          "y": 1798
        }
      },
      {
        "type": "Q",
        "begin": {
          "x": 1270,
          "y": 1820
        },
        "end": {
          "x": 1394,
          "y": 1818
        }
      },
      {
        "type": "L",
        "x": 1487,
        "y": 1817
      },
      {
        "type": "Q",
        "begin": {
          "x": 1527,
          "y": 1817
        },
        "end": {
          "x": 1595,
          "y": 1810
        }
      },
      {
        "type": "Q",
        "begin": {
          "x": 1663,
          "y": 1803
        },
        "end": {
          "x": 1729.5,
          "y": 1787.5
        }
      },
      {
        "type": "Q",
        "begin": {
          "x": 1796,
          "y": 1772
        },
        "end": {
          "x": 1820,
          "y": 1770
        }
      },
      {
        "type": "Q",
        "begin": {
          "x": 1844,
          "y": 1768
        },
        "end": {
          "x": 1859.5,
          "y": 1773.5
        }
      },
      {
        "type": "Q",
        "begin": {
          "x": 1875,
          "y": 1779
        },
        "end": {
          "x": 1904,
          "y": 1805.5
        }
      },
      {
        "type": "Q",
        "begin": {
          "x": 1933,
          "y": 1832
        },
        "end": {
          "x": 1935.5,
          "y": 1863.5
        }
      },
      {
        "type": "Q",
        "begin": {
          "x": 1938,
          "y": 1895
        },
        "end": {
          "x": 1909,
          "y": 1920
        }
      },
      {
        "type": "Q",
        "begin": {
          "x": 1867,
          "y": 1956
        },
        "end": {
          "x": 1662,
          "y": 1966
        }
      },
      {
        "type": "Q",
        "begin": {
          "x": 1457,
          "y": 1976
        },
        "end": {
          "x": 1370,
          "y": 1976
        }
      },
      {
        "type": "Q",
        "begin": {
          "x": 1239,
          "y": 1977
        },
        "end": {
          "x": 1171,
          "y": 1957.5
        }
      },
      {
        "type": "Q",
        "begin": {
          "x": 1103,
          "y": 1938
        },
        "end": {
          "x": 1065,
          "y": 1875
        }
      },
      {
        "type": "Q",
        "begin": {
          "x": 1027,
          "y": 1812
        },
        "end": {
          "x": 1033,
          "y": 1728
        }
      },
      {
        "type": "L",
        "x": 1089,
        "y": 866
      },
      {
        "type": "L",
        "x": 1195,
        "y": 851
      }
    ],
    "track": [
      {
        "x": 1160,
        "y": 945
      },
      {
        "x": 1105,
        "y": 1790
      },
      {
        "x": 1190,
        "y": 1890
      },
      {
        "x": 1825,
        "y": 1860
      }
    ]
  }
]
