[
  {
    "outline": [
      {
        "type": "M",
        "x": 841,
        "y": 1815
      },
      {
        "type": "L",
        "x": 469,
        "y": 1841
      },
      {
        "type": "Q",
        "begin": {
          "x": 432,
          "y": 1844
        },
        "end": {
          "x": 387,
          "y": 1849
        }
      },
      {
        "type": "Q",
        "begin": {
          "x": 342,
          "y": 1854
        },
        "end": {
          "x": 304.5,
          "y": 1865.5
        }
      },
      {
        "type": "Q",
        "begin": {
          "x": 267,
          "y": 1877
        },
        "end": {
          "x": 256,
          "y": 1878
        }
      },
      {
        "type": "Q",
        "begin": {
          "x": 226,
          "y": 1881
        },
        "end": {
          "x": 202.5,
          "y": 1869.5
        }
      },
      {
        "type": "Q",
        "begin": {
          "x": 179,
          "y": 1858
        },
        "end": {
          "x": 147.5,
          "y": 1827.5
        }
      },
      {
        "type": "Q",
        "begin": {
          "x": 116,
          "y": 1797
        },
        "end": {
          "x": 104.5,
          "y": 1779
        }
      },
      {
        "type": "Q",
        "begin": {
          "x": 93,
          "y": 1761
        },
        "end": {
          "x": 93,
          "y": 1735
        }
      },
      {
        "type": "Q",
        "begin": {
          "x": 93,
          "y": 1707
        },
        "end": {
          "x": 121,
          "y": 1673
        }
      },
      {
        "type": "L",
        "x": 161,
        "y": 1626
      },
      {
        "type": "Q",
        "begin": {
          "x": 203,
          "y": 1574
        },
        "end": {
          "x": 267,
          "y": 1464
        }
      },
      {
        "type": "L",
        "x": 349,
        "y": 1322
      },
      {
        "type": "L",
        "x": 506,
        "y": 1041
      },
      {
        "type": "Q",
        "begin": {
          "x": 551,
          "y": 960
        },
        "end": {
          "x": 634,
          "y": 799.5
        }
      },
      {
        "type": "Q",
        "begin": {
          "x": 717,
          "y": 639
        },
        "end": {
          "x": 751,
          "y": 565
        }
      },
      {
        "type": "L",
        "x": 850,
        "y": 345
      },
      {
        "type": "L",
        "x": 889,
        "y": 257
      },
      {
        "type": "Q",
        "begin": {
          "x": 923,
          "y": 187
        },
        "end": {
          "x": 943,
          "y": 179
        }
      },
      {
        "type": "Q",
        "begin": {
          "x": 963,
          "y": 171
        },
        "end": {
          "x": 978,
          "y": 172
        }
      },
      {
        "type": "Q",
        "begin": {
          "x": 1020,
          "y": 176
        },
        "end": {
          "x": 1062,
          "y": 215.5
        }
      },
      {
        "type": "Q",
        "begin": {
          "x": 1104,
          "y": 255
        },
        "end": {
          "x": 1120.5,
          "y": 290
        }
      },
      {
        "type": "Q",
        "begin": {
          "x": 1137,
          "y": 325
        },
        "end": {
          "x": 1137,
          "y": 353
        }
      },
      {
        "type": "Q",
        "begin": {
          "x": 1136,
          "y": 384
        },
        "end": {
          "x": 1127,
          "y": 402.5
        }
      },
      {
        "type": "Q",
        "begin": {
          "x": 1118,
          "y": 421
        },
        "end": {
          "x": 1046,
          "y": 537
        }
      },
      {
        "type": "L",
        "x": 421,
        "y": 1544
      },
      {
        "type": "L",
        "x": 369,
        "y": 1626
      },
      {
        "type": "Q",
        "begin": {
          "x": 346,
          "y": 1676
        },
        "end": {
          "x": 415,
          "y": 1674
        }
      },
      {
        "type": "L",
        "x": 832,
        "y": 1663
      },
      {
        "type": "Q",
        "begin": {
          "x": 924,
          "y": 1661
        },
        "end": {
          "x": 1103,
          "y": 1646.5
        }
      },
      {
        "type": "Q",
        "begin": {
          "x": 1282,
          "y": 1632
        },
        "end": {
          "x": 1397,
          "y": 1619.5
        }
      },
      {
        "type": "Q",
        "begin": {
          "x": 1512,
          "y": 1607
        },
        "end": {
          "x": 1599,
          "y": 1585
        }
      },
      {
        "type": "Q",
        "begin": {
          "x": 1686,
          "y": 1563
        },
        "end": {
          "x": 1713,
          "y": 1561
        }
      },
      {
        "type": "Q",
        "begin": {
          "x": 1800,
          "y": 1555
        },
        "end": {
          "x": 1877.5,
          "y": 1615
        }
      },
      {
        "type": "Q",
        "begin": {
          "x": 1955,
          "y": 1675
        },
        "end": {
          "x": 1954,
          "y": 1721
        }
      },
      {
        "type": "Q",
        "begin": {
          "x": 1953,
          "y": 1739
        },
        "end": {
          "x": 1937.5,
          "y": 1763
        }
      },
      {
        "type": "Q",
        "begin": {
          "x": 1922,
          "y": 1787
        },
        "end": {
          "x": 1870,
          "y": 1786
        }
      },
      {
        "type": "L",
        "x": 1585,
        "y": 1781
      },
      {
        "type": "Q",
        "begin": {
          "x": 1522,
          "y": 1780
        },
        "end": {
          "x": 1381.5,
          "y": 1789
        }
      },
      {
        "type": "Q",
        "begin": {
          "x": 1241,
          "y": 1798
        },
        "end": {
          "x": 1074,
          "y": 1804.5
        }
      },
      {
        "type": "Q",
        "begin": {
          "x": 907,
          "y": 1811
        },
        "end": {
          "x": 841,
          "y": 1815
        }
      }
    ],
    "track": [
      {
        "x": 1006,
        "y": 303
      },
      {
        "x": 196,
        "y": 1763
      },
      {
        "x": 233,
        "y": 1793
      },
      {
        "x": 1770,
        "y": 1680
      }
    ]
  }
]
