<?xml version="1.0" encoding="UTF-8"?>
<Word version="1.0">
  <Stroke>
    <Outline>
      <MoveTo x="936.0" y="561.0" />
      <LineTo flexible="false" x="1317.0" y="529.0" />
      <QuadTo flexible="false" x1="1471.0" y1="517.0" x2="1585.0" y2="502.0" />
      <QuadTo flexible="false" x1="1699.0" y1="487.0" x2="1718.0" y2="486.0" />
      <QuadTo flexible="false" x1="1766.0" y1="486.0" x2="1829.5" y2="508.0" />
      <QuadTo flexible="false" x1="1893.0" y1="530.0" x2="1902.5" y2="547.5" />
      <QuadTo flexible="false" x1="1912.0" y1="565.0" x2="1912.5" y2="579.5" />
      <QuadTo flexible="false" x1="1913.0" y1="594.0" x2="1904.0" y2="611.0" />
      <QuadTo flexible="false" x1="1881.0" y1="653.0" x2="1832.0" y2="659.0" />
      <QuadTo flexible="false" x1="1818.0" y1="661.0" x2="1774.5" y2="656.5" />
      <QuadTo flexible="false" x1="1731.0" y1="652.0" x2="1633.0" y2="655.0" />
      <LineTo flexible="false" x="1427.0" y="663.0" />
      <QuadTo flexible="false" x1="1184.0" y1="673.0" x2="915.0" y2="698.0" />
      <LineTo flexible="true" x="755.0" y="713.0" />
      <LineTo flexible="false" x="483.0" y="764.0" />
      <QuadTo flexible="false" x1="441.0" y1="772.0" x2="400.0" y2="782.0" />
      <QuadTo flexible="false" x1="359.0" y1="792.0" x2="334.0" y2="799.0" />
      <QuadTo flexible="false" x1="309.0" y1="806.0" x2="285.0" y2="806.0" />
      <QuadTo flexible="false" x1="230.0" y1="807.0" x2="181.0" y2="776.0" />
      <QuadTo flexible="false" x1="132.0" y1="745.0" x2="134.0" y2="691.0" />
      <QuadTo flexible="false" x1="135.0" y1="649.0" x2="180.5" y2="638.5" />
      <QuadTo flexible="false" x1="226.0" y1="628.0" x2="254.5" y2="626.0" />
      <QuadTo flexible="false" x1="283.0" y1="624.0" x2="360.0" y2="620.5" />
      <QuadTo flexible="false" x1="437.0" y1="617.0" x2="544.0" y2="603.0" />
      <LineTo flexible="false" x="785.0" y="573.0" />
      <LineTo flexible="true" x="936.0" y="561.0" />
    </Outline>
    <Track>
      <MoveTo x="255.0" y="720.0" />
      <MoveTo x="1765.0" y="565.0" />
    </Track>
  </Stroke>
  <Stroke>
    <Outline>
      <MoveTo x="785.0" y="573.0" />
      <LineTo flexible="false" x="808.0" y="407.0" />
      <QuadTo flexible="false" x1="814.0" y1="358.0" x2="816.0" y2="329.0" />
      <QuadTo flexible="false" x1="818.0" y1="300.0" x2="821.0" y2="240.0" />
      <QuadTo flexible="false" x1="824.0" y1="180.0" x2="824.5" y2="148.5" />
      <QuadTo flexible="false" x1="825.0" y1="117.0" x2="830.0" y2="86.0" />
      <QuadTo flexible="false" x1="835.0" y1="55.0" x2="894.0" y2="53.0" />
      <QuadTo flexible="false" x1="936.0" y1="53.0" x2="976.0" y2="77.0" />
      <QuadTo flexible="false" x1="1016.0" y1="101.0" x2="1024.5" y2="130.0" />
      <QuadTo flexible="false" x1="1033.0" y1="159.0" x2="1033.5" y2="177.0" />
      <QuadTo flexible="false" x1="1034.0" y1="195.0" x2="1027.0" y2="214.0" />
      <QuadTo flexible="false" x1="1025.0" y1="220.0" x2="1008.0" y2="255.0" />
      <QuadTo flexible="false" x1="991.0" y1="290.0" x2="985.0" y2="318.0" />
      <QuadTo flexible="false" x1="979.0" y1="346.0" x2="966.0" y2="411.0" />
      <LineTo flexible="false" x="936.0" y="561.0" />
      <LineTo flexible="true" x="915.0" y="698.0" />
      <LineTo flexible="false" x="854.0" y="1005.0" />
      <QuadTo flexible="false" x1="849.0" y1="1027.0" x2="848.5" y2="1052.5" />
      <QuadTo flexible="false" x1="848.0" y1="1078.0" x2="852.0" y2="1090.0" />
      <QuadTo flexible="false" x1="856.0" y1="1108.0" x2="867.0" y2="1116.5" />
      <QuadTo flexible="false" x1="878.0" y1="1125.0" x2="893.0" y2="1123.5" />
      <QuadTo flexible="false" x1="908.0" y1="1122.0" x2="954.0" y2="1115.0" />
      <LineTo flexible="false" x="1180.0" y="1081.0" />
      <QuadTo flexible="false" x1="1424.0" y1="1045.0" x2="1464.0" y2="1045.0" />
      <QuadTo flexible="false" x1="1529.0" y1="1047.0" x2="1584.5" y2="1095.0" />
      <QuadTo flexible="false" x1="1640.0" y1="1143.0" x2="1655.0" y2="1166.0" />
      <QuadTo flexible="false" x1="1670.0" y1="1189.0" x2="1670.5" y2="1206.5" />
      <QuadTo flexible="false" x1="1671.0" y1="1224.0" x2="1651.0" y2="1265.0" />
      <QuadTo flexible="false" x1="1643.0" y1="1281.0" x2="1612.0" y2="1350.5" />
      <QuadTo flexible="false" x1="1581.0" y1="1420.0" x2="1533.0" y2="1497.5" />
      <QuadTo flexible="false" x1="1485.0" y1="1575.0" x2="1397.0" y2="1684.5" />
      <QuadTo flexible="false" x1="1309.0" y1="1794.0" x2="1212.5" y2="1871.0" />
      <QuadTo flexible="false" x1="1116.0" y1="1948.0" x2="981.0" y2="1986.0" />
      <LineTo flexible="false" x="946.0" y="1996.0" />
      <QuadTo flexible="false" x1="934.0" y1="2000.0" x2="930.5" y2="1996.0" />
      <QuadTo flexible="false" x1="927.0" y1="1992.0" x2="926.5" y2="1985.5" />
      <QuadTo flexible="false" x1="926.0" y1="1979.0" x2="934.0" y2="1967.0" />
      <QuadTo flexible="false" x1="947.0" y1="1948.0" x2="977.0" y2="1923.0" />
      <LineTo flexible="false" x="1034.0" y="1877.0" />
      <QuadTo flexible="false" x1="1179.0" y1="1760.0" x2="1277.5" y2="1615.5" />
      <QuadTo flexible="false" x1="1376.0" y1="1471.0" x2="1413.5" y2="1394.5" />
      <QuadTo flexible="false" x1="1451.0" y1="1318.0" x2="1462.5" y2="1279.0" />
      <QuadTo flexible="false" x1="1474.0" y1="1240.0" x2="1474.0" y2="1222.0" />
      <QuadTo flexible="false" x1="1473.0" y1="1182.0" x2="1434.0" y2="1187.0" />
      <LineTo flexible="false" x="961.0" y="1248.0" />
      <QuadTo flexible="false" x1="887.0" y1="1258.0" x2="821.5" y2="1277.5" />
      <QuadTo flexible="false" x1="756.0" y1="1297.0" x2="747.0" y2="1297.0" />
      <QuadTo flexible="false" x1="728.0" y1="1298.0" x2="698.5" y2="1279.5" />
      <QuadTo flexible="false" x1="669.0" y1="1261.0" x2="658.0" y2="1229.0" />
      <QuadTo flexible="false" x1="647.0" y1="1197.0" x2="646.5" y2="1183.5" />
      <QuadTo flexible="false" x1="646.0" y1="1170.0" x2="650.0" y2="1159.0" />
      <QuadTo flexible="false" x1="652.0" y1="1153.0" x2="665.0" y2="1131.5" />
      <QuadTo flexible="false" x1="678.0" y1="1110.0" x2="683.0" y2="1091.0" />
      <QuadTo flexible="false" x1="688.0" y1="1072.0" x2="708.0" y2="966.0" />
      <LineTo flexible="false" x="755.0" y="713.0" />
      <LineTo flexible="true" x="785.0" y="573.0" />
    </Outline>
    <Track>
      <MoveTo x="925.0" y="165.0" />
      <MoveTo x="745.0" y="1210.0" />
      <MoveTo x="1465.0" y="1120.0" />
      <MoveTo x="1580.0" y="1165.0" />
      <MoveTo x="1390.0" y="1610.0" />
      <MoveTo x="1045.0" y="1935.0" />
    </Track>
  </Stroke>
</Word>

