[
  {
    "outline": [
      {
        "type": "M",
        "x": 588.184336311,
        "y": 886.4345682410001
      },
      {
        "type": "C",
        "begin": {
          "x": 605.174961542,
          "y": 874.463957007
        },
        "mid": {
          "x": 626.770624888,
          "y": 878.931664974
        },
        "end": {
          "x": 645.840110113,
          "y": 889.8305039659999
        }
      },
      {
        "type": "C",
        "begin": {
          "x": 664.816549187,
          "y": 900.676102647
        },
        "mid": {
          "x": 698.4335762129999,
          "y": 940.154539613
        },
        "end": {
          "x": 708.168094385,
          "y": 951.686291461
        }
      },
      {
        "type": "C",
        "begin": {
          "x": 718.067806793,
          "y": 963.414087071
        },
        "mid": {
          "x": 786.634858912,
          "y": 1058.84510546
        },
        "end": {
          "x": 803.495120017,
          "y": 1084.6343140499998
        }
      },
      {
        "type": "C",
        "begin": {
          "x": 820.355381122,
          "y": 1110.41854691
        },
        "mid": {
          "x": 909.1592247240001,
          "y": 1216.42149883
        },
        "end": {
          "x": 918.266303343,
          "y": 1223.57659857
        }
      },
      {
        "type": "C",
        "begin": {
          "x": 927.022592997,
          "y": 1230.4530574300002
        },
        "mid": {
          "x": 935.2619043039999,
          "y": 1229.98533881
        },
        "end": {
          "x": 941.4019551240001,
          "y": 1223.94977832
        }
      },
      {
        "type": "C",
        "begin": {
          "x": 958.246293893,
          "y": 1207.39054888
        },
        "mid": {
          "x": 1117.26515139,
          "y": 969.320776154
        },
        "end": {
          "x": 1134.55581314,
          "y": 942.552841473
        }
      },
      {
        "type": "C",
        "begin": {
          "x": 1158.76771532,
          "y": 905.0686770909999
        },
        "mid": {
          "x": 1371.48017282,
          "y": 614.593023286
        },
        "end": {
          "x": 1381.43660855,
          "y": 602.8060164890001
        }
      },
      {
        "type": "C",
        "begin": {
          "x": 1415.53031051,
          "y": 562.444885021
        },
        "mid": {
          "x": 1445.19561277,
          "y": 571.682327766
        },
        "end": {
          "x": 1455.47049522,
          "y": 580.358010594
        }
      },
      {
        "type": "C",
        "begin": {
          "x": 1472.9751133599998,
          "y": 595.134435975
        },
        "mid": {
          "x": 1462.89428438,
          "y": 622.5696160489999
        },
        "end": {
          "x": 1455.88348081,
          "y": 637.093771919
        }
      },
      {
        "type": "C",
        "begin": {
          "x": 1450.78335756,
          "y": 647.6522709789999
        },
        "mid": {
          "x": 1245.83303886,
          "y": 1033.1952173099999
        },
        "end": {
          "x": 1232.2393445,
          "y": 1056.56124539
        }
      },
      {
        "type": "C",
        "begin": {
          "x": 1218.31227623,
          "y": 1080.5044581500001
        },
        "mid": {
          "x": 1048.69461626,
          "y": 1385.95457139
        },
        "end": {
          "x": 987.056268166,
          "y": 1455.5948884700001
        }
      },
      {
        "type": "C",
        "begin": {
          "x": 970.736371339,
          "y": 1474.03494385
        },
        "mid": {
          "x": 933.877656218,
          "y": 1493.20145581
        },
        "end": {
          "x": 900.320337952,
          "y": 1477.27414408
        }
      },
      {
        "type": "C",
        "begin": {
          "x": 876.943363266,
          "y": 1466.18324191
        },
        "mid": {
          "x": 851.1765454609999,
          "y": 1428.7060435499998
        },
        "end": {
          "x": 840.397123989,
          "y": 1416.17217968
        }
      },
      {
        "type": "C",
        "begin": {
          "x": 794.222847162,
          "y": 1362.48405298
        },
        "mid": {
          "x": 747.572890547,
          "y": 1277.8369342199999
        },
        "end": {
          "x": 698.801780233,
          "y": 1181.23313627
        }
      },
      {
        "type": "C",
        "begin": {
          "x": 675.651201262,
          "y": 1135.38178432
        },
        "mid": {
          "x": 599.631998322,
          "y": 966.160192458
        },
        "end": {
          "x": 586.045767557,
          "y": 933.5497556109999
        }
      },
      {
        "type": "C",
        "begin": {
          "x": 582.627441047,
          "y": 925.345274414
        },
        "mid": {
          "x": 576.520727618,
          "y": 894.6519863359999
        },
        "end": {
          "x": 588.184336311,
          "y": 886.4345682410001
        }
      }
    ],
    "track": [
      {
        "x": 624.776,
        "y": 918.473
      },
      {
        "x": 935.169,
        "y": 1350.59
      },
      {
        "x": 1433.86,
        "y": 607.529
      }
    ]
  }
]