[
  {
    "outline": [
      {
        "type": "M",
        "x": 1022,
        "y": 365
      },
      {
        "type": "L",
        "x": 566,
        "y": 425
      },
      {
        "type": "Q",
        "begin": {
          "x": 486,
          "y": 436
        },
        "end": {
          "x": 405.5,
          "y": 450
        }
      },
      {
        "type": "Q",
        "begin": {
          "x": 325,
          "y": 464
        },
        "end": {
          "x": 299,
          "y": 464
        }
      },
      {
        "type": "Q",
        "begin": {
          "x": 246,
          "y": 465
        },
        "end": {
          "x": 196.5,
          "y": 437.5
        }
      },
      {
        "type": "Q",
        "begin": {
          "x": 147,
          "y": 410
        },
        "end": {
          "x": 130,
          "y": 378.5
        }
      },
      {
        "type": "Q",
        "begin": {
          "x": 113,
          "y": 347
        },
        "end": {
          "x": 113,
          "y": 328
        }
      },
      {
        "type": "Q",
        "begin": {
          "x": 113,
          "y": 319
        },
        "end": {
          "x": 121.5,
          "y": 302.5
        }
      },
      {
        "type": "Q",
        "begin": {
          "x": 130,
          "y": 286
        },
        "end": {
          "x": 209,
          "y": 282
        }
      },
      {
        "type": "L",
        "x": 339,
        "y": 277
      },
      {
        "type": "L",
        "x": 552,
        "y": 259
      },
      {
        "type": "L",
        "x": 831,
        "y": 234
      },
      {
        "type": "L",
        "x": 1296,
        "y": 192
      },
      {
        "type": "L",
        "x": 1558,
        "y": 169
      },
      {
        "type": "Q",
        "begin": {
          "x": 1648,
          "y": 162
        },
        "end": {
          "x": 1717.5,
          "y": 149
        }
      },
      {
        "type": "Q",
        "begin": {
          "x": 1787,
          "y": 136
        },
        "end": {
          "x": 1799,
          "y": 135
        }
      },
      {
        "type": "Q",
        "begin": {
          "x": 1847,
          "y": 135
        },
        "end": {
          "x": 1882,
          "y": 172.5
        }
      },
      {
        "type": "Q",
        "begin": {
          "x": 1917,
          "y": 210
        },
        "end": {
          "x": 1927,
          "y": 235.5
        }
      },
      {
        "type": "Q",
        "begin": {
          "x": 1937,
          "y": 261
        },
        "end": {
          "x": 1935,
          "y": 277
        }
      },
      {
        "type": "Q",
        "begin": {
          "x": 1932,
          "y": 299
        },
        "end": {
          "x": 1919.5,
          "y": 307.5
        }
      },
      {
        "type": "Q",
        "begin": {
          "x": 1907,
          "y": 316
        },
        "end": {
          "x": 1876,
          "y": 316
        }
      },
      {
        "type": "L",
        "x": 1603,
        "y": 322
      },
      {
        "type": "Q",
        "begin": {
          "x": 1438,
          "y": 326
        },
        "end": {
          "x": 1233,
          "y": 347
        }
      },
      {
        "type": "L",
        "x": 1022,
        "y": 365
      }
    ],
    "track": [
      {
        "x": 255,
        "y": 375
      },
      {
        "x": 1815,
        "y": 220
      }
    ]
  },
  {
    "outline": [
      {
        "type": "M",
        "x": 1233,
        "y": 347
      },
      {
        "type": "L",
        "x": 1223,
        "y": 698
      },
      {
        "type": "L",
        "x": 1217,
        "y": 858
      },
      {
        "type": "Q",
        "begin": {
          "x": 1216,
          "y": 895
        },
        "end": {
          "x": 1209.5,
          "y": 912.5
        }
      },
      {
        "type": "Q",
        "begin": {
          "x": 1203,
          "y": 930
        },
        "end": {
          "x": 1184.5,
          "y": 943.5
        }
      },
      {
        "type": "Q",
        "begin": {
          "x": 1166,
          "y": 957
        },
        "end": {
          "x": 1069,
          "y": 961
        }
      },
      {
        "type": "L",
        "x": 941,
        "y": 967
      },
      {
        "type": "Q",
        "begin": {
          "x": 829,
          "y": 973
        },
        "end": {
          "x": 740.5,
          "y": 1005
        }
      },
      {
        "type": "Q",
        "begin": {
          "x": 652,
          "y": 1037
        },
        "end": {
          "x": 612.5,
          "y": 1105
        }
      },
      {
        "type": "Q",
        "begin": {
          "x": 573,
          "y": 1173
        },
        "end": {
          "x": 561,
          "y": 1216
        }
      },
      {
        "type": "Q",
        "begin": {
          "x": 549,
          "y": 1259
        },
        "end": {
          "x": 548.5,
          "y": 1321
        }
      },
      {
        "type": "Q",
        "begin": {
          "x": 548,
          "y": 1383
        },
        "end": {
          "x": 582,
          "y": 1455
        }
      },
      {
        "type": "Q",
        "begin": {
          "x": 639,
          "y": 1582
        },
        "end": {
          "x": 776.5,
          "y": 1660.5
        }
      },
      {
        "type": "Q",
        "begin": {
          "x": 914,
          "y": 1739
        },
        "end": {
          "x": 1089,
          "y": 1738
        }
      },
      {
        "type": "Q",
        "begin": {
          "x": 1233,
          "y": 1738
        },
        "end": {
          "x": 1338.5,
          "y": 1696
        }
      },
      {
        "type": "Q",
        "begin": {
          "x": 1444,
          "y": 1654
        },
        "end": {
          "x": 1498.5,
          "y": 1615.5
        }
      },
      {
        "type": "Q",
        "begin": {
          "x": 1553,
          "y": 1577
        },
        "end": {
          "x": 1580,
          "y": 1553
        }
      },
      {
        "type": "L",
        "x": 1670,
        "y": 1468
      },
      {
        "type": "Q",
        "begin": {
          "x": 1713,
          "y": 1431
        },
        "end": {
          "x": 1756,
          "y": 1431
        }
      },
      {
        "type": "Q",
        "begin": {
          "x": 1787,
          "y": 1432
        },
        "end": {
          "x": 1818.5,
          "y": 1450.5
        }
      },
      {
        "type": "Q",
        "begin": {
          "x": 1850,
          "y": 1469
        },
        "end": {
          "x": 1850.5,
          "y": 1510.5
        }
      },
      {
        "type": "Q",
        "begin": {
          "x": 1851,
          "y": 1552
        },
        "end": {
          "x": 1829,
          "y": 1592
        }
      },
      {
        "type": "Q",
        "begin": {
          "x": 1812,
          "y": 1622
        },
        "end": {
          "x": 1749,
          "y": 1687.5
        }
      },
      {
        "type": "Q",
        "begin": {
          "x": 1686,
          "y": 1753
        },
        "end": {
          "x": 1509.5,
          "y": 1833.5
        }
      },
      {
        "type": "Q",
        "begin": {
          "x": 1333,
          "y": 1914
        },
        "end": {
          "x": 1094,
          "y": 1914
        }
      },
      {
        "type": "Q",
        "begin": {
          "x": 743,
          "y": 1915
        },
        "end": {
          "x": 574.5,
          "y": 1759.5
        }
      },
      {
        "type": "Q",
        "begin": {
          "x": 406,
          "y": 1604
        },
        "end": {
          "x": 376,
          "y": 1494.5
        }
      },
      {
        "type": "Q",
        "begin": {
          "x": 346,
          "y": 1385
        },
        "end": {
          "x": 344.5,
          "y": 1311
        }
      },
      {
        "type": "Q",
        "begin": {
          "x": 343,
          "y": 1237
        },
        "end": {
          "x": 361,
          "y": 1167
        }
      },
      {
        "type": "Q",
        "begin": {
          "x": 400,
          "y": 1010
        },
        "end": {
          "x": 528.5,
          "y": 923.5
        }
      },
      {
        "type": "Q",
        "begin": {
          "x": 657,
          "y": 837
        },
        "end": {
          "x": 850,
          "y": 810
        }
      },
      {
        "type": "L",
        "x": 937,
        "y": 798
      },
      {
        "type": "Q",
        "begin": {
          "x": 976,
          "y": 793
        },
        "end": {
          "x": 995.5,
          "y": 777.5
        }
      },
      {
        "type": "Q",
        "begin": {
          "x": 1015,
          "y": 762
        },
        "end": {
          "x": 1021,
          "y": 695
        }
      },
      {
        "type": "Q",
        "begin": {
          "x": 1027,
          "y": 628
        },
        "end": {
          "x": 1027,
          "y": 589
        }
      },
      {
        "type": "L",
        "x": 1022,
        "y": 365
      },
      {
        "type": "L",
        "x": 1233,
        "y": 347
      }
    ],
    "track": [
      {
        "x": 1125,
        "y": 445
      },
      {
        "x": 1115,
        "y": 855
      },
      {
        "x": 780,
        "y": 905
      },
      {
        "x": 510,
        "y": 1105
      },
      {
        "x": 455,
        "y": 1385
      },
      {
        "x": 655,
        "y": 1720
      },
      {
        "x": 1070,
        "y": 1845
      },
      {
        "x": 1445,
        "y": 1770
      },
      {
        "x": 1720,
        "y": 1580
      }
    ]
  }
]
