<?xml version="1.0" encoding="UTF-8"?>
<Word version="1.0">
  <Stroke>
    <Outline>
      <MoveTo x="1675.0" y="1644.0" />
      <LineTo flexible="false" x="1240.0" y="1703.0" />
      <LineTo flexible="false" x="840.0" y="1768.0" />
      <QuadTo flexible="false" x1="637.0" y1="1801.0" x2="586.5" y2="1812.5" />
      <QuadTo flexible="false" x1="536.0" y1="1824.0" x2="429.5" y2="1858.5" />
      <QuadTo flexible="false" x1="323.0" y1="1893.0" x2="282.0" y2="1892.0" />
      <QuadTo flexible="false" x1="241.0" y1="1892.0" x2="211.5" y2="1875.0" />
      <QuadTo flexible="false" x1="182.0" y1="1858.0" x2="134.5" y2="1807.5" />
      <QuadTo flexible="false" x1="87.0" y1="1757.0" x2="87.0" y2="1707.0" />
      <QuadTo flexible="false" x1="87.0" y1="1684.0" x2="98.5" y2="1667.5" />
      <QuadTo flexible="false" x1="110.0" y1="1651.0" x2="170.5" y2="1586.5" />
      <QuadTo flexible="false" x1="231.0" y1="1522.0" x2="370.5" y2="1299.5" />
      <QuadTo flexible="false" x1="510.0" y1="1077.0" x2="593.0" y2="929.0" />
      <QuadTo flexible="false" x1="676.0" y1="781.0" x2="749.0" y2="623.0" />
      <QuadTo flexible="false" x1="822.0" y1="465.0" x2="855.5" y2="382.0" />
      <QuadTo flexible="false" x1="889.0" y1="299.0" x2="906.5" y2="236.5" />
      <QuadTo flexible="false" x1="924.0" y1="174.0" x2="931.5" y2="154.5" />
      <QuadTo flexible="false" x1="939.0" y1="135.0" x2="956.0" y2="119.5" />
      <QuadTo flexible="false" x1="973.0" y1="104.0" x2="1016.0" y2="105.0" />
      <QuadTo flexible="false" x1="1048.0" y1="106.0" x2="1080.0" y2="120.5" />
      <QuadTo flexible="false" x1="1112.0" y1="135.0" x2="1160.0" y2="181.0" />
      <QuadTo flexible="false" x1="1208.0" y1="227.0" x2="1222.0" y2="255.5" />
      <QuadTo flexible="false" x1="1236.0" y1="284.0" x2="1236.5" y2="305.0" />
      <QuadTo flexible="false" x1="1237.0" y1="326.0" x2="1220.0" y2="358.0" />
      <QuadTo flexible="false" x1="1210.0" y1="375.0" x2="1189.0" y2="406.5" />
      <QuadTo flexible="false" x1="1168.0" y1="438.0" x2="1124.5" y2="500.5" />
      <QuadTo flexible="false" x1="1081.0" y1="563.0" x2="1066.5" y2="585.0" />
      <QuadTo flexible="false" x1="1052.0" y1="607.0" x2="931.0" y2="796.5" />
      <QuadTo flexible="false" x1="810.0" y1="986.0" x2="802.0" y2="1000.0" />
      <LineTo flexible="false" x="561.0" y="1400.0" />
      <QuadTo flexible="false" x1="518.0" y1="1471.0" x2="499.0" y2="1508.0" />
      <QuadTo flexible="false" x1="480.0" y1="1545.0" x2="468.0" y2="1573.5" />
      <QuadTo flexible="false" x1="456.0" y1="1602.0" x2="463.5" y2="1613.5" />
      <QuadTo flexible="false" x1="471.0" y1="1625.0" x2="486.5" y2="1626.5" />
      <QuadTo flexible="false" x1="502.0" y1="1628.0" x2="558.0" y2="1622.0" />
      <LineTo flexible="false" x="1640.0" y="1511.0" />
      <CubicTo flexible="true" x1="1831.6666666666667" y1="1475.3333333333333" x2="1808.3333333333333" y2="1599.6666666666667" x3="1675.0" y3="1644.0" />
    </Outline>
    <Track>
      <MoveTo x="1075.0" y="240.0" />
      <MoveTo x="265.0" y="1715.0" />
      <MoveTo x="305.0" y="1790.0" />
      <MoveTo x="1685.0" y="1575.0" />
    </Track>
  </Stroke>
  <Stroke>
    <Outline>
      <MoveTo x="1640.0" y="1511.0" />
      <LineTo flexible="false" x="1551.0" y="1243.0" />
      <QuadTo flexible="false" x1="1538.0" y1="1206.0" x2="1537.0" y2="1195.0" />
      <QuadTo flexible="false" x1="1536.0" y1="1184.0" x2="1547.0" y2="1176.0" />
      <QuadTo flexible="false" x1="1558.0" y1="1168.0" x2="1585.0" y2="1189.0" />
      <LineTo flexible="false" x="1649.0" y="1241.0" />
      <QuadTo flexible="false" x1="1714.0" y1="1294.0" x2="1747.0" y2="1323.0" />
      <QuadTo flexible="false" x1="1780.0" y1="1352.0" x2="1837.0" y2="1417.0" />
      <QuadTo flexible="false" x1="1894.0" y1="1482.0" x2="1925.5" y2="1545.0" />
      <QuadTo flexible="false" x1="1957.0" y1="1608.0" x2="1960.0" y2="1688.0" />
      <QuadTo flexible="false" x1="1963.0" y1="1768.0" x2="1950.0" y2="1834.0" />
      <QuadTo flexible="false" x1="1928.0" y1="1943.0" x2="1874.0" y2="1944.0" />
      <QuadTo flexible="false" x1="1838.0" y1="1945.0" x2="1806.5" y2="1916.0" />
      <QuadTo flexible="false" x1="1775.0" y1="1887.0" x2="1734.0" y2="1786.0" />
      <LineTo flexible="false" x="1675.0" y="1644.0" />
      <LineTo flexible="true" x="1640.0" y="1511.0" />
    </Outline>
    <Track>
      <MoveTo x="1615.0" y="1265.0" />
      <MoveTo x="1875.0" y="1845.0" />
    </Track>
  </Stroke>
</Word>

