[
  {
    "outline": [
      {
        "type": "M",
        "x": 1675,
        "y": 1644
      },
      {
        "type": "L",
        "x": 1240,
        "y": 1703
      },
      {
        "type": "L",
        "x": 840,
        "y": 1768
      },
      {
        "type": "Q",
        "begin": {
          "x": 637,
          "y": 1801
        },
        "end": {
          "x": 586.5,
          "y": 1812.5
        }
      },
      {
        "type": "Q",
        "begin": {
          "x": 536,
          "y": 1824
        },
        "end": {
          "x": 429.5,
          "y": 1858.5
        }
      },
      {
        "type": "Q",
        "begin": {
          "x": 323,
          "y": 1893
        },
        "end": {
          "x": 282,
          "y": 1892
        }
      },
      {
        "type": "Q",
        "begin": {
          "x": 241,
          "y": 1892
        },
        "end": {
          "x": 211.5,
          "y": 1875
        }
      },
      {
        "type": "Q",
        "begin": {
          "x": 182,
          "y": 1858
        },
        "end": {
          "x": 134.5,
          "y": 1807.5
        }
      },
      {
        "type": "Q",
        "begin": {
          "x": 87,
          "y": 1757
        },
        "end": {
          "x": 87,
          "y": 1707
        }
      },
      {
        "type": "Q",
        "begin": {
          "x": 87,
          "y": 1684
        },
        "end": {
          "x": 98.5,
          "y": 1667.5
        }
      },
      {
        "type": "Q",
        "begin": {
          "x": 110,
          "y": 1651
        },
        "end": {
          "x": 170.5,
          "y": 1586.5
        }
      },
      {
        "type": "Q",
        "begin": {
          "x": 231,
          "y": 1522
        },
        "end": {
          "x": 370.5,
          "y": 1299.5
        }
      },
      {
        "type": "Q",
        "begin": {
          "x": 510,
          "y": 1077
        },
        "end": {
          "x": 593,
          "y": 929
        }
      },
      {
        "type": "Q",
        "begin": {
          "x": 676,
          "y": 781
        },
        "end": {
          "x": 749,
          "y": 623
        }
      },
      {
        "type": "Q",
        "begin": {
          "x": 822,
          "y": 465
        },
        "end": {
          "x": 855.5,
          "y": 382
        }
      },
      {
        "type": "Q",
        "begin": {
          "x": 889,
          "y": 299
        },
        "end": {
          "x": 906.5,
          "y": 236.5
        }
      },
      {
        "type": "Q",
        "begin": {
          "x": 924,
          "y": 174
        },
        "end": {
          "x": 931.5,
          "y": 154.5
        }
      },
      {
        "type": "Q",
        "begin": {
          "x": 939,
          "y": 135
        },
        "end": {
          "x": 956,
          "y": 119.5
        }
      },
      {
        "type": "Q",
        "begin": {
          "x": 973,
          "y": 104
        },
        "end": {
          "x": 1016,
          "y": 105
        }
      },
      {
        "type": "Q",
        "begin": {
          "x": 1048,
          "y": 106
        },
        "end": {
          "x": 1080,
          "y": 120.5
        }
      },
      {
        "type": "Q",
        "begin": {
          "x": 1112,
          "y": 135
        },
        "end": {
          "x": 1160,
          "y": 181
        }
      },
      {
        "type": "Q",
        "begin": {
          "x": 1208,
          "y": 227
        },
        "end": {
          "x": 1222,
          "y": 255.5
        }
      },
      {
        "type": "Q",
        "begin": {
          "x": 1236,
          "y": 284
        },
        "end": {
          "x": 1236.5,
          "y": 305
        }
      },
      {
        "type": "Q",
        "begin": {
          "x": 1237,
          "y": 326
        },
        "end": {
          "x": 1220,
          "y": 358
        }
      },
      {
        "type": "Q",
        "begin": {
          "x": 1210,
          "y": 375
        },
        "end": {
          "x": 1189,
          "y": 406.5
        }
      },
      {
        "type": "Q",
        "begin": {
          "x": 1168,
          "y": 438
        },
        "end": {
          "x": 1124.5,
          "y": 500.5
        }
      },
      {
        "type": "Q",
        "begin": {
          "x": 1081,
          "y": 563
        },
        "end": {
          "x": 1066.5,
          "y": 585
        }
      },
      {
        "type": "Q",
        "begin": {
          "x": 1052,
          "y": 607
        },
        "end": {
          "x": 931,
          "y": 796.5
        }
      },
      {
        "type": "Q",
        "begin": {
          "x": 810,
          "y": 986
        },
        "end": {
          "x": 802,
          "y": 1000
        }
      },
      {
        "type": "L",
        "x": 561,
        "y": 1400
      },
      {
        "type": "Q",
        "begin": {
          "x": 518,
          "y": 1471
        },
        "end": {
          "x": 499,
          "y": 1508
        }
      },
      {
        "type": "Q",
        "begin": {
          "x": 480,
          "y": 1545
        },
        "end": {
          "x": 468,
          "y": 1573.5
        }
      },
      {
        "type": "Q",
        "begin": {
          "x": 456,
          "y": 1602
        },
        "end": {
          "x": 463.5,
          "y": 1613.5
        }
      },
      {
        "type": "Q",
        "begin": {
          "x": 471,
          "y": 1625
        },
        "end": {
          "x": 486.5,
          "y": 1626.5
        }
      },
      {
        "type": "Q",
        "begin": {
          "x": 502,
          "y": 1628
        },
        "end": {
          "x": 558,
          "y": 1622
        }
      },
      {
        "type": "L",
        "x": 1640,
        "y": 1511
      },
      {
        "type": "C",
        "begin": {
          "x": 1831.6666666666667,
          "y": 1475.3333333333333
        },
        "mid": {
          "x": 1808.3333333333333,
          "y": 1599.6666666666667
        },
        "end": {
          "x": 1675,
          "y": 1644
        }
      }
    ],
    "track": [
      {
        "x": 1075,
        "y": 240
      },
      {
        "x": 265,
        "y": 1715
      },
      {
        "x": 305,
        "y": 1790
      },
      {
        "x": 1685,
        "y": 1575
      }
    ]
  },
  {
    "outline": [
      {
        "type": "M",
        "x": 1640,
        "y": 1511
      },
      {
        "type": "L",
        "x": 1551,
        "y": 1243
      },
      {
        "type": "Q",
        "begin": {
          "x": 1538,
          "y": 1206
        },
        "end": {
          "x": 1537,
          "y": 1195
        }
      },
      {
        "type": "Q",
        "begin": {
          "x": 1536,
          "y": 1184
        },
        "end": {
          "x": 1547,
          "y": 1176
        }
      },
      {
        "type": "Q",
        "begin": {
          "x": 1558,
          "y": 1168
        },
        "end": {
          "x": 1585,
          "y": 1189
        }
      },
      {
        "type": "L",
        "x": 1649,
        "y": 1241
      },
      {
        "type": "Q",
        "begin": {
          "x": 1714,
          "y": 1294
        },
        "end": {
          "x": 1747,
          "y": 1323
        }
      },
      {
        "type": "Q",
        "begin": {
          "x": 1780,
          "y": 1352
        },
        "end": {
          "x": 1837,
          "y": 1417
        }
      },
      {
        "type": "Q",
        "begin": {
          "x": 1894,
          "y": 1482
        },
        "end": {
          "x": 1925.5,
          "y": 1545
        }
      },
      {
        "type": "Q",
        "begin": {
          "x": 1957,
          "y": 1608
        },
        "end": {
          "x": 1960,
          "y": 1688
        }
      },
      {
        "type": "Q",
        "begin": {
          "x": 1963,
          "y": 1768
        },
        "end": {
          "x": 1950,
          "y": 1834
        }
      },
      {
        "type": "Q",
        "begin": {
          "x": 1928,
          "y": 1943
        },
        "end": {
          "x": 1874,
          "y": 1944
        }
      },
      {
        "type": "Q",
        "begin": {
          "x": 1838,
          "y": 1945
        },
        "end": {
          "x": 1806.5,
          "y": 1916
        }
      },
      {
        "type": "Q",
        "begin": {
          "x": 1775,
          "y": 1887
        },
        "end": {
          "x": 1734,
          "y": 1786
        }
      },
      {
        "type": "L",
        "x": 1675,
        "y": 1644
      },
      {
        "type": "L",
        "x": 1640,
        "y": 1511
      }
    ],
    "track": [
      {
        "x": 1615,
        "y": 1265
      },
      {
        "x": 1875,
        "y": 1845
      }
    ]
  }
]
