[
  {
    "outline": [
      {
        "type": "M",
        "x": 388,
        "y": 1368
      },
      {
        "type": "L",
        "x": 301,
        "y": 1232
      },
      {
        "type": "Q",
        "begin": {
          "x": 243,
          "y": 1142
        },
        "end": {
          "x": 232.5,
          "y": 1113
        }
      },
      {
        "type": "Q",
        "begin": {
          "x": 222,
          "y": 1084
        },
        "end": {
          "x": 222,
          "y": 1059.5
        }
      },
      {
        "type": "Q",
        "begin": {
          "x": 222,
          "y": 1035
        },
        "end": {
          "x": 230,
          "y": 1007
        }
      },
      {
        "type": "Q",
        "begin": {
          "x": 236,
          "y": 986
        },
        "end": {
          "x": 253.5,
          "y": 953.5
        }
      },
      {
        "type": "Q",
        "begin": {
          "x": 271,
          "y": 921
        },
        "end": {
          "x": 299,
          "y": 877
        }
      },
      {
        "type": "L",
        "x": 382,
        "y": 749
      },
      {
        "type": "Q",
        "begin": {
          "x": 407,
          "y": 709
        },
        "end": {
          "x": 447,
          "y": 636
        }
      },
      {
        "type": "L",
        "x": 506,
        "y": 529
      },
      {
        "type": "Q",
        "begin": {
          "x": 523,
          "y": 498
        },
        "end": {
          "x": 569,
          "y": 396
        }
      },
      {
        "type": "Q",
        "begin": {
          "x": 615,
          "y": 294
        },
        "end": {
          "x": 628.5,
          "y": 254
        }
      },
      {
        "type": "Q",
        "begin": {
          "x": 642,
          "y": 214
        },
        "end": {
          "x": 649.5,
          "y": 182
        }
      },
      {
        "type": "Q",
        "begin": {
          "x": 657,
          "y": 150
        },
        "end": {
          "x": 660,
          "y": 133
        }
      },
      {
        "type": "L",
        "x": 666,
        "y": 97
      },
      {
        "type": "Q",
        "begin": {
          "x": 670,
          "y": 76
        },
        "end": {
          "x": 680,
          "y": 66
        }
      },
      {
        "type": "Q",
        "begin": {
          "x": 690,
          "y": 56
        },
        "end": {
          "x": 711,
          "y": 56
        }
      },
      {
        "type": "Q",
        "begin": {
          "x": 742,
          "y": 57
        },
        "end": {
          "x": 794.5,
          "y": 90.5
        }
      },
      {
        "type": "Q",
        "begin": {
          "x": 847,
          "y": 124
        },
        "end": {
          "x": 878,
          "y": 175.5
        }
      },
      {
        "type": "Q",
        "begin": {
          "x": 909,
          "y": 227
        },
        "end": {
          "x": 909,
          "y": 267
        }
      },
      {
        "type": "Q",
        "begin": {
          "x": 908,
          "y": 298
        },
        "end": {
          "x": 895.5,
          "y": 312.5
        }
      },
      {
        "type": "Q",
        "begin": {
          "x": 883,
          "y": 327
        },
        "end": {
          "x": 849.5,
          "y": 356.5
        }
      },
      {
        "type": "Q",
        "begin": {
          "x": 816,
          "y": 386
        },
        "end": {
          "x": 791,
          "y": 420
        }
      },
      {
        "type": "Q",
        "begin": {
          "x": 766,
          "y": 454
        },
        "end": {
          "x": 724.5,
          "y": 518
        }
      },
      {
        "type": "Q",
        "begin": {
          "x": 683,
          "y": 582
        },
        "end": {
          "x": 643,
          "y": 638
        }
      },
      {
        "type": "L",
        "x": 514,
        "y": 819
      },
      {
        "type": "Q",
        "begin": {
          "x": 467,
          "y": 885
        },
        "end": {
          "x": 431.5,
          "y": 933.5
        }
      },
      {
        "type": "Q",
        "begin": {
          "x": 396,
          "y": 982
        },
        "end": {
          "x": 383,
          "y": 1011
        }
      },
      {
        "type": "Q",
        "begin": {
          "x": 370,
          "y": 1040
        },
        "end": {
          "x": 368.5,
          "y": 1063.5
        }
      },
      {
        "type": "Q",
        "begin": {
          "x": 367,
          "y": 1087
        },
        "end": {
          "x": 379,
          "y": 1110
        }
      },
      {
        "type": "Q",
        "begin": {
          "x": 386,
          "y": 1125
        },
        "end": {
          "x": 413,
          "y": 1156
        }
      },
      {
        "type": "L",
        "x": 454,
        "y": 1204
      },
      {
        "type": "L",
        "x": 693,
        "y": 1463
      },
      {
        "type": "Q",
        "begin": {
          "x": 846,
          "y": 1630
        },
        "end": {
          "x": 869.5,
          "y": 1662
        }
      },
      {
        "type": "Q",
        "begin": {
          "x": 893,
          "y": 1694
        },
        "end": {
          "x": 900.5,
          "y": 1732
        }
      },
      {
        "type": "Q",
        "begin": {
          "x": 908,
          "y": 1770
        },
        "end": {
          "x": 908.5,
          "y": 1809.5
        }
      },
      {
        "type": "Q",
        "begin": {
          "x": 909,
          "y": 1849
        },
        "end": {
          "x": 902,
          "y": 1884
        }
      },
      {
        "type": "Q",
        "begin": {
          "x": 895,
          "y": 1915
        },
        "end": {
          "x": 876,
          "y": 1954
        }
      },
      {
        "type": "Q",
        "begin": {
          "x": 857,
          "y": 1993
        },
        "end": {
          "x": 803,
          "y": 1994
        }
      },
      {
        "type": "Q",
        "begin": {
          "x": 733,
          "y": 1996
        },
        "end": {
          "x": 705.5,
          "y": 1952.5
        }
      },
      {
        "type": "Q",
        "begin": {
          "x": 678,
          "y": 1909
        },
        "end": {
          "x": 669,
          "y": 1892.5
        }
      },
      {
        "type": "Q",
        "begin": {
          "x": 660,
          "y": 1876
        },
        "end": {
          "x": 628.5,
          "y": 1810.5
        }
      },
      {
        "type": "Q",
        "begin": {
          "x": 597,
          "y": 1745
        },
        "end": {
          "x": 511.5,
          "y": 1587
        }
      },
      {
        "type": "Q",
        "begin": {
          "x": 426,
          "y": 1429
        },
        "end": {
          "x": 388,
          "y": 1368
        }
      }
    ],
    "track": [
      {
        "x": 780,
        "y": 190
      },
      {
        "x": 280,
        "y": 1050
      },
      {
        "x": 795,
        "y": 1835
      }
    ]
  },
  {
    "outline": [
      {
        "type": "M",
        "x": 1262,
        "y": 1314
      },
      {
        "type": "L",
        "x": 1180,
        "y": 1190
      },
      {
        "type": "Q",
        "begin": {
          "x": 1141,
          "y": 1132
        },
        "end": {
          "x": 1130.5,
          "y": 1102.5
        }
      },
      {
        "type": "Q",
        "begin": {
          "x": 1120,
          "y": 1073
        },
        "end": {
          "x": 1119.5,
          "y": 1052.5
        }
      },
      {
        "type": "Q",
        "begin": {
          "x": 1119,
          "y": 1032
        },
        "end": {
          "x": 1128,
          "y": 1005
        }
      },
      {
        "type": "Q",
        "begin": {
          "x": 1142,
          "y": 959
        },
        "end": {
          "x": 1169.5,
          "y": 915.5
        }
      },
      {
        "type": "Q",
        "begin": {
          "x": 1197,
          "y": 872
        },
        "end": {
          "x": 1251.5,
          "y": 792.5
        }
      },
      {
        "type": "Q",
        "begin": {
          "x": 1306,
          "y": 713
        },
        "end": {
          "x": 1347.5,
          "y": 643.5
        }
      },
      {
        "type": "Q",
        "begin": {
          "x": 1389,
          "y": 574
        },
        "end": {
          "x": 1405,
          "y": 545
        }
      },
      {
        "type": "Q",
        "begin": {
          "x": 1421,
          "y": 516
        },
        "end": {
          "x": 1469.5,
          "y": 414
        }
      },
      {
        "type": "Q",
        "begin": {
          "x": 1518,
          "y": 312
        },
        "end": {
          "x": 1533,
          "y": 263
        }
      },
      {
        "type": "Q",
        "begin": {
          "x": 1548,
          "y": 214
        },
        "end": {
          "x": 1554,
          "y": 188.5
        }
      },
      {
        "type": "Q",
        "begin": {
          "x": 1560,
          "y": 163
        },
        "end": {
          "x": 1563,
          "y": 142.5
        }
      },
      {
        "type": "Q",
        "begin": {
          "x": 1566,
          "y": 122
        },
        "end": {
          "x": 1571.5,
          "y": 98
        }
      },
      {
        "type": "Q",
        "begin": {
          "x": 1577,
          "y": 74
        },
        "end": {
          "x": 1611,
          "y": 75
        }
      },
      {
        "type": "Q",
        "begin": {
          "x": 1646,
          "y": 77
        },
        "end": {
          "x": 1695.5,
          "y": 109
        }
      },
      {
        "type": "Q",
        "begin": {
          "x": 1745,
          "y": 141
        },
        "end": {
          "x": 1785,
          "y": 203
        }
      },
      {
        "type": "Q",
        "begin": {
          "x": 1825,
          "y": 265
        },
        "end": {
          "x": 1825.5,
          "y": 295.5
        }
      },
      {
        "type": "Q",
        "begin": {
          "x": 1826,
          "y": 326
        },
        "end": {
          "x": 1821,
          "y": 335
        }
      },
      {
        "type": "Q",
        "begin": {
          "x": 1816,
          "y": 344
        },
        "end": {
          "x": 1804.5,
          "y": 351.5
        }
      },
      {
        "type": "Q",
        "begin": {
          "x": 1793,
          "y": 359
        },
        "end": {
          "x": 1761.5,
          "y": 379
        }
      },
      {
        "type": "Q",
        "begin": {
          "x": 1730,
          "y": 399
        },
        "end": {
          "x": 1702.5,
          "y": 433
        }
      },
      {
        "type": "Q",
        "begin": {
          "x": 1675,
          "y": 467
        },
        "end": {
          "x": 1578,
          "y": 601
        }
      },
      {
        "type": "L",
        "x": 1404,
        "y": 842
      },
      {
        "type": "L",
        "x": 1352,
        "y": 911
      },
      {
        "type": "Q",
        "begin": {
          "x": 1299,
          "y": 982
        },
        "end": {
          "x": 1284.5,
          "y": 1012.5
        }
      },
      {
        "type": "Q",
        "begin": {
          "x": 1270,
          "y": 1043
        },
        "end": {
          "x": 1271,
          "y": 1066
        }
      },
      {
        "type": "Q",
        "begin": {
          "x": 1271,
          "y": 1083
        },
        "end": {
          "x": 1280,
          "y": 1103.5
        }
      },
      {
        "type": "Q",
        "begin": {
          "x": 1289,
          "y": 1124
        },
        "end": {
          "x": 1331,
          "y": 1169
        }
      },
      {
        "type": "L",
        "x": 1538,
        "y": 1395
      },
      {
        "type": "Q",
        "begin": {
          "x": 1538,
          "y": 1396
        },
        "end": {
          "x": 1602,
          "y": 1462
        }
      },
      {
        "type": "L",
        "x": 1659,
        "y": 1522
      },
      {
        "type": "Q",
        "begin": {
          "x": 1731,
          "y": 1597
        },
        "end": {
          "x": 1756.5,
          "y": 1629
        }
      },
      {
        "type": "Q",
        "begin": {
          "x": 1782,
          "y": 1661
        },
        "end": {
          "x": 1796.5,
          "y": 1697
        }
      },
      {
        "type": "Q",
        "begin": {
          "x": 1811,
          "y": 1733
        },
        "end": {
          "x": 1811.5,
          "y": 1784
        }
      },
      {
        "type": "Q",
        "begin": {
          "x": 1812,
          "y": 1835
        },
        "end": {
          "x": 1805,
          "y": 1868
        }
      },
      {
        "type": "Q",
        "begin": {
          "x": 1797,
          "y": 1903
        },
        "end": {
          "x": 1776.5,
          "y": 1938.5
        }
      },
      {
        "type": "Q",
        "begin": {
          "x": 1756,
          "y": 1974
        },
        "end": {
          "x": 1710,
          "y": 1975
        }
      },
      {
        "type": "Q",
        "begin": {
          "x": 1659,
          "y": 1977
        },
        "end": {
          "x": 1628,
          "y": 1951.5
        }
      },
      {
        "type": "Q",
        "begin": {
          "x": 1597,
          "y": 1926
        },
        "end": {
          "x": 1566,
          "y": 1864
        }
      },
      {
        "type": "L",
        "x": 1489,
        "y": 1711
      },
      {
        "type": "Q",
        "begin": {
          "x": 1458,
          "y": 1650
        },
        "end": {
          "x": 1372,
          "y": 1500.5
        }
      },
      {
        "type": "Q",
        "begin": {
          "x": 1286,
          "y": 1351
        },
        "end": {
          "x": 1262,
          "y": 1314
        }
      }
    ],
    "track": [
      {
        "x": 1695,
        "y": 200
      },
      {
        "x": 1200,
        "y": 1030
      },
      {
        "x": 1700,
        "y": 1830
      }
    ]
  }
]
