<?xml version="1.0" encoding="UTF-8"?>
<Word version="1.0">
  <Stroke>
    <Outline>
      <MoveTo x="388.0" y="1368.0" />
      <LineTo flexible="false" x="301.0" y="1232.0" />
      <QuadTo flexible="false" x1="243.0" y1="1142.0" x2="232.5" y2="1113.0" />
      <QuadTo flexible="false" x1="222.0" y1="1084.0" x2="222.0" y2="1059.5" />
      <QuadTo flexible="false" x1="222.0" y1="1035.0" x2="230.0" y2="1007.0" />
      <QuadTo flexible="false" x1="236.0" y1="986.0" x2="253.5" y2="953.5" />
      <QuadTo flexible="false" x1="271.0" y1="921.0" x2="299.0" y2="877.0" />
      <LineTo flexible="false" x="382.0" y="749.0" />
      <QuadTo flexible="false" x1="407.0" y1="709.0" x2="447.0" y2="636.0" />
      <LineTo flexible="false" x="506.0" y="529.0" />
      <QuadTo flexible="false" x1="523.0" y1="498.0" x2="569.0" y2="396.0" />
      <QuadTo flexible="false" x1="615.0" y1="294.0" x2="628.5" y2="254.0" />
      <QuadTo flexible="false" x1="642.0" y1="214.0" x2="649.5" y2="182.0" />
      <QuadTo flexible="false" x1="657.0" y1="150.0" x2="660.0" y2="133.0" />
      <LineTo flexible="false" x="666.0" y="97.0" />
      <QuadTo flexible="false" x1="670.0" y1="76.0" x2="680.0" y2="66.0" />
      <QuadTo flexible="false" x1="690.0" y1="56.0" x2="711.0" y2="56.0" />
      <QuadTo flexible="false" x1="742.0" y1="57.0" x2="794.5" y2="90.5" />
      <QuadTo flexible="false" x1="847.0" y1="124.0" x2="878.0" y2="175.5" />
      <QuadTo flexible="false" x1="909.0" y1="227.0" x2="909.0" y2="267.0" />
      <QuadTo flexible="false" x1="908.0" y1="298.0" x2="895.5" y2="312.5" />
      <QuadTo flexible="false" x1="883.0" y1="327.0" x2="849.5" y2="356.5" />
      <QuadTo flexible="false" x1="816.0" y1="386.0" x2="791.0" y2="420.0" />
      <QuadTo flexible="false" x1="766.0" y1="454.0" x2="724.5" y2="518.0" />
      <QuadTo flexible="false" x1="683.0" y1="582.0" x2="643.0" y2="638.0" />
      <LineTo flexible="false" x="514.0" y="819.0" />
      <QuadTo flexible="false" x1="467.0" y1="885.0" x2="431.5" y2="933.5" />
      <QuadTo flexible="false" x1="396.0" y1="982.0" x2="383.0" y2="1011.0" />
      <QuadTo flexible="false" x1="370.0" y1="1040.0" x2="368.5" y2="1063.5" />
      <QuadTo flexible="false" x1="367.0" y1="1087.0" x2="379.0" y2="1110.0" />
      <QuadTo flexible="false" x1="386.0" y1="1125.0" x2="413.0" y2="1156.0" />
      <LineTo flexible="false" x="454.0" y="1204.0" />
      <LineTo flexible="false" x="693.0" y="1463.0" />
      <QuadTo flexible="false" x1="846.0" y1="1630.0" x2="869.5" y2="1662.0" />
      <QuadTo flexible="false" x1="893.0" y1="1694.0" x2="900.5" y2="1732.0" />
      <QuadTo flexible="false" x1="908.0" y1="1770.0" x2="908.5" y2="1809.5" />
      <QuadTo flexible="false" x1="909.0" y1="1849.0" x2="902.0" y2="1884.0" />
      <QuadTo flexible="false" x1="895.0" y1="1915.0" x2="876.0" y2="1954.0" />
      <QuadTo flexible="false" x1="857.0" y1="1993.0" x2="803.0" y2="1994.0" />
      <QuadTo flexible="false" x1="733.0" y1="1996.0" x2="705.5" y2="1952.5" />
      <QuadTo flexible="false" x1="678.0" y1="1909.0" x2="669.0" y2="1892.5" />
      <QuadTo flexible="false" x1="660.0" y1="1876.0" x2="628.5" y2="1810.5" />
      <QuadTo flexible="false" x1="597.0" y1="1745.0" x2="511.5" y2="1587.0" />
      <QuadTo flexible="false" x1="426.0" y1="1429.0" x2="388.0" y2="1368.0" />
    </Outline>
    <Track>
      <MoveTo x="780.0" y="190.0" />
      <MoveTo x="280.0" y="1050.0" />
      <MoveTo x="795.0" y="1835.0" />
    </Track>
  </Stroke>
  <Stroke>
    <Outline>
      <MoveTo x="1262.0" y="1314.0" />
      <LineTo flexible="false" x="1180.0" y="1190.0" />
      <QuadTo flexible="false" x1="1141.0" y1="1132.0" x2="1130.5" y2="1102.5" />
      <QuadTo flexible="false" x1="1120.0" y1="1073.0" x2="1119.5" y2="1052.5" />
      <QuadTo flexible="false" x1="1119.0" y1="1032.0" x2="1128.0" y2="1005.0" />
      <QuadTo flexible="false" x1="1142.0" y1="959.0" x2="1169.5" y2="915.5" />
      <QuadTo flexible="false" x1="1197.0" y1="872.0" x2="1251.5" y2="792.5" />
      <QuadTo flexible="false" x1="1306.0" y1="713.0" x2="1347.5" y2="643.5" />
      <QuadTo flexible="false" x1="1389.0" y1="574.0" x2="1405.0" y2="545.0" />
      <QuadTo flexible="false" x1="1421.0" y1="516.0" x2="1469.5" y2="414.0" />
      <QuadTo flexible="false" x1="1518.0" y1="312.0" x2="1533.0" y2="263.0" />
      <QuadTo flexible="false" x1="1548.0" y1="214.0" x2="1554.0" y2="188.5" />
      <QuadTo flexible="false" x1="1560.0" y1="163.0" x2="1563.0" y2="142.5" />
      <QuadTo flexible="false" x1="1566.0" y1="122.0" x2="1571.5" y2="98.0" />
      <QuadTo flexible="false" x1="1577.0" y1="74.0" x2="1611.0" y2="75.0" />
      <QuadTo flexible="false" x1="1646.0" y1="77.0" x2="1695.5" y2="109.0" />
      <QuadTo flexible="false" x1="1745.0" y1="141.0" x2="1785.0" y2="203.0" />
      <QuadTo flexible="false" x1="1825.0" y1="265.0" x2="1825.5" y2="295.5" />
      <QuadTo flexible="false" x1="1826.0" y1="326.0" x2="1821.0" y2="335.0" />
      <QuadTo flexible="false" x1="1816.0" y1="344.0" x2="1804.5" y2="351.5" />
      <QuadTo flexible="false" x1="1793.0" y1="359.0" x2="1761.5" y2="379.0" />
      <QuadTo flexible="false" x1="1730.0" y1="399.0" x2="1702.5" y2="433.0" />
      <QuadTo flexible="false" x1="1675.0" y1="467.0" x2="1578.0" y2="601.0" />
      <LineTo flexible="false" x="1404.0" y="842.0" />
      <LineTo flexible="false" x="1352.0" y="911.0" />
      <QuadTo flexible="false" x1="1299.0" y1="982.0" x2="1284.5" y2="1012.5" />
      <QuadTo flexible="false" x1="1270.0" y1="1043.0" x2="1271.0" y2="1066.0" />
      <QuadTo flexible="false" x1="1271.0" y1="1083.0" x2="1280.0" y2="1103.5" />
      <QuadTo flexible="false" x1="1289.0" y1="1124.0" x2="1331.0" y2="1169.0" />
      <LineTo flexible="false" x="1538.0" y="1395.0" />
      <QuadTo flexible="false" x1="1538.0" y1="1396.0" x2="1602.0" y2="1462.0" />
      <LineTo flexible="false" x="1659.0" y="1522.0" />
      <QuadTo flexible="false" x1="1731.0" y1="1597.0" x2="1756.5" y2="1629.0" />
      <QuadTo flexible="false" x1="1782.0" y1="1661.0" x2="1796.5" y2="1697.0" />
      <QuadTo flexible="false" x1="1811.0" y1="1733.0" x2="1811.5" y2="1784.0" />
      <QuadTo flexible="false" x1="1812.0" y1="1835.0" x2="1805.0" y2="1868.0" />
      <QuadTo flexible="false" x1="1797.0" y1="1903.0" x2="1776.5" y2="1938.5" />
      <QuadTo flexible="false" x1="1756.0" y1="1974.0" x2="1710.0" y2="1975.0" />
      <QuadTo flexible="false" x1="1659.0" y1="1977.0" x2="1628.0" y2="1951.5" />
      <QuadTo flexible="false" x1="1597.0" y1="1926.0" x2="1566.0" y2="1864.0" />
      <LineTo flexible="false" x="1489.0" y="1711.0" />
      <QuadTo flexible="false" x1="1458.0" y1="1650.0" x2="1372.0" y2="1500.5" />
      <QuadTo flexible="false" x1="1286.0" y1="1351.0" x2="1262.0" y2="1314.0" />
    </Outline>
    <Track>
      <MoveTo x="1695.0" y="200.0" />
      <MoveTo x="1200.0" y="1030.0" />
      <MoveTo x="1700.0" y="1830.0" />
    </Track>
  </Stroke>
</Word>

