<?xml version="1.0" encoding="UTF-8"?>
<Word version="1.0">
  <Stroke>
    <Outline>
      <MoveTo x="612.0" y="828.0" />
      <LineTo flexible="false" x="578.0" y="837.0" />
      <QuadTo flexible="false" x1="562.0" y1="842.0" x2="555.5" y2="841.5" />
      <QuadTo flexible="false" x1="549.0" y1="841.0" x2="545.5" y2="834.0" />
      <QuadTo flexible="false" x1="542.0" y1="827.0" x2="565.0" y2="812.0" />
      <LineTo flexible="false" x="606.0" y="785.0" />
      <QuadTo flexible="false" x1="841.0" y1="631.0" x2="965.0" y2="479.5" />
      <QuadTo flexible="false" x1="1089.0" y1="328.0" x2="1117.0" y2="284.5" />
      <QuadTo flexible="false" x1="1145.0" y1="241.0" x2="1169.5" y2="199.5" />
      <QuadTo flexible="false" x1="1194.0" y1="158.0" x2="1205.5" y2="130.5" />
      <QuadTo flexible="false" x1="1217.0" y1="103.0" x2="1226.5" y2="87.0" />
      <QuadTo flexible="false" x1="1236.0" y1="71.0" x2="1265.0" y2="69.0" />
      <QuadTo flexible="false" x1="1296.0" y1="68.0" x2="1344.5" y2="96.5" />
      <QuadTo flexible="false" x1="1393.0" y1="125.0" x2="1409.0" y2="165.5" />
      <QuadTo flexible="false" x1="1425.0" y1="206.0" x2="1425.0" y2="231.0" />
      <QuadTo flexible="false" x1="1424.0" y1="250.0" x2="1418.0" y2="260.5" />
      <QuadTo flexible="false" x1="1412.0" y1="271.0" x2="1399.0" y2="280.0" />
      <LineTo flexible="false" x="1375.0" y="295.0" />
      <QuadTo flexible="false" x1="1365.0" y1="302.0" x2="1353.0" y2="311.5" />
      <QuadTo flexible="false" x1="1341.0" y1="321.0" x2="1325.0" y2="335.0" />
      <QuadTo flexible="false" x1="1309.0" y1="349.0" x2="1201.5" y2="450.5" />
      <QuadTo flexible="false" x1="1094.0" y1="552.0" x2="990.5" y2="628.0" />
      <QuadTo flexible="false" x1="887.0" y1="704.0" x2="775.5" y2="759.0" />
      <QuadTo flexible="false" x1="664.0" y1="814.0" x2="612.0" y2="828.0" />
    </Outline>
    <Track>
      <MoveTo x="1310.0" y="150.0" />
      <MoveTo x="880.0" y="655.0" />
      <MoveTo x="650.0" y="790.0" />
    </Track>
  </Stroke>
  <Stroke>
    <Outline>
      <MoveTo x="1087.0" y="1105.0" />
      <QuadTo flexible="false" x1="1042.0" y1="1132.0" x2="860.0" y2="1244.0" />
      <QuadTo flexible="false" x1="678.0" y1="1356.0" x2="500.0" y2="1397.0" />
      <LineTo flexible="false" x="470.0" y="1404.0" />
      <QuadTo flexible="false" x1="458.0" y1="1407.0" x2="454.5" y2="1400.0" />
      <QuadTo flexible="false" x1="451.0" y1="1393.0" x2="465.0" y2="1384.0" />
      <LineTo flexible="false" x="503.0" y="1361.0" />
      <QuadTo flexible="false" x1="659.0" y1="1267.0" x2="812.0" y2="1154.5" />
      <QuadTo flexible="false" x1="965.0" y1="1042.0" x2="1045.0" y2="965.5" />
      <QuadTo flexible="false" x1="1125.0" y1="889.0" x2="1217.0" y2="791.5" />
      <QuadTo flexible="false" x1="1309.0" y1="694.0" x2="1338.0" y2="652.0" />
      <QuadTo flexible="false" x1="1367.0" y1="610.0" x2="1382.5" y2="583.5" />
      <QuadTo flexible="false" x1="1398.0" y1="557.0" x2="1409.0" y2="547.5" />
      <QuadTo flexible="false" x1="1420.0" y1="538.0" x2="1447.0" y2="538.0" />
      <QuadTo flexible="false" x1="1482.0" y1="539.0" x2="1536.5" y2="577.0" />
      <QuadTo flexible="false" x1="1591.0" y1="615.0" x2="1592.0" y2="647.0" />
      <QuadTo flexible="false" x1="1593.0" y1="679.0" x2="1587.0" y2="694.0" />
      <QuadTo flexible="false" x1="1580.0" y1="709.0" x2="1565.5" y2="726.5" />
      <QuadTo flexible="false" x1="1551.0" y1="744.0" x2="1510.0" y2="779.0" />
      <QuadTo flexible="false" x1="1469.0" y1="814.0" x2="1410.0" y2="861.0" />
      <LineTo flexible="false" x="1352.0" y="909.0" />
      <LineTo flexible="false" x="1197.0" y="1028.0" />
      <LineTo flexible="true" x="1087.0" y="1105.0" />
    </Outline>
    <Track>
      <MoveTo x="1475.0" y="635.0" />
      <MoveTo x="790.0" y="1250.0" />
      <MoveTo x="560.0" y="1345.0" />
    </Track>
  </Stroke>
  <Stroke>
    <Outline>
      <MoveTo x="1197.0" y="1028.0" />
      <QuadTo flexible="false" x1="1240.0" y1="1069.0" x2="1255.0" y2="1095.5" />
      <QuadTo flexible="false" x1="1270.0" y1="1122.0" x2="1270.0" y2="1153.0" />
      <LineTo flexible="false" x="1263.0" y="1475.0" />
      <QuadTo flexible="false" x1="1261.0" y1="1533.0" x2="1263.0" y2="1580.0" />
      <QuadTo flexible="false" x1="1265.0" y1="1627.0" x2="1268.5" y2="1689.0" />
      <QuadTo flexible="false" x1="1272.0" y1="1751.0" x2="1277.0" y2="1785.5" />
      <QuadTo flexible="false" x1="1282.0" y1="1820.0" x2="1283.0" y2="1828.0" />
      <QuadTo flexible="false" x1="1284.0" y1="1836.0" x2="1284.0" y2="1845.0" />
      <QuadTo flexible="false" x1="1282.0" y1="1867.0" x2="1273.5" y2="1884.0" />
      <QuadTo flexible="false" x1="1265.0" y1="1901.0" x2="1235.0" y2="1940.5" />
      <QuadTo flexible="false" x1="1205.0" y1="1980.0" x2="1173.0" y2="1979.0" />
      <QuadTo flexible="false" x1="1149.0" y1="1979.0" x2="1121.5" y2="1947.0" />
      <QuadTo flexible="false" x1="1094.0" y1="1915.0" x2="1088.5" y2="1887.5" />
      <QuadTo flexible="false" x1="1083.0" y1="1860.0" x2="1083.5" y2="1842.5" />
      <QuadTo flexible="false" x1="1084.0" y1="1825.0" x2="1088.0" y2="1755.0" />
      <LineTo flexible="false" x="1099.0" y="1560.0" />
      <QuadTo flexible="false" x1="1103.0" y1="1473.0" x2="1103.5" y2="1411.0" />
      <QuadTo flexible="false" x1="1104.0" y1="1349.0" x2="1102.0" y2="1274.0" />
      <QuadTo flexible="false" x1="1100.0" y1="1224.0" x2="1098.5" y2="1180.5" />
      <QuadTo flexible="false" x1="1097.0" y1="1137.0" x2="1092.0" y2="1121.0" />
      <LineTo flexible="false" x="1087.0" y="1105.0" />
      <LineTo flexible="true" x="1197.0" y="1028.0" />
    </Outline>
    <Track>
      <MoveTo x="1175.0" y="1120.0" />
      <MoveTo x="1170.0" y="1905.0" />
    </Track>
  </Stroke>
</Word>

