[
  {
    "outline": [
      {
        "type": "M",
        "x": 612,
        "y": 828
      },
      {
        "type": "L",
        "x": 578,
        "y": 837
      },
      {
        "type": "Q",
        "begin": {
          "x": 562,
          "y": 842
        },
        "end": {
          "x": 555.5,
          "y": 841.5
        }
      },
      {
        "type": "Q",
        "begin": {
          "x": 549,
          "y": 841
        },
        "end": {
          "x": 545.5,
          "y": 834
        }
      },
      {
        "type": "Q",
        "begin": {
          "x": 542,
          "y": 827
        },
        "end": {
          "x": 565,
          "y": 812
        }
      },
      {
        "type": "L",
        "x": 606,
        "y": 785
      },
      {
        "type": "Q",
        "begin": {
          "x": 841,
          "y": 631
        },
        "end": {
          "x": 965,
          "y": 479.5
        }
      },
      {
        "type": "Q",
        "begin": {
          "x": 1089,
          "y": 328
        },
        "end": {
          "x": 1117,
          "y": 284.5
        }
      },
      {
        "type": "Q",
        "begin": {
          "x": 1145,
          "y": 241
        },
        "end": {
          "x": 1169.5,
          "y": 199.5
        }
      },
      {
        "type": "Q",
        "begin": {
          "x": 1194,
          "y": 158
        },
        "end": {
          "x": 1205.5,
          "y": 130.5
        }
      },
      {
        "type": "Q",
        "begin": {
          "x": 1217,
          "y": 103
        },
        "end": {
          "x": 1226.5,
          "y": 87
        }
      },
      {
        "type": "Q",
        "begin": {
          "x": 1236,
          "y": 71
        },
        "end": {
          "x": 1265,
          "y": 69
        }
      },
      {
        "type": "Q",
        "begin": {
          "x": 1296,
          "y": 68
        },
        "end": {
          "x": 1344.5,
          "y": 96.5
        }
      },
      {
        "type": "Q",
        "begin": {
          "x": 1393,
          "y": 125
        },
        "end": {
          "x": 1409,
          "y": 165.5
        }
      },
      {
        "type": "Q",
        "begin": {
          "x": 1425,
          "y": 206
        },
        "end": {
          "x": 1425,
          "y": 231
        }
      },
      {
        "type": "Q",
        "begin": {
          "x": 1424,
          "y": 250
        },
        "end": {
          "x": 1418,
          "y": 260.5
        }
      },
      {
        "type": "Q",
        "begin": {
          "x": 1412,
          "y": 271
        },
        "end": {
          "x": 1399,
          "y": 280
        }
      },
      {
        "type": "L",
        "x": 1375,
        "y": 295
      },
      {
        "type": "Q",
        "begin": {
          "x": 1365,
          "y": 302
        },
        "end": {
          "x": 1353,
          "y": 311.5
        }
      },
      {
        "type": "Q",
        "begin": {
          "x": 1341,
          "y": 321
        },
        "end": {
          "x": 1325,
          "y": 335
        }
      },
      {
        "type": "Q",
        "begin": {
          "x": 1309,
          "y": 349
        },
        "end": {
          "x": 1201.5,
          "y": 450.5
        }
      },
      {
        "type": "Q",
        "begin": {
          "x": 1094,
          "y": 552
        },
        "end": {
          "x": 990.5,
          "y": 628
        }
      },
      {
        "type": "Q",
        "begin": {
          "x": 887,
          "y": 704
        },
        "end": {
          "x": 775.5,
          "y": 759
        }
      },
      {
        "type": "Q",
        "begin": {
          "x": 664,
          "y": 814
        },
        "end": {
          "x": 612,
          "y": 828
        }
      }
    ],
    "track": [
      {
        "x": 1310,
        "y": 150
      },
      {
        "x": 880,
        "y": 655
      },
      {
        "x": 650,
        "y": 790
      }
    ]
  },
  {
    "outline": [
      {
        "type": "M",
        "x": 1087,
        "y": 1105
      },
      {
        "type": "Q",
        "begin": {
          "x": 1042,
          "y": 1132
        },
        "end": {
          "x": 860,
          "y": 1244
        }
      },
      {
        "type": "Q",
        "begin": {
          "x": 678,
          "y": 1356
        },
        "end": {
          "x": 500,
          "y": 1397
        }
      },
      {
        "type": "L",
        "x": 470,
        "y": 1404
      },
      {
        "type": "Q",
        "begin": {
          "x": 458,
          "y": 1407
        },
        "end": {
          "x": 454.5,
          "y": 1400
        }
      },
      {
        "type": "Q",
        "begin": {
          "x": 451,
          "y": 1393
        },
        "end": {
          "x": 465,
          "y": 1384
        }
      },
      {
        "type": "L",
        "x": 503,
        "y": 1361
      },
      {
        "type": "Q",
        "begin": {
          "x": 659,
          "y": 1267
        },
        "end": {
          "x": 812,
          "y": 1154.5
        }
      },
      {
        "type": "Q",
        "begin": {
          "x": 965,
          "y": 1042
        },
        "end": {
          "x": 1045,
          "y": 965.5
        }
      },
      {
        "type": "Q",
        "begin": {
          "x": 1125,
          "y": 889
        },
        "end": {
          "x": 1217,
          "y": 791.5
        }
      },
      {
        "type": "Q",
        "begin": {
          "x": 1309,
          "y": 694
        },
        "end": {
          "x": 1338,
          "y": 652
        }
      },
      {
        "type": "Q",
        "begin": {
          "x": 1367,
          "y": 610
        },
        "end": {
          "x": 1382.5,
          "y": 583.5
        }
      },
      {
        "type": "Q",
        "begin": {
          "x": 1398,
          "y": 557
        },
        "end": {
          "x": 1409,
          "y": 547.5
        }
      },
      {
        "type": "Q",
        "begin": {
          "x": 1420,
          "y": 538
        },
        "end": {
          "x": 1447,
          "y": 538
        }
      },
      {
        "type": "Q",
        "begin": {
          "x": 1482,
          "y": 539
        },
        "end": {
          "x": 1536.5,
          "y": 577
        }
      },
      {
        "type": "Q",
        "begin": {
          "x": 1591,
          "y": 615
        },
        "end": {
          "x": 1592,
          "y": 647
        }
      },
      {
        "type": "Q",
        "begin": {
          "x": 1593,
          "y": 679
        },
        "end": {
          "x": 1587,
          "y": 694
        }
      },
      {
        "type": "Q",
        "begin": {
          "x": 1580,
          "y": 709
        },
        "end": {
          "x": 1565.5,
          "y": 726.5
        }
      },
      {
        "type": "Q",
        "begin": {
          "x": 1551,
          "y": 744
        },
        "end": {
          "x": 1510,
          "y": 779
        }
      },
      {
        "type": "Q",
        "begin": {
          "x": 1469,
          "y": 814
        },
        "end": {
          "x": 1410,
          "y": 861
        }
      },
      {
        "type": "L",
        "x": 1352,
        "y": 909
      },
      {
        "type": "L",
        "x": 1197,
        "y": 1028
      },
      {
        "type": "L",
        "x": 1087,
        "y": 1105
      }
    ],
    "track": [
      {
        "x": 1475,
        "y": 635
      },
      {
        "x": 790,
        "y": 1250
      },
      {
        "x": 560,
        "y": 1345
      }
    ]
  },
  {
    "outline": [
      {
        "type": "M",
        "x": 1197,
        "y": 1028
      },
      {
        "type": "Q",
        "begin": {
          "x": 1240,
          "y": 1069
        },
        "end": {
          "x": 1255,
          "y": 1095.5
        }
      },
      {
        "type": "Q",
        "begin": {
          "x": 1270,
          "y": 1122
        },
        "end": {
          "x": 1270,
          "y": 1153
        }
      },
      {
        "type": "L",
        "x": 1263,
        "y": 1475
      },
      {
        "type": "Q",
        "begin": {
          "x": 1261,
          "y": 1533
        },
        "end": {
          "x": 1263,
          "y": 1580
        }
      },
      {
        "type": "Q",
        "begin": {
          "x": 1265,
          "y": 1627
        },
        "end": {
          "x": 1268.5,
          "y": 1689
        }
      },
      {
        "type": "Q",
        "begin": {
          "x": 1272,
          "y": 1751
        },
        "end": {
          "x": 1277,
          "y": 1785.5
        }
      },
      {
        "type": "Q",
        "begin": {
          "x": 1282,
          "y": 1820
        },
        "end": {
          "x": 1283,
          "y": 1828
        }
      },
      {
        "type": "Q",
        "begin": {
          "x": 1284,
          "y": 1836
        },
        "end": {
          "x": 1284,
          "y": 1845
        }
      },
      {
        "type": "Q",
        "begin": {
          "x": 1282,
          "y": 1867
        },
        "end": {
          "x": 1273.5,
          "y": 1884
        }
      },
      {
        "type": "Q",
        "begin": {
          "x": 1265,
          "y": 1901
        },
        "end": {
          "x": 1235,
          "y": 1940.5
        }
      },
      {
        "type": "Q",
        "begin": {
          "x": 1205,
          "y": 1980
        },
        "end": {
          "x": 1173,
          "y": 1979
        }
      },
      {
        "type": "Q",
        "begin": {
          "x": 1149,
          "y": 1979
        },
        "end": {
          "x": 1121.5,
          "y": 1947
        }
      },
      {
        "type": "Q",
        "begin": {
          "x": 1094,
          "y": 1915
        },
        "end": {
          "x": 1088.5,
          "y": 1887.5
        }
      },
      {
        "type": "Q",
        "begin": {
          "x": 1083,
          "y": 1860
        },
        "end": {
          "x": 1083.5,
          "y": 1842.5
        }
      },
      {
        "type": "Q",
        "begin": {
          "x": 1084,
          "y": 1825
        },
        "end": {
          "x": 1088,
          "y": 1755
        }
      },
      {
        "type": "L",
        "x": 1099,
        "y": 1560
      },
      {
        "type": "Q",
        "begin": {
          "x": 1103,
          "y": 1473
        },
        "end": {
          "x": 1103.5,
          "y": 1411
        }
      },
      {
        "type": "Q",
        "begin": {
          "x": 1104,
          "y": 1349
        },
        "end": {
          "x": 1102,
          "y": 1274
        }
      },
      {
        "type": "Q",
        "begin": {
          "x": 1100,
          "y": 1224
        },
        "end": {
          "x": 1098.5,
          "y": 1180.5
        }
      },
      {
        "type": "Q",
        "begin": {
          "x": 1097,
          "y": 1137
        },
        "end": {
          "x": 1092,
          "y": 1121
        }
      },
      {
        "type": "L",
        "x": 1087,
        "y": 1105
      },
      {
        "type": "L",
        "x": 1197,
        "y": 1028
      }
    ],
    "track": [
      {
        "x": 1175,
        "y": 1120
      },
      {
        "x": 1170,
        "y": 1905
      }
    ]
  }
]
