<?xml version="1.0" encoding="UTF-8"?>
<Word version="1.0">
  <Stroke>
    <Outline>
      <MoveTo x="872.0" y="888.0" />
      <LineTo flexible="false" x="647.0" y="922.0" />
      <LineTo flexible="false" x="531.0" y="947.0" />
      <QuadTo flexible="false" x1="434.0" y1="968.0" x2="410.0" y2="975.0" />
      <QuadTo flexible="false" x1="386.0" y1="982.0" x2="373.0" y2="982.0" />
      <QuadTo flexible="false" x1="320.0" y1="983.0" x2="289.5" y2="931.5" />
      <QuadTo flexible="false" x1="259.0" y1="880.0" x2="261.0" y2="854.0" />
      <QuadTo flexible="false" x1="262.0" y1="821.0" x2="283.0" y2="814.0" />
      <QuadTo flexible="false" x1="304.0" y1="807.0" x2="329.0" y2="808.0" />
      <LineTo flexible="false" x="395.0" y="811.0" />
      <QuadTo flexible="false" x1="418.0" y1="811.0" x2="488.0" y2="803.0" />
      <LineTo flexible="false" x="891.0" y="757.0" />
      <LineTo flexible="true" x="1064.0" y="733.0" />
      <LineTo flexible="false" x="1270.0" y="714.0" />
      <QuadTo flexible="false" x1="1340.0" y1="708.0" x2="1500.0" y2="684.5" />
      <QuadTo flexible="false" x1="1660.0" y1="661.0" x2="1678.0" y2="660.0" />
      <QuadTo flexible="false" x1="1765.0" y1="660.0" x2="1790.5" y2="701.0" />
      <QuadTo flexible="false" x1="1816.0" y1="742.0" x2="1816.0" y2="762.0" />
      <QuadTo flexible="false" x1="1815.0" y1="779.0" x2="1798.0" y2="812.5" />
      <QuadTo flexible="false" x1="1781.0" y1="846.0" x2="1732.0" y2="842.0" />
      <LineTo flexible="false" x="1636.0" y="836.0" />
      <QuadTo flexible="false" x1="1462.0" y1="826.0" x2="1195.0" y2="851.0" />
      <LineTo flexible="true" x="1089.0" y="866.0" />
      <LineTo flexible="false" x="1039.0" y="876.0" />
      <LineTo flexible="true" x="872.0" y="888.0" />
    </Outline>
    <Track>
      <MoveTo x="390.0" y="900.0" />
      <MoveTo x="1700.0" y="725.0" />
    </Track>
  </Stroke>
  <Stroke>
    <Outline>
      <MoveTo x="891.0" y="757.0" />
      <QuadTo flexible="false" x1="905.0" y1="709.0" x2="910.5" y2="685.0" />
      <QuadTo flexible="false" x1="916.0" y1="661.0" x2="924.5" y2="604.5" />
      <QuadTo flexible="false" x1="933.0" y1="548.0" x2="936.5" y2="509.5" />
      <QuadTo flexible="false" x1="940.0" y1="471.0" x2="944.0" y2="398.0" />
      <QuadTo flexible="false" x1="948.0" y1="325.0" x2="948.0" y2="291.0" />
      <QuadTo flexible="false" x1="947.0" y1="268.0" x2="943.5" y2="224.5" />
      <QuadTo flexible="false" x1="940.0" y1="181.0" x2="935.5" y2="157.0" />
      <QuadTo flexible="false" x1="931.0" y1="133.0" x2="930.5" y2="120.0" />
      <QuadTo flexible="false" x1="930.0" y1="107.0" x2="938.0" y2="93.0" />
      <QuadTo flexible="false" x1="950.0" y1="73.0" x2="984.0" y2="72.0" />
      <QuadTo flexible="false" x1="1018.0" y1="72.0" x2="1077.0" y2="91.0" />
      <QuadTo flexible="false" x1="1136.0" y1="110.0" x2="1149.0" y2="133.0" />
      <QuadTo flexible="false" x1="1162.0" y1="156.0" x2="1163.0" y2="172.0" />
      <QuadTo flexible="false" x1="1164.0" y1="188.0" x2="1159.0" y2="216.0" />
      <QuadTo flexible="false" x1="1137.0" y1="319.0" x2="1129.5" y2="360.0" />
      <QuadTo flexible="false" x1="1122.0" y1="401.0" x2="1111.0" y2="464.0" />
      <QuadTo flexible="false" x1="1100.0" y1="527.0" x2="1090.0" y2="587.0" />
      <LineTo flexible="false" x="1064.0" y="733.0" />
      <LineTo flexible="true" x="1039.0" y="876.0" />
      <QuadTo flexible="false" x1="988.0" y1="1026.0" x2="956.0" y2="1097.5" />
      <QuadTo flexible="false" x1="924.0" y1="1169.0" x2="864.5" y2="1276.5" />
      <QuadTo flexible="false" x1="805.0" y1="1384.0" x2="760.5" y2="1447.5" />
      <QuadTo flexible="false" x1="716.0" y1="1511.0" x2="645.5" y2="1593.0" />
      <QuadTo flexible="false" x1="575.0" y1="1675.0" x2="480.5" y2="1763.5" />
      <QuadTo flexible="false" x1="386.0" y1="1852.0" x2="213.0" y2="1923.0" />
      <LineTo flexible="false" x="150.0" y="1949.0" />
      <QuadTo flexible="false" x1="129.0" y1="1958.0" x2="120.5" y2="1954.0" />
      <QuadTo flexible="false" x1="112.0" y1="1950.0" x2="110.5" y2="1942.0" />
      <QuadTo flexible="false" x1="109.0" y1="1934.0" x2="125.0" y2="1920.0" />
      <LineTo flexible="false" x="170.0" y="1884.0" />
      <QuadTo flexible="false" x1="343.0" y1="1746.0" x2="476.5" y2="1571.5" />
      <QuadTo flexible="false" x1="610.0" y1="1397.0" x2="649.5" y2="1333.5" />
      <QuadTo flexible="false" x1="689.0" y1="1270.0" x2="747.0" y2="1163.0" />
      <QuadTo flexible="false" x1="805.0" y1="1056.0" x2="815.0" y2="1030.0" />
      <LineTo flexible="false" x="872.0" y="888.0" />
      <LineTo flexible="true" x="891.0" y="757.0" />
    </Outline>
    <Track>
      <MoveTo x="1025.0" y="165.0" />
      <MoveTo x="945.0" y="950.0" />
      <MoveTo x="560.0" y="1620.0" />
      <MoveTo x="200.0" y="1895.0" />
    </Track>
  </Stroke>
  <Stroke>
    <Outline>
      <MoveTo x="1195.0" y="851.0" />
      <QuadTo flexible="false" x1="1255.0" y1="924.0" x2="1262.0" y2="949.5" />
      <QuadTo flexible="false" x1="1269.0" y1="975.0" x2="1269.0" y2="995.0" />
      <QuadTo flexible="false" x1="1268.0" y1="1014.0" x2="1261.0" y2="1057.0" />
      <QuadTo flexible="false" x1="1254.0" y1="1100.0" x2="1247.0" y2="1160.0" />
      <LineTo flexible="false" x="1235.0" y="1257.0" />
      <QuadTo flexible="false" x1="1225.0" y1="1336.0" x2="1221.0" y2="1410.0" />
      <LineTo flexible="false" x="1204.0" y="1673.0" />
      <QuadTo flexible="false" x1="1201.0" y1="1714.0" x2="1208.0" y2="1745.0" />
      <QuadTo flexible="false" x1="1215.0" y1="1776.0" x2="1242.5" y2="1798.0" />
      <QuadTo flexible="false" x1="1270.0" y1="1820.0" x2="1394.0" y2="1818.0" />
      <LineTo flexible="false" x="1487.0" y="1817.0" />
      <QuadTo flexible="false" x1="1527.0" y1="1817.0" x2="1595.0" y2="1810.0" />
      <QuadTo flexible="false" x1="1663.0" y1="1803.0" x2="1729.5" y2="1787.5" />
      <QuadTo flexible="false" x1="1796.0" y1="1772.0" x2="1820.0" y2="1770.0" />
      <QuadTo flexible="false" x1="1844.0" y1="1768.0" x2="1859.5" y2="1773.5" />
      <QuadTo flexible="false" x1="1875.0" y1="1779.0" x2="1904.0" y2="1805.5" />
      <QuadTo flexible="false" x1="1933.0" y1="1832.0" x2="1935.5" y2="1863.5" />
      <QuadTo flexible="false" x1="1938.0" y1="1895.0" x2="1909.0" y2="1920.0" />
      <QuadTo flexible="false" x1="1867.0" y1="1956.0" x2="1662.0" y2="1966.0" />
      <QuadTo flexible="false" x1="1457.0" y1="1976.0" x2="1370.0" y2="1976.0" />
      <QuadTo flexible="false" x1="1239.0" y1="1977.0" x2="1171.0" y2="1957.5" />
      <QuadTo flexible="false" x1="1103.0" y1="1938.0" x2="1065.0" y2="1875.0" />
      <QuadTo flexible="false" x1="1027.0" y1="1812.0" x2="1033.0" y2="1728.0" />
      <LineTo flexible="false" x="1089.0" y="866.0" />
      <LineTo flexible="true" x="1195.0" y="851.0" />
    </Outline>
    <Track>
      <MoveTo x="1160.0" y="945.0" />
      <MoveTo x="1105.0" y="1790.0" />
      <MoveTo x="1190.0" y="1890.0" />
      <MoveTo x="1825.0" y="1860.0" />
    </Track>
  </Stroke>
</Word>

