[
  {
    "outline": [
      {
        "type": "M",
        "x": 1425,
        "y": 1160
      },
      {
        "type": "L",
        "x": 993,
        "y": 1358
      },
      {
        "type": "Q",
        "begin": {
          "x": 797,
          "y": 1448
        },
        "end": {
          "x": 742.5,
          "y": 1466
        }
      },
      {
        "type": "Q",
        "begin": {
          "x": 688,
          "y": 1484
        },
        "end": {
          "x": 660,
          "y": 1482
        }
      },
      {
        "type": "Q",
        "begin": {
          "x": 618,
          "y": 1481
        },
        "end": {
          "x": 554.5,
          "y": 1442.5
        }
      },
      {
        "type": "Q",
        "begin": {
          "x": 491,
          "y": 1404
        },
        "end": {
          "x": 474.5,
          "y": 1375.5
        }
      },
      {
        "type": "Q",
        "begin": {
          "x": 458,
          "y": 1347
        },
        "end": {
          "x": 454,
          "y": 1326.5
        }
      },
      {
        "type": "Q",
        "begin": {
          "x": 450,
          "y": 1306
        },
        "end": {
          "x": 451,
          "y": 1278
        }
      },
      {
        "type": "Q",
        "begin": {
          "x": 451,
          "y": 1262
        },
        "end": {
          "x": 454,
          "y": 1209.5
        }
      },
      {
        "type": "Q",
        "begin": {
          "x": 457,
          "y": 1157
        },
        "end": {
          "x": 456,
          "y": 1121
        }
      },
      {
        "type": "L",
        "x": 441,
        "y": 615
      },
      {
        "type": "Q",
        "begin": {
          "x": 438,
          "y": 546
        },
        "end": {
          "x": 438,
          "y": 527
        }
      },
      {
        "type": "L",
        "x": 434,
        "y": 459
      },
      {
        "type": "Q",
        "begin": {
          "x": 431,
          "y": 418
        },
        "end": {
          "x": 429,
          "y": 402.5
        }
      },
      {
        "type": "Q",
        "begin": {
          "x": 427,
          "y": 387
        },
        "end": {
          "x": 418.5,
          "y": 346.5
        }
      },
      {
        "type": "Q",
        "begin": {
          "x": 410,
          "y": 306
        },
        "end": {
          "x": 407,
          "y": 286.5
        }
      },
      {
        "type": "Q",
        "begin": {
          "x": 404,
          "y": 267
        },
        "end": {
          "x": 404,
          "y": 244
        }
      },
      {
        "type": "Q",
        "begin": {
          "x": 404,
          "y": 221
        },
        "end": {
          "x": 408,
          "y": 207
        }
      },
      {
        "type": "Q",
        "begin": {
          "x": 425,
          "y": 158
        },
        "end": {
          "x": 488,
          "y": 156
        }
      },
      {
        "type": "Q",
        "begin": {
          "x": 534,
          "y": 156
        },
        "end": {
          "x": 598,
          "y": 195.5
        }
      },
      {
        "type": "Q",
        "begin": {
          "x": 662,
          "y": 235
        },
        "end": {
          "x": 660,
          "y": 295
        }
      },
      {
        "type": "Q",
        "begin": {
          "x": 659,
          "y": 304
        },
        "end": {
          "x": 654,
          "y": 330.5
        }
      },
      {
        "type": "Q",
        "begin": {
          "x": 649,
          "y": 357
        },
        "end": {
          "x": 648,
          "y": 375.5
        }
      },
      {
        "type": "Q",
        "begin": {
          "x": 647,
          "y": 394
        },
        "end": {
          "x": 647,
          "y": 434
        }
      },
      {
        "type": "L",
        "x": 646,
        "y": 494
      },
      {
        "type": "L",
        "x": 640,
        "y": 1173
      },
      {
        "type": "Q",
        "begin": {
          "x": 639,
          "y": 1204
        },
        "end": {
          "x": 645.5,
          "y": 1226.5
        }
      },
      {
        "type": "Q",
        "begin": {
          "x": 652,
          "y": 1249
        },
        "end": {
          "x": 665,
          "y": 1259
        }
      },
      {
        "type": "Q",
        "begin": {
          "x": 678,
          "y": 1269
        },
        "end": {
          "x": 711,
          "y": 1268
        }
      },
      {
        "type": "Q",
        "begin": {
          "x": 822,
          "y": 1266
        },
        "end": {
          "x": 1154,
          "y": 1137
        }
      },
      {
        "type": "L",
        "x": 1431,
        "y": 1030
      },
      {
        "type": "C",
        "begin": {
          "x": 1564,
          "y": 998.3333333333333
        },
        "mid": {
          "x": 1492,
          "y": 1141.6666666666667
        },
        "end": {
          "x": 1425,
          "y": 1160
        }
      }
    ],
    "track": [
      {
        "x": 525,
        "y": 255
      },
      {
        "x": 525,
        "y": 1295
      },
      {
        "x": 635,
        "y": 1385
      },
      {
        "x": 1435,
        "y": 1100
      }
    ]
  },
  {
    "outline": [
      {
        "type": "M",
        "x": 1431,
        "y": 1030
      },
      {
        "type": "L",
        "x": 1428,
        "y": 707
      },
      {
        "type": "Q",
        "begin": {
          "x": 1427,
          "y": 672
        },
        "end": {
          "x": 1422.5,
          "y": 521
        }
      },
      {
        "type": "Q",
        "begin": {
          "x": 1418,
          "y": 370
        },
        "end": {
          "x": 1416,
          "y": 331
        }
      },
      {
        "type": "Q",
        "begin": {
          "x": 1414,
          "y": 292
        },
        "end": {
          "x": 1411.5,
          "y": 260.5
        }
      },
      {
        "type": "Q",
        "begin": {
          "x": 1409,
          "y": 229
        },
        "end": {
          "x": 1405,
          "y": 189.5
        }
      },
      {
        "type": "Q",
        "begin": {
          "x": 1401,
          "y": 150
        },
        "end": {
          "x": 1402,
          "y": 136
        }
      },
      {
        "type": "Q",
        "begin": {
          "x": 1404,
          "y": 67
        },
        "end": {
          "x": 1468,
          "y": 65
        }
      },
      {
        "type": "Q",
        "begin": {
          "x": 1519,
          "y": 64
        },
        "end": {
          "x": 1569.5,
          "y": 105.5
        }
      },
      {
        "type": "Q",
        "begin": {
          "x": 1620,
          "y": 147
        },
        "end": {
          "x": 1630.5,
          "y": 164
        }
      },
      {
        "type": "Q",
        "begin": {
          "x": 1641,
          "y": 181
        },
        "end": {
          "x": 1642.5,
          "y": 197.5
        }
      },
      {
        "type": "Q",
        "begin": {
          "x": 1644,
          "y": 214
        },
        "end": {
          "x": 1640,
          "y": 240
        }
      },
      {
        "type": "Q",
        "begin": {
          "x": 1631,
          "y": 292
        },
        "end": {
          "x": 1626,
          "y": 332
        }
      },
      {
        "type": "Q",
        "begin": {
          "x": 1621,
          "y": 372
        },
        "end": {
          "x": 1619,
          "y": 399.5
        }
      },
      {
        "type": "Q",
        "begin": {
          "x": 1617,
          "y": 427
        },
        "end": {
          "x": 1617,
          "y": 500
        }
      },
      {
        "type": "L",
        "x": 1614,
        "y": 648
      },
      {
        "type": "L",
        "x": 1608,
        "y": 1093
      },
      {
        "type": "Q",
        "begin": {
          "x": 1607,
          "y": 1157
        },
        "end": {
          "x": 1610,
          "y": 1311.5
        }
      },
      {
        "type": "Q",
        "begin": {
          "x": 1613,
          "y": 1466
        },
        "end": {
          "x": 1614,
          "y": 1491
        }
      },
      {
        "type": "L",
        "x": 1621,
        "y": 1785
      },
      {
        "type": "Q",
        "begin": {
          "x": 1622,
          "y": 1837
        },
        "end": {
          "x": 1614.5,
          "y": 1879
        }
      },
      {
        "type": "Q",
        "begin": {
          "x": 1607,
          "y": 1921
        },
        "end": {
          "x": 1577.5,
          "y": 1952.5
        }
      },
      {
        "type": "Q",
        "begin": {
          "x": 1548,
          "y": 1984
        },
        "end": {
          "x": 1522,
          "y": 1984
        }
      },
      {
        "type": "Q",
        "begin": {
          "x": 1504,
          "y": 1985
        },
        "end": {
          "x": 1463,
          "y": 1959
        }
      },
      {
        "type": "Q",
        "begin": {
          "x": 1422,
          "y": 1933
        },
        "end": {
          "x": 1414,
          "y": 1880.5
        }
      },
      {
        "type": "Q",
        "begin": {
          "x": 1406,
          "y": 1828
        },
        "end": {
          "x": 1407,
          "y": 1808
        }
      },
      {
        "type": "L",
        "x": 1410,
        "y": 1756
      },
      {
        "type": "L",
        "x": 1419,
        "y": 1517
      },
      {
        "type": "Q",
        "begin": {
          "x": 1421,
          "y": 1464
        },
        "end": {
          "x": 1423,
          "y": 1315
        }
      },
      {
        "type": "L",
        "x": 1425,
        "y": 1160
      },
      {
        "type": "L",
        "x": 1431,
        "y": 1030
      }
    ],
    "track": [
      {
        "x": 1515,
        "y": 175
      },
      {
        "x": 1525,
        "y": 1860
      }
    ]
  }
]
