[
  {
    "outline": [
      {
        "type": "M",
        "x": 681,
        "y": 802
      },
      {
        "type": "L",
        "x": 1033,
        "y": 453
      },
      {
        "type": "Q",
        "begin": {
          "x": 1133,
          "y": 354
        },
        "end": {
          "x": 1208.5,
          "y": 262.5
        }
      },
      {
        "type": "Q",
        "begin": {
          "x": 1284,
          "y": 171
        },
        "end": {
          "x": 1308,
          "y": 133.5
        }
      },
      {
        "type": "Q",
        "begin": {
          "x": 1332,
          "y": 96
        },
        "end": {
          "x": 1342,
          "y": 89
        }
      },
      {
        "type": "Q",
        "begin": {
          "x": 1352,
          "y": 82
        },
        "end": {
          "x": 1370,
          "y": 80
        }
      },
      {
        "type": "Q",
        "begin": {
          "x": 1396,
          "y": 78
        },
        "end": {
          "x": 1445.5,
          "y": 105.5
        }
      },
      {
        "type": "Q",
        "begin": {
          "x": 1495,
          "y": 133
        },
        "end": {
          "x": 1524.5,
          "y": 181.5
        }
      },
      {
        "type": "Q",
        "begin": {
          "x": 1554,
          "y": 230
        },
        "end": {
          "x": 1553,
          "y": 254
        }
      },
      {
        "type": "Q",
        "begin": {
          "x": 1551,
          "y": 278
        },
        "end": {
          "x": 1536.5,
          "y": 293.5
        }
      },
      {
        "type": "Q",
        "begin": {
          "x": 1522,
          "y": 309
        },
        "end": {
          "x": 1500,
          "y": 320
        }
      },
      {
        "type": "L",
        "x": 1460,
        "y": 339
      },
      {
        "type": "Q",
        "begin": {
          "x": 1381,
          "y": 381
        },
        "end": {
          "x": 1217,
          "y": 524
        }
      },
      {
        "type": "L",
        "x": 918,
        "y": 785
      },
      {
        "type": "Q",
        "begin": {
          "x": 901,
          "y": 800
        },
        "end": {
          "x": 793,
          "y": 887
        }
      },
      {
        "type": "Q",
        "begin": {
          "x": 685,
          "y": 974
        },
        "end": {
          "x": 669.5,
          "y": 1007.5
        }
      },
      {
        "type": "Q",
        "begin": {
          "x": 654,
          "y": 1041
        },
        "end": {
          "x": 655,
          "y": 1054
        }
      },
      {
        "type": "Q",
        "begin": {
          "x": 656,
          "y": 1075
        },
        "end": {
          "x": 676.5,
          "y": 1096.5
        }
      },
      {
        "type": "Q",
        "begin": {
          "x": 697,
          "y": 1118
        },
        "end": {
          "x": 750,
          "y": 1149
        }
      },
      {
        "type": "L",
        "x": 1093,
        "y": 1358
      },
      {
        "type": "Q",
        "begin": {
          "x": 1190,
          "y": 1418
        },
        "end": {
          "x": 1332.5,
          "y": 1521.5
        }
      },
      {
        "type": "Q",
        "begin": {
          "x": 1475,
          "y": 1625
        },
        "end": {
          "x": 1520,
          "y": 1675
        }
      },
      {
        "type": "Q",
        "begin": {
          "x": 1565,
          "y": 1725
        },
        "end": {
          "x": 1580,
          "y": 1757.5
        }
      },
      {
        "type": "Q",
        "begin": {
          "x": 1595,
          "y": 1790
        },
        "end": {
          "x": 1600,
          "y": 1821.5
        }
      },
      {
        "type": "Q",
        "begin": {
          "x": 1605,
          "y": 1853
        },
        "end": {
          "x": 1604,
          "y": 1875
        }
      },
      {
        "type": "Q",
        "begin": {
          "x": 1601,
          "y": 1903
        },
        "end": {
          "x": 1584.5,
          "y": 1934.5
        }
      },
      {
        "type": "Q",
        "begin": {
          "x": 1568,
          "y": 1966
        },
        "end": {
          "x": 1521,
          "y": 1970
        }
      },
      {
        "type": "Q",
        "begin": {
          "x": 1464,
          "y": 1976
        },
        "end": {
          "x": 1417.5,
          "y": 1932.5
        }
      },
      {
        "type": "Q",
        "begin": {
          "x": 1371,
          "y": 1889
        },
        "end": {
          "x": 1272,
          "y": 1783
        }
      },
      {
        "type": "Q",
        "begin": {
          "x": 1173,
          "y": 1677
        },
        "end": {
          "x": 1053,
          "y": 1573
        }
      },
      {
        "type": "Q",
        "begin": {
          "x": 933,
          "y": 1469
        },
        "end": {
          "x": 809.5,
          "y": 1368.5
        }
      },
      {
        "type": "Q",
        "begin": {
          "x": 686,
          "y": 1268
        },
        "end": {
          "x": 589.5,
          "y": 1213.5
        }
      },
      {
        "type": "Q",
        "begin": {
          "x": 493,
          "y": 1159
        },
        "end": {
          "x": 472,
          "y": 1141.5
        }
      },
      {
        "type": "Q",
        "begin": {
          "x": 451,
          "y": 1124
        },
        "end": {
          "x": 447.5,
          "y": 1086.5
        }
      },
      {
        "type": "Q",
        "begin": {
          "x": 444,
          "y": 1049
        },
        "end": {
          "x": 444,
          "y": 1037
        }
      },
      {
        "type": "Q",
        "begin": {
          "x": 444,
          "y": 1022
        },
        "end": {
          "x": 448,
          "y": 1013.5
        }
      },
      {
        "type": "Q",
        "begin": {
          "x": 452,
          "y": 1005
        },
        "end": {
          "x": 459,
          "y": 999
        }
      },
      {
        "type": "Q",
        "begin": {
          "x": 466,
          "y": 993
        },
        "end": {
          "x": 491,
          "y": 974
        }
      },
      {
        "type": "Q",
        "begin": {
          "x": 516,
          "y": 955
        },
        "end": {
          "x": 585,
          "y": 891.5
        }
      },
      {
        "type": "Q",
        "begin": {
          "x": 654,
          "y": 828
        },
        "end": {
          "x": 681,
          "y": 802
        }
      }
    ],
    "track": [
      {
        "x": 1415,
        "y": 180
      },
      {
        "x": 520,
        "y": 1070
      },
      {
        "x": 1510,
        "y": 1855
      }
    ]
  }
]
