<?xml version="1.0" encoding="UTF-8"?>
<Word version="1.0" unicode="˙">
  <Stroke>
    <Outline>
      <MoveTo x="1005.62" y="829.98" />
      <CubicTo flexible="false" x1="1112.02" y1="829.98" x2="1198.21" y2="916.28" x3="1198.21" y3="1022.58" />
      <CubicTo flexible="false" x1="1198.21" y1="1128.87" x2="1111.91" y2="1215.17" x3="1005.62" y3="1215.17" />
      <CubicTo flexible="false" x1="899.32" y1="1215.17" x2="813.02" y2="1128.87" x3="813.02" y3="1022.58" />
      <CubicTo flexible="false" x1="813.02" y1="916.28" x2="899.32" y2="829.98" x3="1005.62" y3="829.98" />
    </Outline>
    <Track>
      <MoveTo x="996.36" y="1014.06" />
      <MoveTo x="1016.34" y="1033.96" />
    </Track>
  </Stroke>
</Word>