[
  {
    "outline": [
      {
        "type": "M",
        "x": 1003,
        "y": 1920
      },
      {
        "type": "L",
        "x": 1088,
        "y": 1835
      },
      {
        "type": "Q",
        "begin": {
          "x": 1212,
          "y": 1711
        },
        "end": {
          "x": 1278.5,
          "y": 1621.5
        }
      },
      {
        "type": "Q",
        "begin": {
          "x": 1345,
          "y": 1532
        },
        "end": {
          "x": 1404.5,
          "y": 1442
        }
      },
      {
        "type": "Q",
        "begin": {
          "x": 1464,
          "y": 1352
        },
        "end": {
          "x": 1485.5,
          "y": 1314
        }
      },
      {
        "type": "Q",
        "begin": {
          "x": 1507,
          "y": 1276
        },
        "end": {
          "x": 1548.5,
          "y": 1195.5
        }
      },
      {
        "type": "Q",
        "begin": {
          "x": 1590,
          "y": 1115
        },
        "end": {
          "x": 1605,
          "y": 1078
        }
      },
      {
        "type": "L",
        "x": 1630,
        "y": 1012
      },
      {
        "type": "Q",
        "begin": {
          "x": 1643,
          "y": 977
        },
        "end": {
          "x": 1641.5,
          "y": 958.5
        }
      },
      {
        "type": "Q",
        "begin": {
          "x": 1640,
          "y": 940
        },
        "end": {
          "x": 1630,
          "y": 932
        }
      },
      {
        "type": "Q",
        "begin": {
          "x": 1620,
          "y": 924
        },
        "end": {
          "x": 1585,
          "y": 925
        }
      },
      {
        "type": "L",
        "x": 1441,
        "y": 932
      },
      {
        "type": "Q",
        "begin": {
          "x": 1212,
          "y": 944
        },
        "end": {
          "x": 935.5,
          "y": 975
        }
      },
      {
        "type": "Q",
        "begin": {
          "x": 659,
          "y": 1006
        },
        "end": {
          "x": 550,
          "y": 1026
        }
      },
      {
        "type": "Q",
        "begin": {
          "x": 441,
          "y": 1046
        },
        "end": {
          "x": 380,
          "y": 1064
        }
      },
      {
        "type": "Q",
        "begin": {
          "x": 319,
          "y": 1082
        },
        "end": {
          "x": 302,
          "y": 1082
        }
      },
      {
        "type": "Q",
        "begin": {
          "x": 247,
          "y": 1084
        },
        "end": {
          "x": 182.5,
          "y": 1022
        }
      },
      {
        "type": "Q",
        "begin": {
          "x": 118,
          "y": 960
        },
        "end": {
          "x": 120,
          "y": 925
        }
      },
      {
        "type": "Q",
        "begin": {
          "x": 120,
          "y": 918
        },
        "end": {
          "x": 125,
          "y": 907
        }
      },
      {
        "type": "L",
        "x": 140,
        "y": 874
      },
      {
        "type": "Q",
        "begin": {
          "x": 148,
          "y": 854
        },
        "end": {
          "x": 158,
          "y": 795.5
        }
      },
      {
        "type": "Q",
        "begin": {
          "x": 168,
          "y": 737
        },
        "end": {
          "x": 172,
          "y": 706.5
        }
      },
      {
        "type": "Q",
        "begin": {
          "x": 176,
          "y": 676
        },
        "end": {
          "x": 181.5,
          "y": 615
        }
      },
      {
        "type": "Q",
        "begin": {
          "x": 187,
          "y": 554
        },
        "end": {
          "x": 189,
          "y": 505
        }
      },
      {
        "type": "L",
        "x": 196,
        "y": 317
      },
      {
        "type": "Q",
        "begin": {
          "x": 196,
          "y": 315
        },
        "end": {
          "x": 191.5,
          "y": 245
        }
      },
      {
        "type": "Q",
        "begin": {
          "x": 187,
          "y": 175
        },
        "end": {
          "x": 188,
          "y": 155
        }
      },
      {
        "type": "Q",
        "begin": {
          "x": 189,
          "y": 85
        },
        "end": {
          "x": 240,
          "y": 81
        }
      },
      {
        "type": "Q",
        "begin": {
          "x": 287,
          "y": 78
        },
        "end": {
          "x": 336,
          "y": 109.5
        }
      },
      {
        "type": "Q",
        "begin": {
          "x": 385,
          "y": 141
        },
        "end": {
          "x": 399,
          "y": 164
        }
      },
      {
        "type": "Q",
        "begin": {
          "x": 413,
          "y": 187
        },
        "end": {
          "x": 413.5,
          "y": 206.5
        }
      },
      {
        "type": "Q",
        "begin": {
          "x": 414,
          "y": 226
        },
        "end": {
          "x": 409,
          "y": 254
        }
      },
      {
        "type": "Q",
        "begin": {
          "x": 392,
          "y": 339
        },
        "end": {
          "x": 387.5,
          "y": 372.5
        }
      },
      {
        "type": "Q",
        "begin": {
          "x": 383,
          "y": 406
        },
        "end": {
          "x": 377,
          "y": 468.5
        }
      },
      {
        "type": "Q",
        "begin": {
          "x": 371,
          "y": 531
        },
        "end": {
          "x": 369,
          "y": 570
        }
      },
      {
        "type": "L",
        "x": 355,
        "y": 808
      },
      {
        "type": "Q",
        "begin": {
          "x": 352,
          "y": 845
        },
        "end": {
          "x": 363,
          "y": 860
        }
      },
      {
        "type": "Q",
        "begin": {
          "x": 374,
          "y": 875
        },
        "end": {
          "x": 457,
          "y": 865
        }
      },
      {
        "type": "L",
        "x": 610,
        "y": 848
      },
      {
        "type": "Q",
        "begin": {
          "x": 902,
          "y": 816
        },
        "end": {
          "x": 1071,
          "y": 794
        }
      },
      {
        "type": "L",
        "x": 1267,
        "y": 769
      },
      {
        "type": "Q",
        "begin": {
          "x": 1515,
          "y": 738
        },
        "end": {
          "x": 1618,
          "y": 709.5
        }
      },
      {
        "type": "Q",
        "begin": {
          "x": 1721,
          "y": 681
        },
        "end": {
          "x": 1735,
          "y": 680
        }
      },
      {
        "type": "Q",
        "begin": {
          "x": 1787,
          "y": 679
        },
        "end": {
          "x": 1855.5,
          "y": 754.5
        }
      },
      {
        "type": "Q",
        "begin": {
          "x": 1924,
          "y": 830
        },
        "end": {
          "x": 1926,
          "y": 873
        }
      },
      {
        "type": "Q",
        "begin": {
          "x": 1928,
          "y": 916
        },
        "end": {
          "x": 1923,
          "y": 929
        }
      },
      {
        "type": "Q",
        "begin": {
          "x": 1920,
          "y": 935
        },
        "end": {
          "x": 1916,
          "y": 941
        }
      },
      {
        "type": "L",
        "x": 1878,
        "y": 986
      },
      {
        "type": "Q",
        "begin": {
          "x": 1865,
          "y": 1001
        },
        "end": {
          "x": 1848.5,
          "y": 1027
        }
      },
      {
        "type": "Q",
        "begin": {
          "x": 1832,
          "y": 1053
        },
        "end": {
          "x": 1821.5,
          "y": 1071.5
        }
      },
      {
        "type": "Q",
        "begin": {
          "x": 1811,
          "y": 1090
        },
        "end": {
          "x": 1739.5,
          "y": 1221
        }
      },
      {
        "type": "Q",
        "begin": {
          "x": 1668,
          "y": 1352
        },
        "end": {
          "x": 1546.5,
          "y": 1512
        }
      },
      {
        "type": "Q",
        "begin": {
          "x": 1425,
          "y": 1672
        },
        "end": {
          "x": 1353.5,
          "y": 1734
        }
      },
      {
        "type": "Q",
        "begin": {
          "x": 1282,
          "y": 1796
        },
        "end": {
          "x": 1202,
          "y": 1854
        }
      },
      {
        "type": "Q",
        "begin": {
          "x": 1122,
          "y": 1912
        },
        "end": {
          "x": 1059,
          "y": 1940
        }
      },
      {
        "type": "L",
        "x": 1008,
        "y": 1963
      },
      {
        "type": "Q",
        "begin": {
          "x": 997,
          "y": 1968
        },
        "end": {
          "x": 989,
          "y": 1968.5
        }
      },
      {
        "type": "Q",
        "begin": {
          "x": 981,
          "y": 1969
        },
        "end": {
          "x": 978.5,
          "y": 1967
        }
      },
      {
        "type": "Q",
        "begin": {
          "x": 976,
          "y": 1965
        },
        "end": {
          "x": 974.5,
          "y": 1961.5
        }
      },
      {
        "type": "Q",
        "begin": {
          "x": 973,
          "y": 1958
        },
        "end": {
          "x": 972.5,
          "y": 1954.5
        }
      },
      {
        "type": "Q",
        "begin": {
          "x": 972,
          "y": 1951
        },
        "end": {
          "x": 1003,
          "y": 1920
        }
      }
    ],
    "track": [
      {
        "x": 295,
        "y": 185
      },
      {
        "x": 235,
        "y": 975
      },
      {
        "x": 1755,
        "y": 800
      },
      {
        "x": 1795,
        "y": 910
      },
      {
        "x": 1465,
        "y": 1505
      },
      {
        "x": 1110,
        "y": 1870
      }
    ]
  }
]
