<?xml version="1.0" encoding="UTF-8"?>
<Word version="1.0">
  <Stroke>
    <Outline>
      <MoveTo x="927.0" y="762.0" />
      <LineTo flexible="false" x="468.0" y="817.0" />
      <QuadTo flexible="false" x1="424.0" y1="823.0" x2="391.0" y2="830.0" />
      <QuadTo flexible="false" x1="358.0" y1="837.0" x2="350.0" y2="836.0" />
      <QuadTo flexible="false" x1="304.0" y1="834.0" x2="263.0" y2="780.0" />
      <QuadTo flexible="false" x1="222.0" y1="726.0" x2="226.0" y2="696.0" />
      <QuadTo flexible="false" x1="227.0" y1="683.0" x2="233.5" y2="673.5" />
      <QuadTo flexible="false" x1="240.0" y1="664.0" x2="279.0" y2="621.0" />
      <QuadTo flexible="false" x1="318.0" y1="578.0" x2="341.5" y2="528.5" />
      <QuadTo flexible="false" x1="365.0" y1="479.0" x2="382.5" y2="436.0" />
      <QuadTo flexible="false" x1="400.0" y1="393.0" x2="406.5" y2="371.5" />
      <QuadTo flexible="false" x1="413.0" y1="350.0" x2="418.5" y2="317.0" />
      <QuadTo flexible="false" x1="424.0" y1="284.0" x2="425.0" y2="267.0" />
      <QuadTo flexible="false" x1="426.0" y1="250.0" x2="427.0" y2="217.0" />
      <QuadTo flexible="false" x1="427.0" y1="201.0" x2="425.0" y2="187.0" />
      <QuadTo flexible="false" x1="423.0" y1="173.0" x2="425.5" y2="154.5" />
      <QuadTo flexible="false" x1="428.0" y1="136.0" x2="473.0" y2="138.0" />
      <QuadTo flexible="false" x1="544.0" y1="142.0" x2="587.5" y2="183.0" />
      <QuadTo flexible="false" x1="631.0" y1="224.0" x2="630.0" y2="267.0" />
      <QuadTo flexible="false" x1="629.0" y1="285.0" x2="618.0" y2="315.5" />
      <QuadTo flexible="false" x1="607.0" y1="346.0" x2="555.0" y2="447.0" />
      <LineTo flexible="false" x="466.0" y="618.0" />
      <LineTo flexible="false" x="451.0" y="642.0" />
      <QuadTo flexible="false" x1="450.0" y1="651.0" x2="459.0" y2="658.0" />
      <QuadTo flexible="false" x1="468.0" y1="665.0" x2="529.0" y2="659.0" />
      <LineTo flexible="false" x="687.0" y="645.0" />
      <QuadTo flexible="false" x1="841.0" y1="632.0" x2="981.0" y2="607.0" />
      <LineTo flexible="true" x="1168.0" y="592.0" />
      <LineTo flexible="false" x="1360.0" y="572.0" />
      <QuadTo flexible="false" x1="1473.0" y1="561.0" x2="1497.0" y2="555.5" />
      <QuadTo flexible="false" x1="1521.0" y1="550.0" x2="1565.5" y2="538.5" />
      <QuadTo flexible="false" x1="1610.0" y1="527.0" x2="1633.0" y2="526.0" />
      <QuadTo flexible="false" x1="1670.0" y1="526.0" x2="1718.5" y2="549.0" />
      <QuadTo flexible="false" x1="1767.0" y1="572.0" x2="1794.0" y2="603.0" />
      <QuadTo flexible="false" x1="1821.0" y1="634.0" x2="1828.5" y2="653.5" />
      <QuadTo flexible="false" x1="1836.0" y1="673.0" x2="1835.0" y2="696.0" />
      <QuadTo flexible="false" x1="1834.0" y1="707.0" x2="1822.5" y2="765.5" />
      <QuadTo flexible="false" x1="1811.0" y1="824.0" x2="1802.0" y2="875.0" />
      <LineTo flexible="false" x="1779.0" y="1008.0" />
      <QuadTo flexible="false" x1="1750.0" y1="1168.0" x2="1717.5" y2="1281.5" />
      <QuadTo flexible="false" x1="1685.0" y1="1395.0" x2="1595.0" y2="1584.0" />
      <QuadTo flexible="false" x1="1505.0" y1="1773.0" x2="1369.0" y2="1873.0" />
      <QuadTo flexible="false" x1="1233.0" y1="1973.0" x2="1149.0" y2="1971.0" />
      <QuadTo flexible="false" x1="1096.0" y1="1970.0" x2="1084.5" y2="1951.0" />
      <QuadTo flexible="false" x1="1073.0" y1="1932.0" x2="1070.0" y2="1910.0" />
      <QuadTo flexible="false" x1="1067.0" y1="1888.0" x2="1063.0" y2="1877.5" />
      <QuadTo flexible="false" x1="1059.0" y1="1867.0" x2="1025.5" y2="1820.5" />
      <QuadTo flexible="false" x1="992.0" y1="1774.0" x2="939.0" y2="1726.0" />
      <LineTo flexible="false" x="913.0" y="1703.0" />
      <QuadTo flexible="false" x1="899.0" y1="1692.0" x2="903.0" y2="1686.5" />
      <QuadTo flexible="false" x1="907.0" y1="1681.0" x2="917.0" y2="1684.0" />
      <LineTo flexible="false" x="951.0" y="1696.0" />
      <QuadTo flexible="false" x1="989.0" y1="1710.0" x2="1050.5" y2="1724.0" />
      <QuadTo flexible="false" x1="1112.0" y1="1738.0" x2="1147.0" y2="1739.0" />
      <QuadTo flexible="false" x1="1202.0" y1="1741.0" x2="1250.0" y2="1720.0" />
      <QuadTo flexible="false" x1="1298.0" y1="1699.0" x2="1345.0" y2="1649.5" />
      <QuadTo flexible="false" x1="1392.0" y1="1600.0" x2="1425.0" y2="1543.5" />
      <QuadTo flexible="false" x1="1458.0" y1="1487.0" x2="1491.0" y2="1408.0" />
      <QuadTo flexible="false" x1="1524.0" y1="1329.0" x2="1540.0" y2="1277.0" />
      <QuadTo flexible="false" x1="1556.0" y1="1225.0" x2="1575.5" y2="1142.5" />
      <QuadTo flexible="false" x1="1595.0" y1="1060.0" x2="1606.5" y2="1002.5" />
      <QuadTo flexible="false" x1="1618.0" y1="945.0" x2="1624.0" y2="902.5" />
      <QuadTo flexible="false" x1="1630.0" y1="860.0" x2="1633.0" y2="824.0" />
      <QuadTo flexible="false" x1="1636.0" y1="788.0" x2="1636.5" y2="766.0" />
      <QuadTo flexible="false" x1="1637.0" y1="744.0" x2="1631.0" y2="728.0" />
      <QuadTo flexible="false" x1="1625.0" y1="712.0" x2="1605.5" y2="701.0" />
      <QuadTo flexible="false" x1="1586.0" y1="690.0" x2="1511.0" y2="697.0" />
      <LineTo flexible="false" x="1128.0" y="737.0" />
      <LineTo flexible="true" x="927.0" y="762.0" />
    </Outline>
    <Track>
      <MoveTo x="515.0" y="235.0" />
      <MoveTo x="320.0" y="750.0" />
      <MoveTo x="1645.0" y="615.0" />
      <MoveTo x="1735.0" y="685.0" />
      <MoveTo x="1600.0" y="1385.0" />
      <MoveTo x="1315.0" y="1840.0" />
      <MoveTo x="1205.0" y="1885.0" />
      <MoveTo x="1025.0" y="1760.0" />
    </Track>
  </Stroke>
  <Stroke>
    <Outline>
      <MoveTo x="981.0" y="607.0" />
      <QuadTo flexible="false" x1="1014.0" y1="525.0" x2="1040.0" y2="437.5" />
      <QuadTo flexible="false" x1="1066.0" y1="350.0" x2="1075.5" y2="303.5" />
      <QuadTo flexible="false" x1="1085.0" y1="257.0" x2="1088.0" y2="232.5" />
      <QuadTo flexible="false" x1="1091.0" y1="208.0" x2="1091.5" y2="191.5" />
      <QuadTo flexible="false" x1="1092.0" y1="175.0" x2="1089.0" y2="149.5" />
      <QuadTo flexible="false" x1="1086.0" y1="124.0" x2="1085.5" y2="115.5" />
      <QuadTo flexible="false" x1="1085.0" y1="107.0" x2="1089.0" y2="98.0" />
      <QuadTo flexible="false" x1="1097.0" y1="79.0" x2="1123.0" y2="78.0" />
      <QuadTo flexible="false" x1="1165.0" y1="78.0" x2="1214.5" y2="103.5" />
      <QuadTo flexible="false" x1="1264.0" y1="129.0" x2="1276.5" y2="150.5" />
      <QuadTo flexible="false" x1="1289.0" y1="172.0" x2="1289.0" y2="197.0" />
      <QuadTo flexible="false" x1="1288.0" y1="212.0" x2="1283.0" y2="229.0" />
      <QuadTo flexible="false" x1="1278.0" y1="246.0" x2="1268.0" y2="274.5" />
      <QuadTo flexible="false" x1="1258.0" y1="303.0" x2="1252.0" y2="324.0" />
      <LineTo flexible="false" x="1231.0" y="393.0" />
      <LineTo flexible="false" x="1168.0" y="592.0" />
      <LineTo flexible="true" x="1128.0" y="737.0" />
      <QuadTo flexible="false" x1="1054.0" y1="920.0" x2="1019.5" y2="996.0" />
      <QuadTo flexible="false" x1="985.0" y1="1072.0" x2="857.0" y2="1304.0" />
      <QuadTo flexible="false" x1="729.0" y1="1536.0" x2="545.0" y2="1672.5" />
      <QuadTo flexible="false" x1="361.0" y1="1809.0" x2="260.0" y2="1829.0" />
      <LineTo flexible="false" x="230.0" y="1835.0" />
      <QuadTo flexible="false" x1="216.0" y1="1838.0" x2="211.0" y2="1831.0" />
      <QuadTo flexible="false" x1="206.0" y1="1824.0" x2="213.0" y2="1818.0" />
      <LineTo flexible="false" x="232.0" y="1804.0" />
      <QuadTo flexible="false" x1="285.0" y1="1765.0" x2="345.5" y2="1707.0" />
      <QuadTo flexible="false" x1="406.0" y1="1649.0" x2="500.0" y2="1527.0" />
      <QuadTo flexible="false" x1="594.0" y1="1405.0" x2="667.5" y2="1289.5" />
      <QuadTo flexible="false" x1="741.0" y1="1174.0" x2="804.5" y2="1045.0" />
      <QuadTo flexible="false" x1="868.0" y1="916.0" x2="882.0" y2="879.0" />
      <LineTo flexible="false" x="927.0" y="762.0" />
      <LineTo flexible="true" x="981.0" y="607.0" />
    </Outline>
    <Track>
      <MoveTo x="1185.0" y="190.0" />
      <MoveTo x="975.0" y="880.0" />
      <MoveTo x="680.0" y="1450.0" />
      <MoveTo x="335.0" y="1765.0" />
    </Track>
  </Stroke>
</Word>

