[
  {
    "outline": [
      {
        "type": "M",
        "x": 751.645027979,
        "y": 584.829699145
      },
      {
        "type": "C",
        "begin": {
          "x": 769.252146157,
          "y": 595.990759108
        },
        "mid": {
          "x": 908.500438072,
          "y": 751.9251615779999
        },
        "end": {
          "x": 936.210776015,
          "y": 784.164408967
        }
      },
      {
        "type": "C",
        "begin": {
          "x": 949.2004167529999,
          "y": 799.277193696
        },
        "mid": {
          "x": 1146.59210401,
          "y": 1037.4594179199999
        },
        "end": {
          "x": 1154.33931562,
          "y": 1045.62459085
        }
      },
      {
        "type": "C",
        "begin": {
          "x": 1162.13628453,
          "y": 1053.83454535
        },
        "mid": {
          "x": 1448.43978873,
          "y": 1403.17059719
        },
        "end": {
          "x": 1456.86369962,
          "y": 1414.22169352
        }
      },
      {
        "type": "C",
        "begin": {
          "x": 1475.5774201499999,
          "y": 1438.76696961
        },
        "mid": {
          "x": 1466.41710122,
          "y": 1472.00484601
        },
        "end": {
          "x": 1445.62850128,
          "y": 1478.03543077
        }
      },
      {
        "type": "C",
        "begin": {
          "x": 1422.6655073299999,
          "y": 1484.70290897
        },
        "mid": {
          "x": 1411.44026045,
          "y": 1476.3834884100002
        },
        "end": {
          "x": 1197.5684578599999,
          "y": 1266.29324062
        }
      },
      {
        "type": "C",
        "begin": {
          "x": 1133.4163709700001,
          "y": 1203.2805959
        },
        "mid": {
          "x": 868.303008121,
          "y": 974.347756173
        },
        "end": {
          "x": 770.280629548,
          "y": 899.4595366619999
        }
      },
      {
        "type": "C",
        "begin": {
          "x": 694.303720313,
          "y": 841.413665628
        },
        "mid": {
          "x": 621.194324277,
          "y": 798.8940624859999
        },
        "end": {
          "x": 576.316225115,
          "y": 770.359743655
        }
      },
      {
        "type": "C",
        "begin": {
          "x": 558.372747589,
          "y": 758.950892338
        },
        "mid": {
          "x": 553.454238484,
          "y": 737.563214506
        },
        "end": {
          "x": 564.934740313,
          "y": 723.004228526
        }
      },
      {
        "type": "C",
        "begin": {
          "x": 590.855805748,
          "y": 690.132068281
        },
        "mid": {
          "x": 669.209123631,
          "y": 617.25901942
        },
        "end": {
          "x": 703.70735244,
          "y": 592.102723686
        }
      },
      {
        "type": "C",
        "begin": {
          "x": 725.295552191,
          "y": 576.360011539
        },
        "mid": {
          "x": 740.051577079,
          "y": 577.481043508
        },
        "end": {
          "x": 751.645027979,
          "y": 584.829699145
        }
      }
    ],
    "track": [
      {
        "x": 694.562,
        "y": 700.119
      },
      {
        "x": 1432.24,
        "y": 1435.17
      }
    ]
  }
]