<?xml version="1.0" encoding="UTF-8"?>
<Word version="1.0">
  <Stroke>
    <Outline>
      <MoveTo x="681.0" y="802.0" />
      <LineTo flexible="false" x="1033.0" y="453.0" />
      <QuadTo flexible="false" x1="1133.0" y1="354.0" x2="1208.5" y2="262.5" />
      <QuadTo flexible="false" x1="1284.0" y1="171.0" x2="1308.0" y2="133.5" />
      <QuadTo flexible="false" x1="1332.0" y1="96.0" x2="1342.0" y2="89.0" />
      <QuadTo flexible="false" x1="1352.0" y1="82.0" x2="1370.0" y2="80.0" />
      <QuadTo flexible="false" x1="1396.0" y1="78.0" x2="1445.5" y2="105.5" />
      <QuadTo flexible="false" x1="1495.0" y1="133.0" x2="1524.5" y2="181.5" />
      <QuadTo flexible="false" x1="1554.0" y1="230.0" x2="1553.0" y2="254.0" />
      <QuadTo flexible="false" x1="1551.0" y1="278.0" x2="1536.5" y2="293.5" />
      <QuadTo flexible="false" x1="1522.0" y1="309.0" x2="1500.0" y2="320.0" />
      <LineTo flexible="false" x="1460.0" y="339.0" />
      <QuadTo flexible="false" x1="1381.0" y1="381.0" x2="1217.0" y2="524.0" />
      <LineTo flexible="false" x="918.0" y="785.0" />
      <QuadTo flexible="false" x1="901.0" y1="800.0" x2="793.0" y2="887.0" />
      <QuadTo flexible="false" x1="685.0" y1="974.0" x2="669.5" y2="1007.5" />
      <QuadTo flexible="false" x1="654.0" y1="1041.0" x2="655.0" y2="1054.0" />
      <QuadTo flexible="false" x1="656.0" y1="1075.0" x2="676.5" y2="1096.5" />
      <QuadTo flexible="false" x1="697.0" y1="1118.0" x2="750.0" y2="1149.0" />
      <LineTo flexible="false" x="1093.0" y="1358.0" />
      <QuadTo flexible="false" x1="1190.0" y1="1418.0" x2="1332.5" y2="1521.5" />
      <QuadTo flexible="false" x1="1475.0" y1="1625.0" x2="1520.0" y2="1675.0" />
      <QuadTo flexible="false" x1="1565.0" y1="1725.0" x2="1580.0" y2="1757.5" />
      <QuadTo flexible="false" x1="1595.0" y1="1790.0" x2="1600.0" y2="1821.5" />
      <QuadTo flexible="false" x1="1605.0" y1="1853.0" x2="1604.0" y2="1875.0" />
      <QuadTo flexible="false" x1="1601.0" y1="1903.0" x2="1584.5" y2="1934.5" />
      <QuadTo flexible="false" x1="1568.0" y1="1966.0" x2="1521.0" y2="1970.0" />
      <QuadTo flexible="false" x1="1464.0" y1="1976.0" x2="1417.5" y2="1932.5" />
      <QuadTo flexible="false" x1="1371.0" y1="1889.0" x2="1272.0" y2="1783.0" />
      <QuadTo flexible="false" x1="1173.0" y1="1677.0" x2="1053.0" y2="1573.0" />
      <QuadTo flexible="false" x1="933.0" y1="1469.0" x2="809.5" y2="1368.5" />
      <QuadTo flexible="false" x1="686.0" y1="1268.0" x2="589.5" y2="1213.5" />
      <QuadTo flexible="false" x1="493.0" y1="1159.0" x2="472.0" y2="1141.5" />
      <QuadTo flexible="false" x1="451.0" y1="1124.0" x2="447.5" y2="1086.5" />
      <QuadTo flexible="false" x1="444.0" y1="1049.0" x2="444.0" y2="1037.0" />
      <QuadTo flexible="false" x1="444.0" y1="1022.0" x2="448.0" y2="1013.5" />
      <QuadTo flexible="false" x1="452.0" y1="1005.0" x2="459.0" y2="999.0" />
      <QuadTo flexible="false" x1="466.0" y1="993.0" x2="491.0" y2="974.0" />
      <QuadTo flexible="false" x1="516.0" y1="955.0" x2="585.0" y2="891.5" />
      <QuadTo flexible="false" x1="654.0" y1="828.0" x2="681.0" y2="802.0" />
    </Outline>
    <Track>
      <MoveTo x="1415.0" y="180.0" />
      <MoveTo x="520.0" y="1070.0" />
      <MoveTo x="1510.0" y="1855.0" />
    </Track>
  </Stroke>
</Word>

