[
  {
    "outline": [
      {
        "type": "M",
        "x": 942,
        "y": 363
      },
      {
        "type": "L",
        "x": 735,
        "y": 379
      },
      {
        "type": "Q",
        "begin": {
          "x": 640,
          "y": 387
        },
        "end": {
          "x": 615,
          "y": 390.5
        }
      },
      {
        "type": "Q",
        "begin": {
          "x": 590,
          "y": 394
        },
        "end": {
          "x": 481.5,
          "y": 414.5
        }
      },
      {
        "type": "Q",
        "begin": {
          "x": 373,
          "y": 435
        },
        "end": {
          "x": 329,
          "y": 432
        }
      },
      {
        "type": "Q",
        "begin": {
          "x": 200,
          "y": 427
        },
        "end": {
          "x": 166.5,
          "y": 370.5
        }
      },
      {
        "type": "Q",
        "begin": {
          "x": 133,
          "y": 314
        },
        "end": {
          "x": 134,
          "y": 284
        }
      },
      {
        "type": "Q",
        "begin": {
          "x": 135,
          "y": 263
        },
        "end": {
          "x": 146,
          "y": 253.5
        }
      },
      {
        "type": "Q",
        "begin": {
          "x": 157,
          "y": 244
        },
        "end": {
          "x": 195,
          "y": 244
        }
      },
      {
        "type": "L",
        "x": 353,
        "y": 248
      },
      {
        "type": "Q",
        "begin": {
          "x": 394,
          "y": 250
        },
        "end": {
          "x": 515.5,
          "y": 243
        }
      },
      {
        "type": "Q",
        "begin": {
          "x": 637,
          "y": 236
        },
        "end": {
          "x": 832,
          "y": 226
        }
      },
      {
        "type": "L",
        "x": 1403,
        "y": 200
      },
      {
        "type": "Q",
        "begin": {
          "x": 1512,
          "y": 195
        },
        "end": {
          "x": 1559,
          "y": 194.5
        }
      },
      {
        "type": "Q",
        "begin": {
          "x": 1606,
          "y": 194
        },
        "end": {
          "x": 1623,
          "y": 193.5
        }
      },
      {
        "type": "Q",
        "begin": {
          "x": 1640,
          "y": 193
        },
        "end": {
          "x": 1669,
          "y": 190
        }
      },
      {
        "type": "Q",
        "begin": {
          "x": 1698,
          "y": 187
        },
        "end": {
          "x": 1728.5,
          "y": 180.5
        }
      },
      {
        "type": "Q",
        "begin": {
          "x": 1759,
          "y": 174
        },
        "end": {
          "x": 1767,
          "y": 173
        }
      },
      {
        "type": "Q",
        "begin": {
          "x": 1818,
          "y": 171
        },
        "end": {
          "x": 1856.5,
          "y": 204
        }
      },
      {
        "type": "Q",
        "begin": {
          "x": 1895,
          "y": 237
        },
        "end": {
          "x": 1904,
          "y": 266.5
        }
      },
      {
        "type": "Q",
        "begin": {
          "x": 1913,
          "y": 296
        },
        "end": {
          "x": 1913,
          "y": 315
        }
      },
      {
        "type": "Q",
        "begin": {
          "x": 1912,
          "y": 367
        },
        "end": {
          "x": 1856,
          "y": 367
        }
      },
      {
        "type": "Q",
        "begin": {
          "x": 1848,
          "y": 368
        },
        "end": {
          "x": 1795.5,
          "y": 359.5
        }
      },
      {
        "type": "Q",
        "begin": {
          "x": 1743,
          "y": 351
        },
        "end": {
          "x": 1598,
          "y": 351
        }
      },
      {
        "type": "Q",
        "begin": {
          "x": 1380,
          "y": 352
        },
        "end": {
          "x": 1153,
          "y": 362
        }
      },
      {
        "type": "L",
        "x": 942,
        "y": 363
      }
    ],
    "track": [
      {
        "x": 245,
        "y": 340
      },
      {
        "x": 1790,
        "y": 255
      }
    ]
  },
  {
    "outline": [
      {
        "type": "M",
        "x": 1153,
        "y": 362
      },
      {
        "type": "L",
        "x": 1143,
        "y": 718
      },
      {
        "type": "L",
        "x": 1131,
        "y": 1355
      },
      {
        "type": "Q",
        "begin": {
          "x": 1130,
          "y": 1389
        },
        "end": {
          "x": 1131.5,
          "y": 1471
        }
      },
      {
        "type": "Q",
        "begin": {
          "x": 1133,
          "y": 1553
        },
        "end": {
          "x": 1136,
          "y": 1624.5
        }
      },
      {
        "type": "Q",
        "begin": {
          "x": 1139,
          "y": 1696
        },
        "end": {
          "x": 1139,
          "y": 1718
        }
      },
      {
        "type": "Q",
        "begin": {
          "x": 1138,
          "y": 1752
        },
        "end": {
          "x": 1133,
          "y": 1795
        }
      },
      {
        "type": "Q",
        "begin": {
          "x": 1128,
          "y": 1838
        },
        "end": {
          "x": 1101.5,
          "y": 1856.5
        }
      },
      {
        "type": "Q",
        "begin": {
          "x": 1075,
          "y": 1875
        },
        "end": {
          "x": 1056,
          "y": 1876
        }
      },
      {
        "type": "Q",
        "begin": {
          "x": 1026,
          "y": 1879
        },
        "end": {
          "x": 982.5,
          "y": 1852.5
        }
      },
      {
        "type": "Q",
        "begin": {
          "x": 939,
          "y": 1826
        },
        "end": {
          "x": 930,
          "y": 1792
        }
      },
      {
        "type": "Q",
        "begin": {
          "x": 921,
          "y": 1758
        },
        "end": {
          "x": 922,
          "y": 1734
        }
      },
      {
        "type": "Q",
        "begin": {
          "x": 922,
          "y": 1717
        },
        "end": {
          "x": 926.5,
          "y": 1669
        }
      },
      {
        "type": "Q",
        "begin": {
          "x": 931,
          "y": 1621
        },
        "end": {
          "x": 937,
          "y": 1508.5
        }
      },
      {
        "type": "Q",
        "begin": {
          "x": 943,
          "y": 1396
        },
        "end": {
          "x": 945,
          "y": 1333
        }
      },
      {
        "type": "L",
        "x": 953,
        "y": 1031
      },
      {
        "type": "Q",
        "begin": {
          "x": 956,
          "y": 907
        },
        "end": {
          "x": 955.5,
          "y": 864
        }
      },
      {
        "type": "Q",
        "begin": {
          "x": 955,
          "y": 821
        },
        "end": {
          "x": 952.5,
          "y": 686
        }
      },
      {
        "type": "Q",
        "begin": {
          "x": 950,
          "y": 551
        },
        "end": {
          "x": 949,
          "y": 513
        }
      },
      {
        "type": "Q",
        "begin": {
          "x": 948,
          "y": 475
        },
        "end": {
          "x": 942,
          "y": 363
        }
      },
      {
        "type": "L",
        "x": 1153,
        "y": 362
      }
    ],
    "track": [
      {
        "x": 1035,
        "y": 405
      },
      {
        "x": 1030,
        "y": 1780
      }
    ]
  }
]
