[
  {
    "outline": [
      {
        "type": "M",
        "x": 1467.21819375,
        "y": 590.731910071
      },
      {
        "type": "C",
        "begin": {
          "x": 1481.03579596,
          "y": 605.803396241
        },
        "mid": {
          "x": 1477.07511488,
          "y": 628.513125534
        },
        "end": {
          "x": 1471.1738991,
          "y": 637.837145981
        }
      },
      {
        "type": "C",
        "begin": {
          "x": 1465.49659117,
          "y": 646.803411441
        },
        "mid": {
          "x": 1191.95583442,
          "y": 970.50599504
        },
        "end": {
          "x": 1146.03482225,
          "y": 1025.00019
        }
      },
      {
        "type": "C",
        "begin": {
          "x": 1100.00931975,
          "y": 1079.61877821
        },
        "mid": {
          "x": 877.4230236379999,
          "y": 1348.89533435
        },
        "end": {
          "x": 847.159638632,
          "y": 1386.9099115499998
        }
      },
      {
        "type": "C",
        "begin": {
          "x": 816.381265571,
          "y": 1425.5713336499998
        },
        "mid": {
          "x": 780.614723185,
          "y": 1461.95884714
        },
        "end": {
          "x": 768.681927499,
          "y": 1468.62632534
        }
      },
      {
        "type": "C",
        "begin": {
          "x": 752.986484787,
          "y": 1477.40351306
        },
        "mid": {
          "x": 728.841257389,
          "y": 1477.9856734700002
        },
        "end": {
          "x": 712.60893341,
          "y": 1471.71127794
        }
      },
      {
        "type": "C",
        "begin": {
          "x": 693.99970321,
          "y": 1464.5163723599999
        },
        "mid": {
          "x": 657.5962673839999,
          "y": 1429.64645652
        },
        "end": {
          "x": 646.641700216,
          "y": 1418.86902534
        }
      },
      {
        "type": "C",
        "begin": {
          "x": 635.687630621,
          "y": 1408.08661843
        },
        "mid": {
          "x": 582.462744384,
          "y": 1351.15431577
        },
        "end": {
          "x": 573.709937741,
          "y": 1339.60067071
        }
      },
      {
        "type": "C",
        "begin": {
          "x": 566.871792002,
          "y": 1330.5697207599999
        },
        "mid": {
          "x": 566.832483735,
          "y": 1312.12468965
        },
        "end": {
          "x": 574.56228029,
          "y": 1302.63099681
        }
      },
      {
        "type": "C",
        "begin": {
          "x": 582.746858567,
          "y": 1292.58499794
        },
        "mid": {
          "x": 724.893513207,
          "y": 1196.62306916
        },
        "end": {
          "x": 755.6475051909999,
          "y": 1170.92342371
        }
      },
      {
        "type": "C",
        "begin": {
          "x": 786.401994748,
          "y": 1145.22377826
        },
        "mid": {
          "x": 995.742400027,
          "y": 979.394141539
        },
        "end": {
          "x": 1050.71973837,
          "y": 932.238650756
        }
      },
      {
        "type": "C",
        "begin": {
          "x": 1106.77133682,
          "y": 884.16215235
        },
        "mid": {
          "x": 1308.16400857,
          "y": 696.347750197
        },
        "end": {
          "x": 1335.63998963,
          "y": 668.728468113
        }
      },
      {
        "type": "C",
        "begin": {
          "x": 1363.57373785,
          "y": 640.64495042
        },
        "mid": {
          "x": 1405.32011255,
          "y": 600.323624792
        },
        "end": {
          "x": 1417.28176747,
          "y": 591.756910451
        }
      },
      {
        "type": "C",
        "begin": {
          "x": 1431.71138447,
          "y": 581.426797398
        },
        "mid": {
          "x": 1454.4007132699999,
          "y": 576.751103917
        },
        "end": {
          "x": 1467.21819375,
          "y": 590.731910071
        }
      }
    ],
    "track": [
      {
        "x": 693.664,
        "y": 1361.85
      },
      {
        "x": 1443.74,
        "y": 619.553
      }
    ]
  }
]