[
  {
    "outline": [
      {
        "type": "M",
        "x": 294.5,
        "y": 1851.5
      },
      {
        "type": "Q",
        "begin": {
          "x": 289,
          "y": 1836
        },
        "end": {
          "x": 287.5,
          "y": 1813
        }
      },
      {
        "type": "Q",
        "begin": {
          "x": 286,
          "y": 1790
        },
        "end": {
          "x": 286,
          "y": 1750
        }
      },
      {
        "type": "L",
        "x": 283,
        "y": 755
      },
      {
        "type": "Q",
        "begin": {
          "x": 282,
          "y": 646
        },
        "end": {
          "x": 278.5,
          "y": 564.5
        }
      },
      {
        "type": "Q",
        "begin": {
          "x": 275,
          "y": 483
        },
        "end": {
          "x": 258.5,
          "y": 432.5
        }
      },
      {
        "type": "Q",
        "begin": {
          "x": 242,
          "y": 382
        },
        "end": {
          "x": 239.5,
          "y": 369
        }
      },
      {
        "type": "Q",
        "begin": {
          "x": 237,
          "y": 356
        },
        "end": {
          "x": 237,
          "y": 328
        }
      },
      {
        "type": "Q",
        "begin": {
          "x": 237,
          "y": 308
        },
        "end": {
          "x": 240.5,
          "y": 293
        }
      },
      {
        "type": "Q",
        "begin": {
          "x": 244,
          "y": 278
        },
        "end": {
          "x": 256.5,
          "y": 248.5
        }
      },
      {
        "type": "Q",
        "begin": {
          "x": 269,
          "y": 219
        },
        "end": {
          "x": 289,
          "y": 210
        }
      },
      {
        "type": "Q",
        "begin": {
          "x": 309,
          "y": 201
        },
        "end": {
          "x": 327,
          "y": 198
        }
      },
      {
        "type": "L",
        "x": 393,
        "y": 195
      },
      {
        "type": "L",
        "x": 468,
        "y": 188
      },
      {
        "type": "Q",
        "begin": {
          "x": 562.25,
          "y": 206
        },
        "end": {
          "x": 496.5,
          "y": 374
        }
      },
      {
        "type": "Q",
        "begin": {
          "x": 484,
          "y": 378
        },
        "end": {
          "x": 478,
          "y": 386.5
        }
      },
      {
        "type": "Q",
        "begin": {
          "x": 472,
          "y": 395
        },
        "end": {
          "x": 470.5,
          "y": 409
        }
      },
      {
        "type": "Q",
        "begin": {
          "x": 469,
          "y": 423
        },
        "end": {
          "x": 469,
          "y": 447
        }
      },
      {
        "type": "L",
        "x": 461,
        "y": 869
      },
      {
        "type": "Q",
        "begin": {
          "x": 459,
          "y": 958
        },
        "end": {
          "x": 459.5,
          "y": 1146.5
        }
      },
      {
        "type": "Q",
        "begin": {
          "x": 460,
          "y": 1335
        },
        "end": {
          "x": 462,
          "y": 1404
        }
      },
      {
        "type": "L",
        "x": 467,
        "y": 1641
      },
      {
        "type": "Q",
        "begin": {
          "x": 467,
          "y": 1674
        },
        "end": {
          "x": 473.5,
          "y": 1702.5
        }
      },
      {
        "type": "Q",
        "begin": {
          "x": 464,
          "y": 2002
        },
        "end": {
          "x": 294.5,
          "y": 1851.5
        }
      }
    ],
    "track": [
      {
        "x": 385,
        "y": 275
      },
      {
        "x": 380,
        "y": 1790
      }
    ]
  },
  {
    "outline": [
      {
        "type": "M",
        "x": 468,
        "y": 188
      },
      {
        "type": "L",
        "x": 800,
        "y": 162
      },
      {
        "type": "Q",
        "begin": {
          "x": 837,
          "y": 160
        },
        "end": {
          "x": 999.5,
          "y": 150
        }
      },
      {
        "type": "Q",
        "begin": {
          "x": 1162,
          "y": 140
        },
        "end": {
          "x": 1283.5,
          "y": 122.5
        }
      },
      {
        "type": "Q",
        "begin": {
          "x": 1405,
          "y": 105
        },
        "end": {
          "x": 1482.5,
          "y": 89
        }
      },
      {
        "type": "Q",
        "begin": {
          "x": 1560,
          "y": 73
        },
        "end": {
          "x": 1578,
          "y": 72
        }
      },
      {
        "type": "Q",
        "begin": {
          "x": 1624,
          "y": 71
        },
        "end": {
          "x": 1692.5,
          "y": 109
        }
      },
      {
        "type": "Q",
        "begin": {
          "x": 1761,
          "y": 147
        },
        "end": {
          "x": 1786,
          "y": 223.5
        }
      },
      {
        "type": "Q",
        "begin": {
          "x": 1811,
          "y": 300
        },
        "end": {
          "x": 1810,
          "y": 322
        }
      },
      {
        "type": "Q",
        "begin": {
          "x": 1809,
          "y": 337
        },
        "end": {
          "x": 1803,
          "y": 354
        }
      },
      {
        "type": "L",
        "x": 1794,
        "y": 377
      },
      {
        "type": "Q",
        "begin": {
          "x": 1789,
          "y": 391
        },
        "end": {
          "x": 1783.5,
          "y": 422
        }
      },
      {
        "type": "Q",
        "begin": {
          "x": 1778,
          "y": 453
        },
        "end": {
          "x": 1776,
          "y": 479
        }
      },
      {
        "type": "L",
        "x": 1757,
        "y": 688
      },
      {
        "type": "Q",
        "begin": {
          "x": 1747,
          "y": 793
        },
        "end": {
          "x": 1744.5,
          "y": 865
        }
      },
      {
        "type": "Q",
        "begin": {
          "x": 1742,
          "y": 937
        },
        "end": {
          "x": 1739,
          "y": 1031
        }
      },
      {
        "type": "Q",
        "begin": {
          "x": 1736,
          "y": 1125
        },
        "end": {
          "x": 1736.5,
          "y": 1142
        }
      },
      {
        "type": "Q",
        "begin": {
          "x": 1737,
          "y": 1159
        },
        "end": {
          "x": 1739,
          "y": 1258
        }
      },
      {
        "type": "L",
        "x": 1748,
        "y": 1708
      },
      {
        "type": "Q",
        "begin": {
          "x": 1748,
          "y": 1742
        },
        "end": {
          "x": 1742.5,
          "y": 1777
        }
      },
      {
        "type": "Q",
        "begin": {
          "x": 1737,
          "y": 1812
        },
        "end": {
          "x": 1729,
          "y": 1830
        }
      },
      {
        "type": "Q",
        "begin": {
          "x": 1721,
          "y": 1848
        },
        "end": {
          "x": 1698,
          "y": 1887.5
        }
      },
      {
        "type": "Q",
        "begin": {
          "x": 1675,
          "y": 1927
        },
        "end": {
          "x": 1651,
          "y": 1953
        }
      },
      {
        "type": "Q",
        "begin": {
          "x": 1627,
          "y": 1979
        },
        "end": {
          "x": 1581,
          "y": 1977
        }
      },
      {
        "type": "Q",
        "begin": {
          "x": 1566,
          "y": 1977
        },
        "end": {
          "x": 1556.5,
          "y": 1972.5
        }
      },
      {
        "type": "Q",
        "begin": {
          "x": 1547,
          "y": 1968
        },
        "end": {
          "x": 1541,
          "y": 1962
        }
      },
      {
        "type": "L",
        "x": 1497,
        "y": 1915
      },
      {
        "type": "Q",
        "begin": {
          "x": 1359.25,
          "y": 1767.25
        },
        "end": {
          "x": 1491.5,
          "y": 1699.5
        }
      },
      {
        "type": "Q",
        "begin": {
          "x": 1509,
          "y": 1694
        },
        "end": {
          "x": 1520.5,
          "y": 1677.5
        }
      },
      {
        "type": "Q",
        "begin": {
          "x": 1532,
          "y": 1661
        },
        "end": {
          "x": 1535,
          "y": 1639.5
        }
      },
      {
        "type": "Q",
        "begin": {
          "x": 1538,
          "y": 1618
        },
        "end": {
          "x": 1540,
          "y": 1592
        }
      },
      {
        "type": "Q",
        "begin": {
          "x": 1542,
          "y": 1566
        },
        "end": {
          "x": 1543,
          "y": 1547
        }
      },
      {
        "type": "L",
        "x": 1564,
        "y": 464
      },
      {
        "type": "Q",
        "begin": {
          "x": 1565,
          "y": 362
        },
        "end": {
          "x": 1552,
          "y": 337
        }
      },
      {
        "type": "Q",
        "begin": {
          "x": 1539,
          "y": 312
        },
        "end": {
          "x": 1514,
          "y": 298
        }
      },
      {
        "type": "Q",
        "begin": {
          "x": 1489,
          "y": 284
        },
        "end": {
          "x": 1411,
          "y": 286
        }
      },
      {
        "type": "L",
        "x": 1215,
        "y": 292
      },
      {
        "type": "Q",
        "begin": {
          "x": 1018,
          "y": 299
        },
        "end": {
          "x": 763.5,
          "y": 334.5
        }
      },
      {
        "type": "Q",
        "begin": {
          "x": 509,
          "y": 370
        },
        "end": {
          "x": 496.5,
          "y": 374
        }
      },
      {
        "type": "Q",
        "begin": {
          "x": 484,
          "y": 378
        },
        "end": {
          "x": 478,
          "y": 386.5
        }
      },
      {
        "type": "L",
        "x": 468,
        "y": 188
      }
    ],
    "track": [
      {
        "x": 505,
        "y": 260
      },
      {
        "x": 1650,
        "y": 175
      },
      {
        "x": 1625,
        "y": 1820
      },
      {
        "x": 1515,
        "y": 1820
      }
    ]
  },
  {
    "outline": [
      {
        "type": "M",
        "x": 736,
        "y": 779
      },
      {
        "type": "L",
        "x": 691,
        "y": 712
      },
      {
        "type": "Q",
        "begin": {
          "x": 684,
          "y": 703
        },
        "end": {
          "x": 685,
          "y": 694
        }
      },
      {
        "type": "Q",
        "begin": {
          "x": 686,
          "y": 685
        },
        "end": {
          "x": 707,
          "y": 691
        }
      },
      {
        "type": "L",
        "x": 731,
        "y": 699
      },
      {
        "type": "Q",
        "begin": {
          "x": 741,
          "y": 703
        },
        "end": {
          "x": 783.5,
          "y": 726.5
        }
      },
      {
        "type": "Q",
        "begin": {
          "x": 826,
          "y": 750
        },
        "end": {
          "x": 842.5,
          "y": 760
        }
      },
      {
        "type": "Q",
        "begin": {
          "x": 859,
          "y": 770
        },
        "end": {
          "x": 957,
          "y": 841
        }
      },
      {
        "type": "Q",
        "begin": {
          "x": 1055,
          "y": 912
        },
        "end": {
          "x": 1129.5,
          "y": 987.5
        }
      },
      {
        "type": "Q",
        "begin": {
          "x": 1204,
          "y": 1063
        },
        "end": {
          "x": 1216,
          "y": 1092.5
        }
      },
      {
        "type": "Q",
        "begin": {
          "x": 1228,
          "y": 1122
        },
        "end": {
          "x": 1228.5,
          "y": 1145
        }
      },
      {
        "type": "Q",
        "begin": {
          "x": 1229,
          "y": 1168
        },
        "end": {
          "x": 1220,
          "y": 1199
        }
      },
      {
        "type": "Q",
        "begin": {
          "x": 1189,
          "y": 1300
        },
        "end": {
          "x": 1127,
          "y": 1301
        }
      },
      {
        "type": "Q",
        "begin": {
          "x": 1080,
          "y": 1302
        },
        "end": {
          "x": 1055,
          "y": 1266.5
        }
      },
      {
        "type": "Q",
        "begin": {
          "x": 1030,
          "y": 1231
        },
        "end": {
          "x": 996.5,
          "y": 1171.5
        }
      },
      {
        "type": "Q",
        "begin": {
          "x": 963,
          "y": 1112
        },
        "end": {
          "x": 909.5,
          "y": 1031
        }
      },
      {
        "type": "Q",
        "begin": {
          "x": 856,
          "y": 950
        },
        "end": {
          "x": 803,
          "y": 875.5
        }
      },
      {
        "type": "Q",
        "begin": {
          "x": 750,
          "y": 801
        },
        "end": {
          "x": 736,
          "y": 779
        }
      }
    ],
    "track": [
      {
        "x": 780,
        "y": 770
      },
      {
        "x": 1135,
        "y": 1155
      }
    ]
  },
  {
    "outline": [
      {
        "type": "M",
        "x": 1497,
        "y": 1915
      },
      {
        "type": "Q",
        "begin": {
          "x": 1472,
          "y": 1895
        },
        "end": {
          "x": 1415,
          "y": 1896
        }
      },
      {
        "type": "L",
        "x": 1140,
        "y": 1903
      },
      {
        "type": "Q",
        "begin": {
          "x": 1046,
          "y": 1906
        },
        "end": {
          "x": 951,
          "y": 1912
        }
      },
      {
        "type": "Q",
        "begin": {
          "x": 856,
          "y": 1918
        },
        "end": {
          "x": 707.5,
          "y": 1936
        }
      },
      {
        "type": "Q",
        "begin": {
          "x": 559,
          "y": 1954
        },
        "end": {
          "x": 521,
          "y": 1961
        }
      },
      {
        "type": "Q",
        "begin": {
          "x": 483,
          "y": 1968
        },
        "end": {
          "x": 476,
          "y": 1968
        }
      },
      {
        "type": "Q",
        "begin": {
          "x": 418,
          "y": 1971
        },
        "end": {
          "x": 359,
          "y": 1919
        }
      },
      {
        "type": "Q",
        "begin": {
          "x": 300,
          "y": 1867
        },
        "end": {
          "x": 294.5,
          "y": 1851.5
        }
      },
      {
        "type": "Q",
        "begin": {
          "x": 289,
          "y": 1836
        },
        "end": {
          "x": 287.5,
          "y": 1813
        }
      },
      {
        "type": "Q",
        "begin": {
          "x": 286,
          "y": 1790
        },
        "end": {
          "x": 286,
          "y": 1750
        }
      },
      {
        "type": "L",
        "x": 473.5,
        "y": 1702.5
      },
      {
        "type": "Q",
        "begin": {
          "x": 480,
          "y": 1731
        },
        "end": {
          "x": 503.5,
          "y": 1743
        }
      },
      {
        "type": "Q",
        "begin": {
          "x": 527,
          "y": 1755
        },
        "end": {
          "x": 559,
          "y": 1754
        }
      },
      {
        "type": "L",
        "x": 650,
        "y": 1749
      },
      {
        "type": "L",
        "x": 1434,
        "y": 1707
      },
      {
        "type": "Q",
        "begin": {
          "x": 1474,
          "y": 1705
        },
        "end": {
          "x": 1491.5,
          "y": 1699.5
        }
      },
      {
        "type": "L",
        "x": 1497,
        "y": 1915
      }
    ],
    "track": [
      {
        "x": 400,
        "y": 1870
      },
      {
        "x": 1415,
        "y": 1805
      }
    ]
  }
]
