[
  {
    "outline": [
      {
        "type": "M",
        "x": 375,
        "y": 594
      },
      {
        "type": "L",
        "x": 374,
        "y": 900
      },
      {
        "type": "L",
        "x": 385,
        "y": 1234
      },
      {
        "type": "Q",
        "begin": {
          "x": 388,
          "y": 1349
        },
        "end": {
          "x": 393,
          "y": 1414
        }
      },
      {
        "type": "L",
        "x": 402,
        "y": 1549
      },
      {
        "type": "L",
        "x": 407,
        "y": 1648
      },
      {
        "type": "Q",
        "begin": {
          "x": 408,
          "y": 1687
        },
        "end": {
          "x": 394,
          "y": 1739
        }
      },
      {
        "type": "Q",
        "begin": {
          "x": 380,
          "y": 1791
        },
        "end": {
          "x": 338,
          "y": 1791
        }
      },
      {
        "type": "Q",
        "begin": {
          "x": 279,
          "y": 1792
        },
        "end": {
          "x": 247,
          "y": 1696.5
        }
      },
      {
        "type": "Q",
        "begin": {
          "x": 215,
          "y": 1601
        },
        "end": {
          "x": 210,
          "y": 1551
        }
      },
      {
        "type": "Q",
        "begin": {
          "x": 205,
          "y": 1501
        },
        "end": {
          "x": 203,
          "y": 1427
        }
      },
      {
        "type": "L",
        "x": 197,
        "y": 1281
      },
      {
        "type": "L",
        "x": 185,
        "y": 692
      },
      {
        "type": "Q",
        "begin": {
          "x": 183,
          "y": 625
        },
        "end": {
          "x": 181.5,
          "y": 587
        }
      },
      {
        "type": "Q",
        "begin": {
          "x": 180,
          "y": 549
        },
        "end": {
          "x": 178.5,
          "y": 516.5
        }
      },
      {
        "type": "Q",
        "begin": {
          "x": 177,
          "y": 484
        },
        "end": {
          "x": 175,
          "y": 469
        }
      },
      {
        "type": "L",
        "x": 168,
        "y": 432
      },
      {
        "type": "Q",
        "begin": {
          "x": 168,
          "y": 421
        },
        "end": {
          "x": 170,
          "y": 412
        }
      },
      {
        "type": "Q",
        "begin": {
          "x": 173,
          "y": 403
        },
        "end": {
          "x": 197,
          "y": 381.5
        }
      },
      {
        "type": "Q",
        "begin": {
          "x": 221,
          "y": 360
        },
        "end": {
          "x": 258,
          "y": 360
        }
      },
      {
        "type": "Q",
        "begin": {
          "x": 277,
          "y": 361
        },
        "end": {
          "x": 359,
          "y": 401
        }
      },
      {
        "type": "L",
        "x": 375,
        "y": 594
      }
    ],
    "track": [
      {
        "x": 265,
        "y": 440
      },
      {
        "x": 330,
        "y": 1700
      }
    ]
  },
  {
    "outline": [
      {
        "type": "M",
        "x": 359,
        "y": 401
      },
      {
        "type": "Q",
        "begin": {
          "x": 795,
          "y": 325
        },
        "end": {
          "x": 1166,
          "y": 307
        }
      },
      {
        "type": "L",
        "x": 1403,
        "y": 296
      },
      {
        "type": "Q",
        "begin": {
          "x": 1477,
          "y": 293
        },
        "end": {
          "x": 1509,
          "y": 288.5
        }
      },
      {
        "type": "Q",
        "begin": {
          "x": 1541,
          "y": 284
        },
        "end": {
          "x": 1581.5,
          "y": 270
        }
      },
      {
        "type": "Q",
        "begin": {
          "x": 1622,
          "y": 256
        },
        "end": {
          "x": 1637,
          "y": 255
        }
      },
      {
        "type": "Q",
        "begin": {
          "x": 1727,
          "y": 252
        },
        "end": {
          "x": 1794.5,
          "y": 310
        }
      },
      {
        "type": "Q",
        "begin": {
          "x": 1862,
          "y": 368
        },
        "end": {
          "x": 1870.5,
          "y": 402.5
        }
      },
      {
        "type": "Q",
        "begin": {
          "x": 1879,
          "y": 437
        },
        "end": {
          "x": 1879.5,
          "y": 476
        }
      },
      {
        "type": "Q",
        "begin": {
          "x": 1880,
          "y": 515
        },
        "end": {
          "x": 1876,
          "y": 589
        }
      },
      {
        "type": "L",
        "x": 1869,
        "y": 709
      },
      {
        "type": "Q",
        "begin": {
          "x": 1865,
          "y": 773
        },
        "end": {
          "x": 1863,
          "y": 822
        }
      },
      {
        "type": "L",
        "x": 1843,
        "y": 1237
      },
      {
        "type": "Q",
        "begin": {
          "x": 1837,
          "y": 1356
        },
        "end": {
          "x": 1827.5,
          "y": 1460
        }
      },
      {
        "type": "Q",
        "begin": {
          "x": 1818,
          "y": 1564
        },
        "end": {
          "x": 1807.5,
          "y": 1645
        }
      },
      {
        "type": "Q",
        "begin": {
          "x": 1797,
          "y": 1726
        },
        "end": {
          "x": 1775.5,
          "y": 1760
        }
      },
      {
        "type": "Q",
        "begin": {
          "x": 1754,
          "y": 1794
        },
        "end": {
          "x": 1724,
          "y": 1794
        }
      },
      {
        "type": "Q",
        "begin": {
          "x": 1701,
          "y": 1795
        },
        "end": {
          "x": 1655,
          "y": 1767
        }
      },
      {
        "type": "Q",
        "begin": {
          "x": 1609,
          "y": 1739
        },
        "end": {
          "x": 1598,
          "y": 1684
        }
      },
      {
        "type": "Q",
        "begin": {
          "x": 1587,
          "y": 1629
        },
        "end": {
          "x": 1589,
          "y": 1604
        }
      },
      {
        "type": "Q",
        "begin": {
          "x": 1589,
          "y": 1593
        },
        "end": {
          "x": 1596,
          "y": 1550
        }
      },
      {
        "type": "Q",
        "begin": {
          "x": 1603,
          "y": 1507
        },
        "end": {
          "x": 1611,
          "y": 1417.5
        }
      },
      {
        "type": "Q",
        "begin": {
          "x": 1619,
          "y": 1328
        },
        "end": {
          "x": 1623,
          "y": 1270
        }
      },
      {
        "type": "L",
        "x": 1636,
        "y": 1040
      },
      {
        "type": "Q",
        "begin": {
          "x": 1639,
          "y": 974
        },
        "end": {
          "x": 1639.5,
          "y": 940.5
        }
      },
      {
        "type": "Q",
        "begin": {
          "x": 1640,
          "y": 907
        },
        "end": {
          "x": 1639,
          "y": 841
        }
      },
      {
        "type": "Q",
        "begin": {
          "x": 1637,
          "y": 756
        },
        "end": {
          "x": 1635.5,
          "y": 726
        }
      },
      {
        "type": "Q",
        "begin": {
          "x": 1634,
          "y": 696
        },
        "end": {
          "x": 1628,
          "y": 636.5
        }
      },
      {
        "type": "Q",
        "begin": {
          "x": 1622,
          "y": 577
        },
        "end": {
          "x": 1614,
          "y": 543
        }
      },
      {
        "type": "Q",
        "begin": {
          "x": 1606,
          "y": 509
        },
        "end": {
          "x": 1561,
          "y": 483.5
        }
      },
      {
        "type": "Q",
        "begin": {
          "x": 1516,
          "y": 458
        },
        "end": {
          "x": 1383,
          "y": 462
        }
      },
      {
        "type": "L",
        "x": 1234,
        "y": 467
      },
      {
        "type": "Q",
        "begin": {
          "x": 1036,
          "y": 474
        },
        "end": {
          "x": 787,
          "y": 513.5
        }
      },
      {
        "type": "Q",
        "begin": {
          "x": 538,
          "y": 553
        },
        "end": {
          "x": 375,
          "y": 594
        }
      },
      {
        "type": "L",
        "x": 359,
        "y": 401
      }
    ],
    "track": [
      {
        "x": 410,
        "y": 490
      },
      {
        "x": 1070,
        "y": 390
      },
      {
        "x": 1695,
        "y": 370
      },
      {
        "x": 1770,
        "y": 445
      },
      {
        "x": 1685,
        "y": 1655
      }
    ]
  }
]
