<?xml version="1.0" encoding="UTF-8"?>
<Word version="1.0">
  <Stroke>
    <Outline>
      <MoveTo x="375.0" y="594.0" />
      <LineTo flexible="false" x="374.0" y="900.0" />
      <LineTo flexible="false" x="385.0" y="1234.0" />
      <QuadTo flexible="false" x1="388.0" y1="1349.0" x2="393.0" y2="1414.0" />
      <LineTo flexible="false" x="402.0" y="1549.0" />
      <LineTo flexible="false" x="407.0" y="1648.0" />
      <QuadTo flexible="false" x1="408.0" y1="1687.0" x2="394.0" y2="1739.0" />
      <QuadTo flexible="false" x1="380.0" y1="1791.0" x2="338.0" y2="1791.0" />
      <QuadTo flexible="false" x1="279.0" y1="1792.0" x2="247.0" y2="1696.5" />
      <QuadTo flexible="false" x1="215.0" y1="1601.0" x2="210.0" y2="1551.0" />
      <QuadTo flexible="false" x1="205.0" y1="1501.0" x2="203.0" y2="1427.0" />
      <LineTo flexible="false" x="197.0" y="1281.0" />
      <LineTo flexible="false" x="185.0" y="692.0" />
      <QuadTo flexible="false" x1="183.0" y1="625.0" x2="181.5" y2="587.0" />
      <QuadTo flexible="false" x1="180.0" y1="549.0" x2="178.5" y2="516.5" />
      <QuadTo flexible="false" x1="177.0" y1="484.0" x2="175.0" y2="469.0" />
      <LineTo flexible="false" x="168.0" y="432.0" />
      <QuadTo flexible="false" x1="168.0" y1="421.0" x2="170.0" y2="412.0" />
      <QuadTo flexible="false" x1="173.0" y1="403.0" x2="197.0" y2="381.5" />
      <QuadTo flexible="false" x1="221.0" y1="360.0" x2="258.0" y2="360.0" />
      <QuadTo flexible="false" x1="277.0" y1="361.0" x2="359.0" y2="401.0" />
      <LineTo flexible="true" x="375.0" y="594.0" />
    </Outline>
    <Track>
      <MoveTo x="265.0" y="440.0" />
      <MoveTo x="330.0" y="1700.0" />
    </Track>
  </Stroke>
  <Stroke>
    <Outline>
      <MoveTo x="359.0" y="401.0" />
      <QuadTo flexible="false" x1="795.0" y1="325.0" x2="1166.0" y2="307.0" />
      <LineTo flexible="false" x="1403.0" y="296.0" />
      <QuadTo flexible="false" x1="1477.0" y1="293.0" x2="1509.0" y2="288.5" />
      <QuadTo flexible="false" x1="1541.0" y1="284.0" x2="1581.5" y2="270.0" />
      <QuadTo flexible="false" x1="1622.0" y1="256.0" x2="1637.0" y2="255.0" />
      <QuadTo flexible="false" x1="1727.0" y1="252.0" x2="1794.5" y2="310.0" />
      <QuadTo flexible="false" x1="1862.0" y1="368.0" x2="1870.5" y2="402.5" />
      <QuadTo flexible="false" x1="1879.0" y1="437.0" x2="1879.5" y2="476.0" />
      <QuadTo flexible="false" x1="1880.0" y1="515.0" x2="1876.0" y2="589.0" />
      <LineTo flexible="false" x="1869.0" y="709.0" />
      <QuadTo flexible="false" x1="1865.0" y1="773.0" x2="1863.0" y2="822.0" />
      <LineTo flexible="false" x="1843.0" y="1237.0" />
      <QuadTo flexible="false" x1="1837.0" y1="1356.0" x2="1827.5" y2="1460.0" />
      <QuadTo flexible="false" x1="1818.0" y1="1564.0" x2="1807.5" y2="1645.0" />
      <QuadTo flexible="false" x1="1797.0" y1="1726.0" x2="1775.5" y2="1760.0" />
      <QuadTo flexible="false" x1="1754.0" y1="1794.0" x2="1724.0" y2="1794.0" />
      <QuadTo flexible="false" x1="1701.0" y1="1795.0" x2="1655.0" y2="1767.0" />
      <QuadTo flexible="false" x1="1609.0" y1="1739.0" x2="1598.0" y2="1684.0" />
      <QuadTo flexible="false" x1="1587.0" y1="1629.0" x2="1589.0" y2="1604.0" />
      <QuadTo flexible="false" x1="1589.0" y1="1593.0" x2="1596.0" y2="1550.0" />
      <QuadTo flexible="false" x1="1603.0" y1="1507.0" x2="1611.0" y2="1417.5" />
      <QuadTo flexible="false" x1="1619.0" y1="1328.0" x2="1623.0" y2="1270.0" />
      <LineTo flexible="false" x="1636.0" y="1040.0" />
      <QuadTo flexible="false" x1="1639.0" y1="974.0" x2="1639.5" y2="940.5" />
      <QuadTo flexible="false" x1="1640.0" y1="907.0" x2="1639.0" y2="841.0" />
      <QuadTo flexible="false" x1="1637.0" y1="756.0" x2="1635.5" y2="726.0" />
      <QuadTo flexible="false" x1="1634.0" y1="696.0" x2="1628.0" y2="636.5" />
      <QuadTo flexible="false" x1="1622.0" y1="577.0" x2="1614.0" y2="543.0" />
      <QuadTo flexible="false" x1="1606.0" y1="509.0" x2="1561.0" y2="483.5" />
      <QuadTo flexible="false" x1="1516.0" y1="458.0" x2="1383.0" y2="462.0" />
      <LineTo flexible="false" x="1234.0" y="467.0" />
      <QuadTo flexible="false" x1="1036.0" y1="474.0" x2="787.0" y2="513.5" />
      <QuadTo flexible="false" x1="538.0" y1="553.0" x2="375.0" y2="594.0" />
      <LineTo flexible="true" x="359.0" y="401.0" />
    </Outline>
    <Track>
      <MoveTo x="410.0" y="490.0" />
      <MoveTo x="1070.0" y="390.0" />
      <MoveTo x="1695.0" y="370.0" />
      <MoveTo x="1770.0" y="445.0" />
      <MoveTo x="1685.0" y="1655.0" />
    </Track>
  </Stroke>
</Word>

