<?xml version="1.0" encoding="UTF-8"?>
<Word version="1.0">
  <Stroke>
    <Outline>
      <MoveTo x="109.0" y="1887.0" />
      <LineTo flexible="false" x="183.0" y="1799.0" />
      <QuadTo flexible="false" x1="224.0" y1="1750.0" x2="282.0" y2="1663.0" />
      <QuadTo flexible="false" x1="340.0" y1="1576.0" x2="380.0" y2="1496.5" />
      <QuadTo flexible="false" x1="420.0" y1="1417.0" x2="455.0" y2="1310.5" />
      <QuadTo flexible="false" x1="490.0" y1="1204.0" x2="505.0" y2="1120.5" />
      <QuadTo flexible="false" x1="520.0" y1="1037.0" x2="527.0" y2="974.0" />
      <QuadTo flexible="false" x1="534.0" y1="911.0" x2="539.5" y2="821.5" />
      <QuadTo flexible="false" x1="545.0" y1="732.0" x2="549.0" y2="632.0" />
      <QuadTo flexible="false" x1="553.0" y1="532.0" x2="552.0" y2="457.0" />
      <QuadTo flexible="false" x1="550.0" y1="393.0" x2="545.5" y2="369.5" />
      <QuadTo flexible="false" x1="541.0" y1="346.0" x2="533.5" y2="313.5" />
      <QuadTo flexible="false" x1="526.0" y1="281.0" x2="514.0" y2="252.5" />
      <QuadTo flexible="false" x1="502.0" y1="224.0" x2="501.5" y2="201.5" />
      <QuadTo flexible="false" x1="501.0" y1="179.0" x2="549.0" y2="179.0" />
      <QuadTo flexible="false" x1="586.0" y1="180.0" x2="671.0" y2="198.0" />
      <QuadTo flexible="false" x1="756.0" y1="216.0" x2="775.0" y2="250.0" />
      <QuadTo flexible="false" x1="794.0" y1="284.0" x2="795.0" y2="305.0" />
      <QuadTo flexible="false" x1="796.0" y1="326.0" x2="787.0" y2="425.0" />
      <LineTo flexible="false" x="774.0" y="565.0" />
      <QuadTo flexible="false" x1="770.0" y1="599.0" x2="758.5" y2="693.0" />
      <QuadTo flexible="false" x1="747.0" y1="787.0" x2="733.0" y2="904.0" />
      <QuadTo flexible="false" x1="719.0" y1="1021.0" x2="706.5" y2="1091.0" />
      <QuadTo flexible="false" x1="694.0" y1="1161.0" x2="670.5" y2="1251.5" />
      <QuadTo flexible="false" x1="647.0" y1="1342.0" x2="622.0" y2="1401.0" />
      <QuadTo flexible="false" x1="597.0" y1="1460.0" x2="551.5" y2="1539.5" />
      <QuadTo flexible="false" x1="506.0" y1="1619.0" x2="429.0" y2="1703.5" />
      <QuadTo flexible="false" x1="352.0" y1="1788.0" x2="171.0" y2="1893.0" />
      <LineTo flexible="false" x="126.0" y="1919.0" />
      <QuadTo flexible="false" x1="110.0" y1="1928.0" x2="102.0" y2="1924.0" />
      <QuadTo flexible="false" x1="94.0" y1="1920.0" x2="94.5" y2="1912.0" />
      <QuadTo flexible="false" x1="95.0" y1="1904.0" x2="109.0" y2="1887.0" />
    </Outline>
    <Track>
      <MoveTo x="653.0" y="280.0" />
      <MoveTo x="666.0" y="733.0" />
      <MoveTo x="553.0" y="1370.0" />
      <MoveTo x="190.0" y="1853.0" />
    </Track>
  </Stroke>
  <Stroke>
    <Outline>
      <MoveTo x="1327.0" y="619.0" />
      <LineTo flexible="false" x="1290.0" y="1491.0" />
      <QuadTo flexible="false" x1="1287.0" y1="1544.0" x2="1294.5" y2="1587.5" />
      <QuadTo flexible="false" x1="1302.0" y1="1631.0" x2="1317.5" y2="1653.5" />
      <QuadTo flexible="false" x1="1333.0" y1="1676.0" x2="1370.5" y2="1687.5" />
      <QuadTo flexible="false" x1="1408.0" y1="1699.0" x2="1486.0" y2="1694.0" />
      <LineTo flexible="false" x="1594.0" y="1688.0" />
      <QuadTo flexible="false" x1="1620.0" y1="1687.0" x2="1687.0" y2="1676.5" />
      <QuadTo flexible="false" x1="1754.0" y1="1666.0" x2="1788.0" y2="1658.5" />
      <QuadTo flexible="false" x1="1822.0" y1="1651.0" x2="1838.0" y2="1651.0" />
      <QuadTo flexible="false" x1="1895.0" y1="1655.0" x2="1925.5" y2="1706.5" />
      <QuadTo flexible="false" x1="1956.0" y1="1758.0" x2="1952.0" y2="1789.0" />
      <QuadTo flexible="false" x1="1947.0" y1="1821.0" x2="1908.5" y2="1854.0" />
      <QuadTo flexible="false" x1="1870.0" y1="1887.0" x2="1625.0" y2="1897.0" />
      <LineTo flexible="false" x="1458.0" y="1904.0" />
      <QuadTo flexible="false" x1="1397.0" y1="1907.0" x2="1323.0" y2="1896.5" />
      <QuadTo flexible="false" x1="1249.0" y1="1886.0" x2="1206.5" y2="1861.5" />
      <QuadTo flexible="false" x1="1164.0" y1="1837.0" x2="1140.0" y2="1794.0" />
      <QuadTo flexible="false" x1="1116.0" y1="1751.0" x2="1105.5" y2="1693.0" />
      <QuadTo flexible="false" x1="1095.0" y1="1635.0" x2="1097.0" y2="1583.0" />
      <LineTo flexible="false" x="1123.0" y="443.0" />
      <QuadTo flexible="false" x1="1123.0" y1="400.0" x2="1120.0" y2="335.5" />
      <QuadTo flexible="false" x1="1117.0" y1="271.0" x2="1116.5" y2="251.0" />
      <QuadTo flexible="false" x1="1116.0" y1="231.0" x2="1115.0" y2="222.0" />
      <LineTo flexible="false" x="1106.0" y="167.0" />
      <QuadTo flexible="false" x1="1109.0" y1="126.0" x2="1151.0" y2="125.0" />
      <QuadTo flexible="false" x1="1189.0" y1="125.0" x2="1253.5" y2="159.5" />
      <QuadTo flexible="false" x1="1318.0" y1="194.0" x2="1334.5" y2="225.0" />
      <QuadTo flexible="false" x1="1351.0" y1="256.0" x2="1351.5" y2="280.0" />
      <QuadTo flexible="false" x1="1352.0" y1="304.0" x2="1347.0" y2="342.0" />
      <QuadTo flexible="false" x1="1343.0" y1="367.0" x2="1336.0" y2="486.0" />
      <LineTo flexible="false" x="1327.0" y="619.0" />
    </Outline>
    <Track>
      <MoveTo x="1216.0" y="263.0" />
      <MoveTo x="1180.0" y="1663.0" />
      <MoveTo x="1286.0" y="1820.0" />
      <MoveTo x="1850.0" y="1773.0" />
    </Track>
  </Stroke>
</Word>

