[
  {
    "outline": [
      {
        "type": "M",
        "x": 109,
        "y": 1887
      },
      {
        "type": "L",
        "x": 183,
        "y": 1799
      },
      {
        "type": "Q",
        "begin": {
          "x": 224,
          "y": 1750
        },
        "end": {
          "x": 282,
          "y": 1663
        }
      },
      {
        "type": "Q",
        "begin": {
          "x": 340,
          "y": 1576
        },
        "end": {
          "x": 380,
          "y": 1496.5
        }
      },
      {
        "type": "Q",
        "begin": {
          "x": 420,
          "y": 1417
        },
        "end": {
          "x": 455,
          "y": 1310.5
        }
      },
      {
        "type": "Q",
        "begin": {
          "x": 490,
          "y": 1204
        },
        "end": {
          "x": 505,
          "y": 1120.5
        }
      },
      {
        "type": "Q",
        "begin": {
          "x": 520,
          "y": 1037
        },
        "end": {
          "x": 527,
          "y": 974
        }
      },
      {
        "type": "Q",
        "begin": {
          "x": 534,
          "y": 911
        },
        "end": {
          "x": 539.5,
          "y": 821.5
        }
      },
      {
        "type": "Q",
        "begin": {
          "x": 545,
          "y": 732
        },
        "end": {
          "x": 549,
          "y": 632
        }
      },
      {
        "type": "Q",
        "begin": {
          "x": 553,
          "y": 532
        },
        "end": {
          "x": 552,
          "y": 457
        }
      },
      {
        "type": "Q",
        "begin": {
          "x": 550,
          "y": 393
        },
        "end": {
          "x": 545.5,
          "y": 369.5
        }
      },
      {
        "type": "Q",
        "begin": {
          "x": 541,
          "y": 346
        },
        "end": {
          "x": 533.5,
          "y": 313.5
        }
      },
      {
        "type": "Q",
        "begin": {
          "x": 526,
          "y": 281
        },
        "end": {
          "x": 514,
          "y": 252.5
        }
      },
      {
        "type": "Q",
        "begin": {
          "x": 502,
          "y": 224
        },
        "end": {
          "x": 501.5,
          "y": 201.5
        }
      },
      {
        "type": "Q",
        "begin": {
          "x": 501,
          "y": 179
        },
        "end": {
          "x": 549,
          "y": 179
        }
      },
      {
        "type": "Q",
        "begin": {
          "x": 586,
          "y": 180
        },
        "end": {
          "x": 671,
          "y": 198
        }
      },
      {
        "type": "Q",
        "begin": {
          "x": 756,
          "y": 216
        },
        "end": {
          "x": 775,
          "y": 250
        }
      },
      {
        "type": "Q",
        "begin": {
          "x": 794,
          "y": 284
        },
        "end": {
          "x": 795,
          "y": 305
        }
      },
      {
        "type": "Q",
        "begin": {
          "x": 796,
          "y": 326
        },
        "end": {
          "x": 787,
          "y": 425
        }
      },
      {
        "type": "L",
        "x": 774,
        "y": 565
      },
      {
        "type": "Q",
        "begin": {
          "x": 770,
          "y": 599
        },
        "end": {
          "x": 758.5,
          "y": 693
        }
      },
      {
        "type": "Q",
        "begin": {
          "x": 747,
          "y": 787
        },
        "end": {
          "x": 733,
          "y": 904
        }
      },
      {
        "type": "Q",
        "begin": {
          "x": 719,
          "y": 1021
        },
        "end": {
          "x": 706.5,
          "y": 1091
        }
      },
      {
        "type": "Q",
        "begin": {
          "x": 694,
          "y": 1161
        },
        "end": {
          "x": 670.5,
          "y": 1251.5
        }
      },
      {
        "type": "Q",
        "begin": {
          "x": 647,
          "y": 1342
        },
        "end": {
          "x": 622,
          "y": 1401
        }
      },
      {
        "type": "Q",
        "begin": {
          "x": 597,
          "y": 1460
        },
        "end": {
          "x": 551.5,
          "y": 1539.5
        }
      },
      {
        "type": "Q",
        "begin": {
          "x": 506,
          "y": 1619
        },
        "end": {
          "x": 429,
          "y": 1703.5
        }
      },
      {
        "type": "Q",
        "begin": {
          "x": 352,
          "y": 1788
        },
        "end": {
          "x": 171,
          "y": 1893
        }
      },
      {
        "type": "L",
        "x": 126,
        "y": 1919
      },
      {
        "type": "Q",
        "begin": {
          "x": 110,
          "y": 1928
        },
        "end": {
          "x": 102,
          "y": 1924
        }
      },
      {
        "type": "Q",
        "begin": {
          "x": 94,
          "y": 1920
        },
        "end": {
          "x": 94.5,
          "y": 1912
        }
      },
      {
        "type": "Q",
        "begin": {
          "x": 95,
          "y": 1904
        },
        "end": {
          "x": 109,
          "y": 1887
        }
      }
    ],
    "track": [
      {
        "x": 653,
        "y": 280
      },
      {
        "x": 666,
        "y": 733
      },
      {
        "x": 553,
        "y": 1370
      },
      {
        "x": 190,
        "y": 1853
      }
    ]
  },
  {
    "outline": [
      {
        "type": "M",
        "x": 1327,
        "y": 619
      },
      {
        "type": "L",
        "x": 1290,
        "y": 1491
      },
      {
        "type": "Q",
        "begin": {
          "x": 1287,
          "y": 1544
        },
        "end": {
          "x": 1294.5,
          "y": 1587.5
        }
      },
      {
        "type": "Q",
        "begin": {
          "x": 1302,
          "y": 1631
        },
        "end": {
          "x": 1317.5,
          "y": 1653.5
        }
      },
      {
        "type": "Q",
        "begin": {
          "x": 1333,
          "y": 1676
        },
        "end": {
          "x": 1370.5,
          "y": 1687.5
        }
      },
      {
        "type": "Q",
        "begin": {
          "x": 1408,
          "y": 1699
        },
        "end": {
          "x": 1486,
          "y": 1694
        }
      },
      {
        "type": "L",
        "x": 1594,
        "y": 1688
      },
      {
        "type": "Q",
        "begin": {
          "x": 1620,
          "y": 1687
        },
        "end": {
          "x": 1687,
          "y": 1676.5
        }
      },
      {
        "type": "Q",
        "begin": {
          "x": 1754,
          "y": 1666
        },
        "end": {
          "x": 1788,
          "y": 1658.5
        }
      },
      {
        "type": "Q",
        "begin": {
          "x": 1822,
          "y": 1651
        },
        "end": {
          "x": 1838,
          "y": 1651
        }
      },
      {
        "type": "Q",
        "begin": {
          "x": 1895,
          "y": 1655
        },
        "end": {
          "x": 1925.5,
          "y": 1706.5
        }
      },
      {
        "type": "Q",
        "begin": {
          "x": 1956,
          "y": 1758
        },
        "end": {
          "x": 1952,
          "y": 1789
        }
      },
      {
        "type": "Q",
        "begin": {
          "x": 1947,
          "y": 1821
        },
        "end": {
          "x": 1908.5,
          "y": 1854
        }
      },
      {
        "type": "Q",
        "begin": {
          "x": 1870,
          "y": 1887
        },
        "end": {
          "x": 1625,
          "y": 1897
        }
      },
      {
        "type": "L",
        "x": 1458,
        "y": 1904
      },
      {
        "type": "Q",
        "begin": {
          "x": 1397,
          "y": 1907
        },
        "end": {
          "x": 1323,
          "y": 1896.5
        }
      },
      {
        "type": "Q",
        "begin": {
          "x": 1249,
          "y": 1886
        },
        "end": {
          "x": 1206.5,
          "y": 1861.5
        }
      },
      {
        "type": "Q",
        "begin": {
          "x": 1164,
          "y": 1837
        },
        "end": {
          "x": 1140,
          "y": 1794
        }
      },
      {
        "type": "Q",
        "begin": {
          "x": 1116,
          "y": 1751
        },
        "end": {
          "x": 1105.5,
          "y": 1693
        }
      },
      {
        "type": "Q",
        "begin": {
          "x": 1095,
          "y": 1635
        },
        "end": {
          "x": 1097,
          "y": 1583
        }
      },
      {
        "type": "L",
        "x": 1123,
        "y": 443
      },
      {
        "type": "Q",
        "begin": {
          "x": 1123,
          "y": 400
        },
        "end": {
          "x": 1120,
          "y": 335.5
        }
      },
      {
        "type": "Q",
        "begin": {
          "x": 1117,
          "y": 271
        },
        "end": {
          "x": 1116.5,
          "y": 251
        }
      },
      {
        "type": "Q",
        "begin": {
          "x": 1116,
          "y": 231
        },
        "end": {
          "x": 1115,
          "y": 222
        }
      },
      {
        "type": "L",
        "x": 1106,
        "y": 167
      },
      {
        "type": "Q",
        "begin": {
          "x": 1109,
          "y": 126
        },
        "end": {
          "x": 1151,
          "y": 125
        }
      },
      {
        "type": "Q",
        "begin": {
          "x": 1189,
          "y": 125
        },
        "end": {
          "x": 1253.5,
          "y": 159.5
        }
      },
      {
        "type": "Q",
        "begin": {
          "x": 1318,
          "y": 194
        },
        "end": {
          "x": 1334.5,
          "y": 225
        }
      },
      {
        "type": "Q",
        "begin": {
          "x": 1351,
          "y": 256
        },
        "end": {
          "x": 1351.5,
          "y": 280
        }
      },
      {
        "type": "Q",
        "begin": {
          "x": 1352,
          "y": 304
        },
        "end": {
          "x": 1347,
          "y": 342
        }
      },
      {
        "type": "Q",
        "begin": {
          "x": 1343,
          "y": 367
        },
        "end": {
          "x": 1336,
          "y": 486
        }
      },
      {
        "type": "L",
        "x": 1327,
        "y": 619
      }
    ],
    "track": [
      {
        "x": 1216,
        "y": 263
      },
      {
        "x": 1180,
        "y": 1663
      },
      {
        "x": 1286,
        "y": 1820
      },
      {
        "x": 1850,
        "y": 1773
      }
    ]
  }
]
