[
  {
    "outline": [
      {
        "type": "M",
        "x": 890,
        "y": 1254
      },
      {
        "type": "L",
        "x": 664,
        "y": 1285
      },
      {
        "type": "Q",
        "begin": {
          "x": 622,
          "y": 1291
        },
        "end": {
          "x": 586,
          "y": 1300
        }
      },
      {
        "type": "L",
        "x": 520,
        "y": 1317
      },
      {
        "type": "Q",
        "begin": {
          "x": 492,
          "y": 1323
        },
        "end": {
          "x": 462,
          "y": 1323
        }
      },
      {
        "type": "Q",
        "begin": {
          "x": 424,
          "y": 1324
        },
        "end": {
          "x": 394,
          "y": 1311.5
        }
      },
      {
        "type": "Q",
        "begin": {
          "x": 364,
          "y": 1299
        },
        "end": {
          "x": 342.5,
          "y": 1262
        }
      },
      {
        "type": "Q",
        "begin": {
          "x": 321,
          "y": 1225
        },
        "end": {
          "x": 314,
          "y": 1201.5
        }
      },
      {
        "type": "Q",
        "begin": {
          "x": 307,
          "y": 1178
        },
        "end": {
          "x": 302.5,
          "y": 1148
        }
      },
      {
        "type": "Q",
        "begin": {
          "x": 298,
          "y": 1118
        },
        "end": {
          "x": 298,
          "y": 1095
        }
      },
      {
        "type": "L",
        "x": 286,
        "y": 771
      },
      {
        "type": "Q",
        "begin": {
          "x": 284,
          "y": 734
        },
        "end": {
          "x": 279,
          "y": 675
        }
      },
      {
        "type": "Q",
        "begin": {
          "x": 274,
          "y": 616
        },
        "end": {
          "x": 271,
          "y": 594
        }
      },
      {
        "type": "Q",
        "begin": {
          "x": 268,
          "y": 572
        },
        "end": {
          "x": 261.5,
          "y": 534.5
        }
      },
      {
        "type": "Q",
        "begin": {
          "x": 255,
          "y": 497
        },
        "end": {
          "x": 254.5,
          "y": 478.5
        }
      },
      {
        "type": "Q",
        "begin": {
          "x": 254,
          "y": 460
        },
        "end": {
          "x": 263,
          "y": 441
        }
      },
      {
        "type": "Q",
        "begin": {
          "x": 273,
          "y": 419
        },
        "end": {
          "x": 304,
          "y": 399.5
        }
      },
      {
        "type": "Q",
        "begin": {
          "x": 335,
          "y": 380
        },
        "end": {
          "x": 375,
          "y": 382
        }
      },
      {
        "type": "Q",
        "begin": {
          "x": 409,
          "y": 384
        },
        "end": {
          "x": 430,
          "y": 402.5
        }
      },
      {
        "type": "Q",
        "begin": {
          "x": 451,
          "y": 421
        },
        "end": {
          "x": 456.5,
          "y": 432.5
        }
      },
      {
        "type": "Q",
        "begin": {
          "x": 462,
          "y": 444
        },
        "end": {
          "x": 462.5,
          "y": 456
        }
      },
      {
        "type": "Q",
        "begin": {
          "x": 463,
          "y": 468
        },
        "end": {
          "x": 456,
          "y": 494
        }
      },
      {
        "type": "Q",
        "begin": {
          "x": 450,
          "y": 515
        },
        "end": {
          "x": 448,
          "y": 530.5
        }
      },
      {
        "type": "Q",
        "begin": {
          "x": 446,
          "y": 546
        },
        "end": {
          "x": 444.5,
          "y": 574.5
        }
      },
      {
        "type": "Q",
        "begin": {
          "x": 443,
          "y": 603
        },
        "end": {
          "x": 441,
          "y": 649
        }
      },
      {
        "type": "Q",
        "begin": {
          "x": 439,
          "y": 695
        },
        "end": {
          "x": 440,
          "y": 719
        }
      },
      {
        "type": "L",
        "x": 442,
        "y": 879
      },
      {
        "type": "Q",
        "begin": {
          "x": 442,
          "y": 911
        },
        "end": {
          "x": 446.5,
          "y": 976
        }
      },
      {
        "type": "Q",
        "begin": {
          "x": 451,
          "y": 1041
        },
        "end": {
          "x": 462,
          "y": 1093.5
        }
      },
      {
        "type": "Q",
        "begin": {
          "x": 473,
          "y": 1146
        },
        "end": {
          "x": 490,
          "y": 1155.5
        }
      },
      {
        "type": "Q",
        "begin": {
          "x": 507,
          "y": 1165
        },
        "end": {
          "x": 525,
          "y": 1165
        }
      },
      {
        "type": "Q",
        "begin": {
          "x": 543,
          "y": 1166
        },
        "end": {
          "x": 615,
          "y": 1153
        }
      },
      {
        "type": "L",
        "x": 889,
        "y": 1106
      },
      {
        "type": "L",
        "x": 1060,
        "y": 1096
      },
      {
        "type": "L",
        "x": 1350,
        "y": 1086
      },
      {
        "type": "Q",
        "begin": {
          "x": 1436,
          "y": 1084
        },
        "end": {
          "x": 1452,
          "y": 1072
        }
      },
      {
        "type": "Q",
        "begin": {
          "x": 1582.5,
          "y": 1051.5
        },
        "end": {
          "x": 1643,
          "y": 1071
        }
      },
      {
        "type": "Q",
        "begin": {
          "x": 1636,
          "y": 1114
        },
        "end": {
          "x": 1622.5,
          "y": 1154.5
        }
      },
      {
        "type": "Q",
        "begin": {
          "x": 1609,
          "y": 1195
        },
        "end": {
          "x": 1575,
          "y": 1212
        }
      },
      {
        "type": "Q",
        "begin": {
          "x": 1541,
          "y": 1229
        },
        "end": {
          "x": 1487,
          "y": 1226
        }
      },
      {
        "type": "L",
        "x": 1327,
        "y": 1220
      },
      {
        "type": "Q",
        "begin": {
          "x": 1248,
          "y": 1218
        },
        "end": {
          "x": 1061,
          "y": 1236
        }
      },
      {
        "type": "L",
        "x": 890,
        "y": 1254
      }
    ],
    "track": [
      {
        "x": 340,
        "y": 455
      },
      {
        "x": 390,
        "y": 1175
      },
      {
        "x": 470,
        "y": 1240
      },
      {
        "x": 1555,
        "y": 1130
      }
    ]
  },
  {
    "outline": [
      {
        "type": "M",
        "x": 1452,
        "y": 1072
      },
      {
        "type": "Q",
        "begin": {
          "x": 1468,
          "y": 1060
        },
        "end": {
          "x": 1474,
          "y": 1045.5
        }
      },
      {
        "type": "Q",
        "begin": {
          "x": 1480,
          "y": 1031
        },
        "end": {
          "x": 1487,
          "y": 990
        }
      },
      {
        "type": "L",
        "x": 1513,
        "y": 822
      },
      {
        "type": "Q",
        "begin": {
          "x": 1522,
          "y": 764
        },
        "end": {
          "x": 1529,
          "y": 693.5
        }
      },
      {
        "type": "Q",
        "begin": {
          "x": 1536,
          "y": 623
        },
        "end": {
          "x": 1538,
          "y": 591
        }
      },
      {
        "type": "L",
        "x": 1541,
        "y": 527
      },
      {
        "type": "Q",
        "begin": {
          "x": 1544,
          "y": 474
        },
        "end": {
          "x": 1543.5,
          "y": 459
        }
      },
      {
        "type": "Q",
        "begin": {
          "x": 1543,
          "y": 444
        },
        "end": {
          "x": 1545,
          "y": 438
        }
      },
      {
        "type": "Q",
        "begin": {
          "x": 1550,
          "y": 419
        },
        "end": {
          "x": 1581,
          "y": 402
        }
      },
      {
        "type": "Q",
        "begin": {
          "x": 1612,
          "y": 385
        },
        "end": {
          "x": 1638,
          "y": 387
        }
      },
      {
        "type": "Q",
        "begin": {
          "x": 1669,
          "y": 391
        },
        "end": {
          "x": 1697.5,
          "y": 420.5
        }
      },
      {
        "type": "Q",
        "begin": {
          "x": 1726,
          "y": 450
        },
        "end": {
          "x": 1735,
          "y": 467.5
        }
      },
      {
        "type": "Q",
        "begin": {
          "x": 1744,
          "y": 485
        },
        "end": {
          "x": 1743,
          "y": 509
        }
      },
      {
        "type": "Q",
        "begin": {
          "x": 1742,
          "y": 520
        },
        "end": {
          "x": 1738,
          "y": 539
        }
      },
      {
        "type": "Q",
        "begin": {
          "x": 1734,
          "y": 558
        },
        "end": {
          "x": 1723,
          "y": 608.5
        }
      },
      {
        "type": "Q",
        "begin": {
          "x": 1712,
          "y": 659
        },
        "end": {
          "x": 1700,
          "y": 717
        }
      },
      {
        "type": "Q",
        "begin": {
          "x": 1688,
          "y": 775
        },
        "end": {
          "x": 1668,
          "y": 909
        }
      },
      {
        "type": "L",
        "x": 1643,
        "y": 1071
      },
      {
        "type": "Q",
        "begin": {
          "x": 1636,
          "y": 1114
        },
        "end": {
          "x": 1622.5,
          "y": 1154.5
        }
      },
      {
        "type": "L",
        "x": 1452,
        "y": 1072
      }
    ],
    "track": [
      {
        "x": 1645,
        "y": 460
      },
      {
        "x": 1555,
        "y": 1055
      }
    ]
  },
  {
    "outline": [
      {
        "type": "M",
        "x": 878,
        "y": 1695
      },
      {
        "type": "Q",
        "begin": {
          "x": 883,
          "y": 1579
        },
        "end": {
          "x": 885,
          "y": 1512.5
        }
      },
      {
        "type": "Q",
        "begin": {
          "x": 887,
          "y": 1446
        },
        "end": {
          "x": 888,
          "y": 1393
        }
      },
      {
        "type": "L",
        "x": 890,
        "y": 1254
      },
      {
        "type": "L",
        "x": 889,
        "y": 1106
      },
      {
        "type": "L",
        "x": 895,
        "y": 476
      },
      {
        "type": "Q",
        "begin": {
          "x": 895,
          "y": 422
        },
        "end": {
          "x": 892,
          "y": 365
        }
      },
      {
        "type": "Q",
        "begin": {
          "x": 889,
          "y": 308
        },
        "end": {
          "x": 886,
          "y": 277.5
        }
      },
      {
        "type": "Q",
        "begin": {
          "x": 883,
          "y": 247
        },
        "end": {
          "x": 877.5,
          "y": 225.5
        }
      },
      {
        "type": "Q",
        "begin": {
          "x": 872,
          "y": 204
        },
        "end": {
          "x": 871,
          "y": 199
        }
      },
      {
        "type": "Q",
        "begin": {
          "x": 870,
          "y": 194
        },
        "end": {
          "x": 869.5,
          "y": 182
        }
      },
      {
        "type": "Q",
        "begin": {
          "x": 869,
          "y": 170
        },
        "end": {
          "x": 873,
          "y": 161
        }
      },
      {
        "type": "Q",
        "begin": {
          "x": 879,
          "y": 145
        },
        "end": {
          "x": 907,
          "y": 135
        }
      },
      {
        "type": "Q",
        "begin": {
          "x": 935,
          "y": 125
        },
        "end": {
          "x": 963,
          "y": 124
        }
      },
      {
        "type": "Q",
        "begin": {
          "x": 1011,
          "y": 124
        },
        "end": {
          "x": 1070.5,
          "y": 165
        }
      },
      {
        "type": "Q",
        "begin": {
          "x": 1130,
          "y": 206
        },
        "end": {
          "x": 1121,
          "y": 270
        }
      },
      {
        "type": "L",
        "x": 1108,
        "y": 317
      },
      {
        "type": "Q",
        "begin": {
          "x": 1104,
          "y": 331
        },
        "end": {
          "x": 1100,
          "y": 364
        }
      },
      {
        "type": "L",
        "x": 1091,
        "y": 432
      },
      {
        "type": "Q",
        "begin": {
          "x": 1087,
          "y": 465
        },
        "end": {
          "x": 1084.5,
          "y": 493.5
        }
      },
      {
        "type": "Q",
        "begin": {
          "x": 1082,
          "y": 522
        },
        "end": {
          "x": 1076.5,
          "y": 612
        }
      },
      {
        "type": "Q",
        "begin": {
          "x": 1071,
          "y": 702
        },
        "end": {
          "x": 1071,
          "y": 730
        }
      },
      {
        "type": "L",
        "x": 1060,
        "y": 1096
      },
      {
        "type": "L",
        "x": 1061,
        "y": 1236
      },
      {
        "type": "Q",
        "begin": {
          "x": 1057,
          "y": 1425
        },
        "end": {
          "x": 1057,
          "y": 1463
        }
      },
      {
        "type": "L",
        "x": 1054,
        "y": 1683
      },
      {
        "type": "Q",
        "begin": {
          "x": 936,
          "y": 1829
        },
        "end": {
          "x": 878,
          "y": 1695
        }
      }
    ],
    "track": [
      {
        "x": 975,
        "y": 185
      },
      {
        "x": 960,
        "y": 1680
      }
    ]
  },
  {
    "outline": [
      {
        "type": "M",
        "x": 1054,
        "y": 1683
      },
      {
        "type": "L",
        "x": 1442,
        "y": 1669
      },
      {
        "type": "Q",
        "begin": {
          "x": 1656,
          "y": 1663
        },
        "end": {
          "x": 1713,
          "y": 1655.5
        }
      },
      {
        "type": "Q",
        "begin": {
          "x": 1770,
          "y": 1648
        },
        "end": {
          "x": 1778,
          "y": 1647
        }
      },
      {
        "type": "Q",
        "begin": {
          "x": 1835,
          "y": 1647
        },
        "end": {
          "x": 1874.5,
          "y": 1697.5
        }
      },
      {
        "type": "Q",
        "begin": {
          "x": 1914,
          "y": 1748
        },
        "end": {
          "x": 1890,
          "y": 1793
        }
      },
      {
        "type": "Q",
        "begin": {
          "x": 1870,
          "y": 1830
        },
        "end": {
          "x": 1828,
          "y": 1833
        }
      },
      {
        "type": "Q",
        "begin": {
          "x": 1815,
          "y": 1835
        },
        "end": {
          "x": 1758,
          "y": 1825.5
        }
      },
      {
        "type": "Q",
        "begin": {
          "x": 1701,
          "y": 1816
        },
        "end": {
          "x": 1354,
          "y": 1816
        }
      },
      {
        "type": "Q",
        "begin": {
          "x": 1048,
          "y": 1817
        },
        "end": {
          "x": 796,
          "y": 1846
        }
      },
      {
        "type": "Q",
        "begin": {
          "x": 544,
          "y": 1875
        },
        "end": {
          "x": 438.5,
          "y": 1900.5
        }
      },
      {
        "type": "Q",
        "begin": {
          "x": 333,
          "y": 1926
        },
        "end": {
          "x": 299,
          "y": 1926
        }
      },
      {
        "type": "Q",
        "begin": {
          "x": 253,
          "y": 1927
        },
        "end": {
          "x": 208.5,
          "y": 1902.5
        }
      },
      {
        "type": "Q",
        "begin": {
          "x": 164,
          "y": 1878
        },
        "end": {
          "x": 156,
          "y": 1862
        }
      },
      {
        "type": "Q",
        "begin": {
          "x": 148,
          "y": 1846
        },
        "end": {
          "x": 148,
          "y": 1826.5
        }
      },
      {
        "type": "Q",
        "begin": {
          "x": 148,
          "y": 1807
        },
        "end": {
          "x": 159,
          "y": 1787
        }
      },
      {
        "type": "Q",
        "begin": {
          "x": 168,
          "y": 1772
        },
        "end": {
          "x": 181.5,
          "y": 1764.5
        }
      },
      {
        "type": "Q",
        "begin": {
          "x": 195,
          "y": 1757
        },
        "end": {
          "x": 304.5,
          "y": 1752.5
        }
      },
      {
        "type": "Q",
        "begin": {
          "x": 414,
          "y": 1748
        },
        "end": {
          "x": 567,
          "y": 1730
        }
      },
      {
        "type": "L",
        "x": 878,
        "y": 1695
      },
      {
        "type": "L",
        "x": 1054,
        "y": 1683
      }
    ],
    "track": [
      {
        "x": 265,
        "y": 1845
      },
      {
        "x": 995,
        "y": 1765
      },
      {
        "x": 1760,
        "y": 1735
      }
    ]
  }
]
