[
  {
    "outline": [
      {
        "type": "M",
        "x": 1053,
        "y": 1006
      },
      {
        "type": "L",
        "x": 1164,
        "y": 859
      },
      {
        "type": "Q",
        "begin": {
          "x": 1191,
          "y": 823
        },
        "end": {
          "x": 1238.5,
          "y": 746.5
        }
      },
      {
        "type": "Q",
        "begin": {
          "x": 1286,
          "y": 670
        },
        "end": {
          "x": 1299.5,
          "y": 645.5
        }
      },
      {
        "type": "Q",
        "begin": {
          "x": 1313,
          "y": 621
        },
        "end": {
          "x": 1343,
          "y": 560
        }
      },
      {
        "type": "Q",
        "begin": {
          "x": 1373,
          "y": 499
        },
        "end": {
          "x": 1384,
          "y": 474
        }
      },
      {
        "type": "L",
        "x": 1416,
        "y": 384
      },
      {
        "type": "Q",
        "begin": {
          "x": 1431,
          "y": 340
        },
        "end": {
          "x": 1431.5,
          "y": 316.5
        }
      },
      {
        "type": "Q",
        "begin": {
          "x": 1432,
          "y": 293
        },
        "end": {
          "x": 1422.5,
          "y": 283.5
        }
      },
      {
        "type": "Q",
        "begin": {
          "x": 1413,
          "y": 274
        },
        "end": {
          "x": 1363,
          "y": 277
        }
      },
      {
        "type": "L",
        "x": 858,
        "y": 312
      },
      {
        "type": "Q",
        "begin": {
          "x": 807,
          "y": 316
        },
        "end": {
          "x": 721.5,
          "y": 327.5
        }
      },
      {
        "type": "Q",
        "begin": {
          "x": 636,
          "y": 339
        },
        "end": {
          "x": 558,
          "y": 356
        }
      },
      {
        "type": "Q",
        "begin": {
          "x": 480,
          "y": 373
        },
        "end": {
          "x": 458.5,
          "y": 379.5
        }
      },
      {
        "type": "Q",
        "begin": {
          "x": 437,
          "y": 386
        },
        "end": {
          "x": 429,
          "y": 386
        }
      },
      {
        "type": "Q",
        "begin": {
          "x": 409,
          "y": 387
        },
        "end": {
          "x": 375,
          "y": 368
        }
      },
      {
        "type": "Q",
        "begin": {
          "x": 341,
          "y": 349
        },
        "end": {
          "x": 317.5,
          "y": 326
        }
      },
      {
        "type": "Q",
        "begin": {
          "x": 294,
          "y": 303
        },
        "end": {
          "x": 276.5,
          "y": 282.5
        }
      },
      {
        "type": "Q",
        "begin": {
          "x": 259,
          "y": 262
        },
        "end": {
          "x": 256,
          "y": 245
        }
      },
      {
        "type": "Q",
        "begin": {
          "x": 253,
          "y": 228
        },
        "end": {
          "x": 270,
          "y": 216
        }
      },
      {
        "type": "Q",
        "begin": {
          "x": 287,
          "y": 204
        },
        "end": {
          "x": 363,
          "y": 201
        }
      },
      {
        "type": "L",
        "x": 536,
        "y": 196
      },
      {
        "type": "Q",
        "begin": {
          "x": 637,
          "y": 194
        },
        "end": {
          "x": 1099,
          "y": 152
        }
      },
      {
        "type": "L",
        "x": 1290,
        "y": 135
      },
      {
        "type": "Q",
        "begin": {
          "x": 1406,
          "y": 125
        },
        "end": {
          "x": 1465.5,
          "y": 105
        }
      },
      {
        "type": "Q",
        "begin": {
          "x": 1525,
          "y": 85
        },
        "end": {
          "x": 1542,
          "y": 84
        }
      },
      {
        "type": "Q",
        "begin": {
          "x": 1603,
          "y": 82
        },
        "end": {
          "x": 1680,
          "y": 162
        }
      },
      {
        "type": "Q",
        "begin": {
          "x": 1757,
          "y": 242
        },
        "end": {
          "x": 1764.5,
          "y": 290
        }
      },
      {
        "type": "Q",
        "begin": {
          "x": 1772,
          "y": 338
        },
        "end": {
          "x": 1761,
          "y": 368
        }
      },
      {
        "type": "Q",
        "begin": {
          "x": 1754,
          "y": 385
        },
        "end": {
          "x": 1745,
          "y": 395
        }
      },
      {
        "type": "L",
        "x": 1693,
        "y": 432
      },
      {
        "type": "Q",
        "begin": {
          "x": 1675,
          "y": 446
        },
        "end": {
          "x": 1659,
          "y": 467.5
        }
      },
      {
        "type": "Q",
        "begin": {
          "x": 1643,
          "y": 489
        },
        "end": {
          "x": 1587,
          "y": 570
        }
      },
      {
        "type": "Q",
        "begin": {
          "x": 1531,
          "y": 651
        },
        "end": {
          "x": 1417,
          "y": 811
        }
      },
      {
        "type": "L",
        "x": 1200,
        "y": 1115
      },
      {
        "type": "L",
        "x": 1101,
        "y": 1240
      },
      {
        "type": "Q",
        "begin": {
          "x": 1015,
          "y": 1335
        },
        "end": {
          "x": 960.5,
          "y": 1389
        }
      },
      {
        "type": "Q",
        "begin": {
          "x": 906,
          "y": 1443
        },
        "end": {
          "x": 796,
          "y": 1534
        }
      },
      {
        "type": "Q",
        "begin": {
          "x": 686,
          "y": 1625
        },
        "end": {
          "x": 564.5,
          "y": 1697.5
        }
      },
      {
        "type": "Q",
        "begin": {
          "x": 443,
          "y": 1770
        },
        "end": {
          "x": 335.5,
          "y": 1811
        }
      },
      {
        "type": "Q",
        "begin": {
          "x": 228,
          "y": 1852
        },
        "end": {
          "x": 176,
          "y": 1861
        }
      },
      {
        "type": "L",
        "x": 99,
        "y": 1875
      },
      {
        "type": "Q",
        "begin": {
          "x": 76,
          "y": 1880
        },
        "end": {
          "x": 70,
          "y": 1872
        }
      },
      {
        "type": "Q",
        "begin": {
          "x": 64,
          "y": 1864
        },
        "end": {
          "x": 68,
          "y": 1857
        }
      },
      {
        "type": "Q",
        "begin": {
          "x": 72,
          "y": 1850
        },
        "end": {
          "x": 88,
          "y": 1841
        }
      },
      {
        "type": "L",
        "x": 159,
        "y": 1801
      },
      {
        "type": "Q",
        "begin": {
          "x": 420,
          "y": 1654
        },
        "end": {
          "x": 550.5,
          "y": 1538.5
        }
      },
      {
        "type": "Q",
        "begin": {
          "x": 681,
          "y": 1423
        },
        "end": {
          "x": 768.5,
          "y": 1337
        }
      },
      {
        "type": "Q",
        "begin": {
          "x": 856,
          "y": 1251
        },
        "end": {
          "x": 869,
          "y": 1235
        }
      },
      {
        "type": "L",
        "x": 962,
        "y": 1123
      },
      {
        "type": "L",
        "x": 1053,
        "y": 1006
      }
    ],
    "track": [
      {
        "x": 410,
        "y": 295
      },
      {
        "x": 1580,
        "y": 170
      },
      {
        "x": 1600,
        "y": 310
      },
      {
        "x": 1045,
        "y": 1210
      },
      {
        "x": 260,
        "y": 1795
      }
    ]
  },
  {
    "outline": [
      {
        "type": "M",
        "x": 962,
        "y": 1123
      },
      {
        "type": "L",
        "x": 550,
        "y": 799
      },
      {
        "type": "Q",
        "begin": {
          "x": 499,
          "y": 760
        },
        "end": {
          "x": 477,
          "y": 743
        }
      },
      {
        "type": "L",
        "x": 405,
        "y": 692
      },
      {
        "type": "Q",
        "begin": {
          "x": 388,
          "y": 680
        },
        "end": {
          "x": 373,
          "y": 672
        }
      },
      {
        "type": "Q",
        "begin": {
          "x": 358,
          "y": 664
        },
        "end": {
          "x": 356.5,
          "y": 655.5
        }
      },
      {
        "type": "Q",
        "begin": {
          "x": 355,
          "y": 647
        },
        "end": {
          "x": 360,
          "y": 641
        }
      },
      {
        "type": "Q",
        "begin": {
          "x": 365,
          "y": 635
        },
        "end": {
          "x": 384.5,
          "y": 635.5
        }
      },
      {
        "type": "Q",
        "begin": {
          "x": 404,
          "y": 636
        },
        "end": {
          "x": 429,
          "y": 644
        }
      },
      {
        "type": "L",
        "x": 489,
        "y": 666
      },
      {
        "type": "Q",
        "begin": {
          "x": 614,
          "y": 713
        },
        "end": {
          "x": 1053,
          "y": 1006
        }
      },
      {
        "type": "L",
        "x": 1200,
        "y": 1115
      },
      {
        "type": "L",
        "x": 1480,
        "y": 1316
      },
      {
        "type": "Q",
        "begin": {
          "x": 1642,
          "y": 1433
        },
        "end": {
          "x": 1713.5,
          "y": 1481
        }
      },
      {
        "type": "Q",
        "begin": {
          "x": 1785,
          "y": 1529
        },
        "end": {
          "x": 1829,
          "y": 1564.5
        }
      },
      {
        "type": "Q",
        "begin": {
          "x": 1873,
          "y": 1600
        },
        "end": {
          "x": 1913,
          "y": 1651.5
        }
      },
      {
        "type": "Q",
        "begin": {
          "x": 1953,
          "y": 1703
        },
        "end": {
          "x": 1964.5,
          "y": 1780
        }
      },
      {
        "type": "Q",
        "begin": {
          "x": 1976,
          "y": 1857
        },
        "end": {
          "x": 1977,
          "y": 1902
        }
      },
      {
        "type": "Q",
        "begin": {
          "x": 1978,
          "y": 1947
        },
        "end": {
          "x": 1963,
          "y": 1956
        }
      },
      {
        "type": "Q",
        "begin": {
          "x": 1948,
          "y": 1965
        },
        "end": {
          "x": 1932,
          "y": 1965
        }
      },
      {
        "type": "Q",
        "begin": {
          "x": 1875,
          "y": 1967
        },
        "end": {
          "x": 1786,
          "y": 1883
        }
      },
      {
        "type": "L",
        "x": 1627,
        "y": 1736
      },
      {
        "type": "Q",
        "begin": {
          "x": 1566,
          "y": 1681
        },
        "end": {
          "x": 1403.5,
          "y": 1523.5
        }
      },
      {
        "type": "Q",
        "begin": {
          "x": 1241,
          "y": 1366
        },
        "end": {
          "x": 1101,
          "y": 1240
        }
      },
      {
        "type": "L",
        "x": 962,
        "y": 1123
      }
    ],
    "track": [
      {
        "x": 465,
        "y": 690
      },
      {
        "x": 1865,
        "y": 1765
      }
    ]
  }
]
