[
  {
    "outline": [
      {
        "type": "M",
        "x": 506,
        "y": 466
      },
      {
        "type": "Q",
        "begin": {
          "x": 495,
          "y": 447
        },
        "end": {
          "x": 493,
          "y": 441
        }
      },
      {
        "type": "Q",
        "begin": {
          "x": 491,
          "y": 435
        },
        "end": {
          "x": 490.5,
          "y": 422
        }
      },
      {
        "type": "Q",
        "begin": {
          "x": 490,
          "y": 409
        },
        "end": {
          "x": 494,
          "y": 386
        }
      },
      {
        "type": "Q",
        "begin": {
          "x": 496,
          "y": 369
        },
        "end": {
          "x": 505,
          "y": 351
        }
      },
      {
        "type": "Q",
        "begin": {
          "x": 514,
          "y": 333
        },
        "end": {
          "x": 555,
          "y": 334
        }
      },
      {
        "type": "L",
        "x": 734,
        "y": 341
      },
      {
        "type": "Q",
        "begin": {
          "x": 816,
          "y": 345
        },
        "end": {
          "x": 1110,
          "y": 317
        }
      },
      {
        "type": "L",
        "x": 1660,
        "y": 266
      },
      {
        "type": "Q",
        "begin": {
          "x": 1744,
          "y": 259
        },
        "end": {
          "x": 1794,
          "y": 258.5
        }
      },
      {
        "type": "Q",
        "begin": {
          "x": 1844,
          "y": 258
        },
        "end": {
          "x": 1866,
          "y": 293.5
        }
      },
      {
        "type": "Q",
        "begin": {
          "x": 1888,
          "y": 329
        },
        "end": {
          "x": 1888.5,
          "y": 356.5
        }
      },
      {
        "type": "Q",
        "begin": {
          "x": 1889,
          "y": 384
        },
        "end": {
          "x": 1881,
          "y": 400
        }
      },
      {
        "type": "Q",
        "begin": {
          "x": 1873,
          "y": 416
        },
        "end": {
          "x": 1861.5,
          "y": 422.5
        }
      },
      {
        "type": "Q",
        "begin": {
          "x": 1850,
          "y": 429
        },
        "end": {
          "x": 1824,
          "y": 429
        }
      },
      {
        "type": "L",
        "x": 1517,
        "y": 433
      },
      {
        "type": "Q",
        "begin": {
          "x": 1219,
          "y": 437
        },
        "end": {
          "x": 1043,
          "y": 454
        }
      },
      {
        "type": "Q",
        "begin": {
          "x": 867,
          "y": 471
        },
        "end": {
          "x": 698,
          "y": 494
        }
      },
      {
        "type": "Q",
        "begin": {
          "x": 552,
          "y": 530
        },
        "end": {
          "x": 506,
          "y": 466
        }
      }
    ],
    "track": [
      {
        "x": 585,
        "y": 430
      },
      {
        "x": 1780,
        "y": 335
      }
    ]
  },
  {
    "outline": [
      {
        "type": "M",
        "x": 698,
        "y": 494
      },
      {
        "type": "Q",
        "begin": {
          "x": 690,
          "y": 634
        },
        "end": {
          "x": 684,
          "y": 729
        }
      },
      {
        "type": "Q",
        "begin": {
          "x": 678,
          "y": 824
        },
        "end": {
          "x": 664,
          "y": 973
        }
      },
      {
        "type": "Q",
        "begin": {
          "x": 650,
          "y": 1122
        },
        "end": {
          "x": 600,
          "y": 1321
        }
      },
      {
        "type": "Q",
        "begin": {
          "x": 550,
          "y": 1520
        },
        "end": {
          "x": 424,
          "y": 1635.5
        }
      },
      {
        "type": "Q",
        "begin": {
          "x": 298,
          "y": 1751
        },
        "end": {
          "x": 205,
          "y": 1780
        }
      },
      {
        "type": "L",
        "x": 180,
        "y": 1788
      },
      {
        "type": "Q",
        "begin": {
          "x": 162,
          "y": 1794
        },
        "end": {
          "x": 158.5,
          "y": 1785.5
        }
      },
      {
        "type": "Q",
        "begin": {
          "x": 155,
          "y": 1777
        },
        "end": {
          "x": 166,
          "y": 1764
        }
      },
      {
        "type": "L",
        "x": 192,
        "y": 1736
      },
      {
        "type": "Q",
        "begin": {
          "x": 214,
          "y": 1712
        },
        "end": {
          "x": 252.5,
          "y": 1659.5
        }
      },
      {
        "type": "Q",
        "begin": {
          "x": 291,
          "y": 1607
        },
        "end": {
          "x": 340.5,
          "y": 1528
        }
      },
      {
        "type": "Q",
        "begin": {
          "x": 390,
          "y": 1449
        },
        "end": {
          "x": 420,
          "y": 1356.5
        }
      },
      {
        "type": "Q",
        "begin": {
          "x": 450,
          "y": 1264
        },
        "end": {
          "x": 463.5,
          "y": 1208
        }
      },
      {
        "type": "Q",
        "begin": {
          "x": 477,
          "y": 1152
        },
        "end": {
          "x": 487,
          "y": 1098.5
        }
      },
      {
        "type": "Q",
        "begin": {
          "x": 497,
          "y": 1045
        },
        "end": {
          "x": 506,
          "y": 939.5
        }
      },
      {
        "type": "Q",
        "begin": {
          "x": 515,
          "y": 834
        },
        "end": {
          "x": 517,
          "y": 767
        }
      },
      {
        "type": "L",
        "x": 521,
        "y": 555
      },
      {
        "type": "Q",
        "begin": {
          "x": 521,
          "y": 538
        },
        "end": {
          "x": 519,
          "y": 511.5
        }
      },
      {
        "type": "Q",
        "begin": {
          "x": 517,
          "y": 485
        },
        "end": {
          "x": 506,
          "y": 466
        }
      },
      {
        "type": "L",
        "x": 698,
        "y": 494
      }
    ],
    "track": [
      {
        "x": 605,
        "y": 520
      },
      {
        "x": 535,
        "y": 1250
      },
      {
        "x": 360,
        "y": 1645
      },
      {
        "x": 225,
        "y": 1750
      }
    ]
  }
]
