[
  {
    "outline": [
      {
        "type": "M",
        "x": 1563.5,
        "y": 669.5
      },
      {
        "type": "Q",
        "begin": {
          "x": 1582,
          "y": 633
        },
        "end": {
          "x": 1589,
          "y": 586
        }
      },
      {
        "type": "L",
        "x": 1613,
        "y": 410
      },
      {
        "type": "Q",
        "begin": {
          "x": 1618,
          "y": 369
        },
        "end": {
          "x": 1617,
          "y": 357
        }
      },
      {
        "type": "Q",
        "begin": {
          "x": 1616,
          "y": 345
        },
        "end": {
          "x": 1608,
          "y": 338
        }
      },
      {
        "type": "Q",
        "begin": {
          "x": 1600,
          "y": 331
        },
        "end": {
          "x": 1572,
          "y": 332
        }
      },
      {
        "type": "L",
        "x": 1252,
        "y": 351
      },
      {
        "type": "L",
        "x": 1022,
        "y": 368
      },
      {
        "type": "L",
        "x": 774,
        "y": 389
      },
      {
        "type": "Q",
        "begin": {
          "x": 762,
          "y": 390
        },
        "end": {
          "x": 711.5,
          "y": 397
        }
      },
      {
        "type": "Q",
        "begin": {
          "x": 661,
          "y": 404
        },
        "end": {
          "x": 652,
          "y": 402
        }
      },
      {
        "type": "Q",
        "begin": {
          "x": 620,
          "y": 399
        },
        "end": {
          "x": 592,
          "y": 366
        }
      },
      {
        "type": "Q",
        "begin": {
          "x": 564,
          "y": 333
        },
        "end": {
          "x": 550.5,
          "y": 309.5
        }
      },
      {
        "type": "Q",
        "begin": {
          "x": 537,
          "y": 286
        },
        "end": {
          "x": 533,
          "y": 272
        }
      },
      {
        "type": "Q",
        "begin": {
          "x": 529,
          "y": 258
        },
        "end": {
          "x": 528.5,
          "y": 227.5
        }
      },
      {
        "type": "Q",
        "begin": {
          "x": 528,
          "y": 197
        },
        "end": {
          "x": 599,
          "y": 198
        }
      },
      {
        "type": "L",
        "x": 723,
        "y": 200
      },
      {
        "type": "Q",
        "begin": {
          "x": 772,
          "y": 201
        },
        "end": {
          "x": 986,
          "y": 189
        }
      },
      {
        "type": "Q",
        "begin": {
          "x": 1200,
          "y": 177
        },
        "end": {
          "x": 1317,
          "y": 163.5
        }
      },
      {
        "type": "Q",
        "begin": {
          "x": 1434,
          "y": 150
        },
        "end": {
          "x": 1489.5,
          "y": 142
        }
      },
      {
        "type": "Q",
        "begin": {
          "x": 1545,
          "y": 134
        },
        "end": {
          "x": 1574.5,
          "y": 126.5
        }
      },
      {
        "type": "Q",
        "begin": {
          "x": 1604,
          "y": 119
        },
        "end": {
          "x": 1635,
          "y": 107.5
        }
      },
      {
        "type": "Q",
        "begin": {
          "x": 1666,
          "y": 96
        },
        "end": {
          "x": 1676,
          "y": 94
        }
      },
      {
        "type": "Q",
        "begin": {
          "x": 1716,
          "y": 89
        },
        "end": {
          "x": 1769.5,
          "y": 122.5
        }
      },
      {
        "type": "Q",
        "begin": {
          "x": 1823,
          "y": 156
        },
        "end": {
          "x": 1831,
          "y": 195.5
        }
      },
      {
        "type": "Q",
        "begin": {
          "x": 1839,
          "y": 235
        },
        "end": {
          "x": 1839,
          "y": 256
        }
      },
      {
        "type": "Q",
        "begin": {
          "x": 1838,
          "y": 278
        },
        "end": {
          "x": 1833,
          "y": 295
        }
      },
      {
        "type": "Q",
        "begin": {
          "x": 1828,
          "y": 312
        },
        "end": {
          "x": 1812.5,
          "y": 357.5
        }
      },
      {
        "type": "Q",
        "begin": {
          "x": 1797,
          "y": 403
        },
        "end": {
          "x": 1789,
          "y": 435.5
        }
      },
      {
        "type": "Q",
        "begin": {
          "x": 1781,
          "y": 468
        },
        "end": {
          "x": 1771,
          "y": 517
        }
      },
      {
        "type": "L",
        "x": 1739,
        "y": 668
      },
      {
        "type": "Q",
        "begin": {
          "x": 1731,
          "y": 704
        },
        "end": {
          "x": 1731.5,
          "y": 713.5
        }
      },
      {
        "type": "Q",
        "begin": {
          "x": 1647.5,
          "y": 801.5
        },
        "end": {
          "x": 1563.5,
          "y": 669.5
        }
      }
    ],
    "track": [
      {
        "x": 625,
        "y": 305
      },
      {
        "x": 1730,
        "y": 215
      },
      {
        "x": 1645,
        "y": 680
      }
    ]
  },
  {
    "outline": [
      {
        "type": "M",
        "x": 667,
        "y": 804
      },
      {
        "type": "Q",
        "begin": {
          "x": 689,
          "y": 801
        },
        "end": {
          "x": 793.5,
          "y": 793.5
        }
      },
      {
        "type": "Q",
        "begin": {
          "x": 898,
          "y": 786
        },
        "end": {
          "x": 930,
          "y": 783
        }
      },
      {
        "type": "L",
        "x": 1437,
        "y": 736
      },
      {
        "type": "Q",
        "begin": {
          "x": 1494,
          "y": 731
        },
        "end": {
          "x": 1519.5,
          "y": 718.5
        }
      },
      {
        "type": "Q",
        "begin": {
          "x": 1545,
          "y": 706
        },
        "end": {
          "x": 1563.5,
          "y": 669.5
        }
      },
      {
        "type": "L",
        "x": 1731.5,
        "y": 713.5
      },
      {
        "type": "Q",
        "begin": {
          "x": 1732,
          "y": 723
        },
        "end": {
          "x": 1737.5,
          "y": 741.5
        }
      },
      {
        "type": "Q",
        "begin": {
          "x": 1743,
          "y": 760
        },
        "end": {
          "x": 1745.5,
          "y": 768
        }
      },
      {
        "type": "Q",
        "begin": {
          "x": 1748,
          "y": 776
        },
        "end": {
          "x": 1748,
          "y": 791
        }
      },
      {
        "type": "Q",
        "begin": {
          "x": 1747,
          "y": 813
        },
        "end": {
          "x": 1739,
          "y": 832.5
        }
      },
      {
        "type": "Q",
        "begin": {
          "x": 1731,
          "y": 852
        },
        "end": {
          "x": 1708.5,
          "y": 874
        }
      },
      {
        "type": "Q",
        "begin": {
          "x": 1686,
          "y": 896
        },
        "end": {
          "x": 1583,
          "y": 901
        }
      },
      {
        "type": "L",
        "x": 1443,
        "y": 908
      },
      {
        "type": "Q",
        "begin": {
          "x": 1132,
          "y": 924
        },
        "end": {
          "x": 751,
          "y": 983
        }
      },
      {
        "type": "Q",
        "begin": {
          "x": 584,
          "y": 883.5
        },
        "end": {
          "x": 667,
          "y": 804
        }
      }
    ],
    "track": [
      {
        "x": 715,
        "y": 900
      },
      {
        "x": 1650,
        "y": 765
      }
    ]
  },
  {
    "outline": [
      {
        "type": "M",
        "x": 751,
        "y": 983
      },
      {
        "type": "Q",
        "begin": {
          "x": 732,
          "y": 1137
        },
        "end": {
          "x": 716.5,
          "y": 1231.5
        }
      },
      {
        "type": "Q",
        "begin": {
          "x": 701,
          "y": 1326
        },
        "end": {
          "x": 665.5,
          "y": 1431
        }
      },
      {
        "type": "Q",
        "begin": {
          "x": 630,
          "y": 1536
        },
        "end": {
          "x": 610,
          "y": 1579.5
        }
      },
      {
        "type": "Q",
        "begin": {
          "x": 590,
          "y": 1623
        },
        "end": {
          "x": 558,
          "y": 1674.5
        }
      },
      {
        "type": "Q",
        "begin": {
          "x": 526,
          "y": 1726
        },
        "end": {
          "x": 483.5,
          "y": 1777.5
        }
      },
      {
        "type": "Q",
        "begin": {
          "x": 441,
          "y": 1829
        },
        "end": {
          "x": 366,
          "y": 1879
        }
      },
      {
        "type": "Q",
        "begin": {
          "x": 291,
          "y": 1929
        },
        "end": {
          "x": 259,
          "y": 1942
        }
      },
      {
        "type": "L",
        "x": 232,
        "y": 1953
      },
      {
        "type": "Q",
        "begin": {
          "x": 220,
          "y": 1958
        },
        "end": {
          "x": 209.5,
          "y": 1955
        }
      },
      {
        "type": "Q",
        "begin": {
          "x": 199,
          "y": 1952
        },
        "end": {
          "x": 217,
          "y": 1932
        }
      },
      {
        "type": "L",
        "x": 243,
        "y": 1905
      },
      {
        "type": "Q",
        "begin": {
          "x": 269,
          "y": 1878
        },
        "end": {
          "x": 302,
          "y": 1832
        }
      },
      {
        "type": "Q",
        "begin": {
          "x": 335,
          "y": 1786
        },
        "end": {
          "x": 370,
          "y": 1729.5
        }
      },
      {
        "type": "Q",
        "begin": {
          "x": 405,
          "y": 1673
        },
        "end": {
          "x": 479,
          "y": 1496
        }
      },
      {
        "type": "Q",
        "begin": {
          "x": 553,
          "y": 1319
        },
        "end": {
          "x": 561,
          "y": 1199.5
        }
      },
      {
        "type": "Q",
        "begin": {
          "x": 569,
          "y": 1080
        },
        "end": {
          "x": 569,
          "y": 1042
        }
      },
      {
        "type": "L",
        "x": 567,
        "y": 967
      },
      {
        "type": "Q",
        "begin": {
          "x": 566,
          "y": 945
        },
        "end": {
          "x": 567.5,
          "y": 913
        }
      },
      {
        "type": "Q",
        "begin": {
          "x": 569,
          "y": 881
        },
        "end": {
          "x": 576.5,
          "y": 856.5
        }
      },
      {
        "type": "Q",
        "begin": {
          "x": 584,
          "y": 832
        },
        "end": {
          "x": 614.5,
          "y": 819.5
        }
      },
      {
        "type": "Q",
        "begin": {
          "x": 645,
          "y": 807
        },
        "end": {
          "x": 667,
          "y": 804
        }
      },
      {
        "type": "L",
        "x": 751,
        "y": 983
      }
    ],
    "track": [
      {
        "x": 660,
        "y": 885
      },
      {
        "x": 555,
        "y": 1540
      },
      {
        "x": 295,
        "y": 1900
      }
    ]
  }
]
