<?xml version="1.0" encoding="UTF-8"?>
<Word version="1.0" unicode="ˇ">
  <Stroke>
    <Outline>
      <MoveTo x="588.18" y="886.43" />
      <CubicTo flexible="false" x1="605.17" y1="874.46" x2="626.77" y2="878.93" x3="645.84" y3="889.83" />
      <CubicTo flexible="false" x1="664.82" y1="900.68" x2="698.43" y2="940.15" x3="708.17" y3="951.69" />
      <CubicTo flexible="false" x1="718.07" y1="963.41" x2="786.63" y2="1058.85" x3="803.5" y3="1084.63" />
      <CubicTo flexible="false" x1="820.36" y1="1110.42" x2="909.16" y2="1216.42" x3="918.27" y3="1223.58" />
      <CubicTo flexible="false" x1="927.02" y1="1230.45" x2="935.26" y2="1229.99" x3="941.4" y3="1223.95" />
      <CubicTo flexible="false" x1="958.25" y1="1207.39" x2="1117.27" y2="969.32" x3="1134.56" y3="942.55" />
      <CubicTo flexible="false" x1="1158.77" y1="905.07" x2="1371.48" y2="614.59" x3="1381.44" y3="602.81" />
      <CubicTo flexible="false" x1="1415.53" y1="562.44" x2="1445.2" y2="571.68" x3="1455.47" y3="580.36" />
      <CubicTo flexible="false" x1="1472.98" y1="595.13" x2="1462.89" y2="622.57" x3="1455.88" y3="637.09" />
      <CubicTo flexible="false" x1="1450.78" y1="647.65" x2="1245.83" y2="1033.2" x3="1232.24" y3="1056.56" />
      <CubicTo flexible="false" x1="1218.31" y1="1080.5" x2="1048.69" y2="1385.95" x3="987.06" y3="1455.59" />
      <CubicTo flexible="false" x1="970.74" y1="1474.03" x2="933.88" y2="1493.2" x3="900.32" y3="1477.27" />
      <CubicTo flexible="false" x1="876.94" y1="1466.18" x2="851.18" y2="1428.71" x3="840.4" y3="1416.17" />
      <CubicTo flexible="false" x1="794.22" y1="1362.48" x2="747.57" y2="1277.84" x3="698.8" y3="1181.23" />
      <CubicTo flexible="false" x1="675.65" y1="1135.38" x2="599.63" y2="966.16" x3="586.05" y3="933.55" />
      <CubicTo flexible="false" x1="582.63" y1="925.35" x2="576.52" y2="894.65" x3="588.18" y3="886.43" />
    </Outline>
    <Track>
      <MoveTo x="624.78" y="918.47" />
      <MoveTo x="935.17" y="1350.59" />
      <MoveTo x="1433.86" y="607.53" />
    </Track>
  </Stroke>
</Word>