<?xml version="1.0" encoding="UTF-8"?>
<Word version="1.0">
  <Stroke>
    <Outline>
      <MoveTo x="930.0" y="278.0" />
      <LineTo flexible="false" x="662.0" y="308.0" />
      <QuadTo flexible="false" x1="453.0" y1="332.0" x2="388.0" y2="348.0" />
      <LineTo flexible="false" x="330.0" y="364.0" />
      <QuadTo flexible="false" x1="295.0" y1="374.0" x2="275.0" y2="373.0" />
      <QuadTo flexible="false" x1="248.0" y1="373.0" x2="230.0" y2="363.0" />
      <QuadTo flexible="false" x1="212.0" y1="353.0" x2="182.5" y2="325.5" />
      <QuadTo flexible="false" x1="153.0" y1="298.0" x2="145.5" y2="283.0" />
      <QuadTo flexible="false" x1="138.0" y1="268.0" x2="138.0" y2="254.5" />
      <QuadTo flexible="false" x1="138.0" y1="241.0" x2="149.0" y2="221.0" />
      <QuadTo flexible="false" x1="169.0" y1="187.0" x2="211.0" y2="186.0" />
      <QuadTo flexible="false" x1="220.0" y1="186.0" x2="253.0" y2="188.0" />
      <QuadTo flexible="false" x1="286.0" y1="190.0" x2="311.0" y2="189.0" />
      <LineTo flexible="false" x="458.0" y="177.0" />
      <LineTo flexible="false" x="1455.0" y="109.0" />
      <QuadTo flexible="false" x1="1503.0" y1="106.0" x2="1569.5" y2="99.0" />
      <QuadTo flexible="false" x1="1636.0" y1="92.0" x2="1680.0" y2="82.5" />
      <QuadTo flexible="false" x1="1724.0" y1="73.0" x2="1734.0" y2="72.0" />
      <QuadTo flexible="false" x1="1795.0" y1="66.0" x2="1838.5" y2="91.0" />
      <QuadTo flexible="false" x1="1882.0" y1="116.0" x2="1894.5" y2="137.0" />
      <QuadTo flexible="false" x1="1907.0" y1="158.0" x2="1908.5" y2="189.0" />
      <QuadTo flexible="false" x1="1910.0" y1="220.0" x2="1896.0" y2="238.0" />
      <QuadTo flexible="false" x1="1885.0" y1="252.0" x2="1869.0" y2="257.0" />
      <QuadTo flexible="false" x1="1853.0" y1="262.0" x2="1819.0" y2="259.0" />
      <LineTo flexible="false" x="1634.0" y="248.0" />
      <QuadTo flexible="false" x1="1593.0" y1="246.0" x2="1414.0" y2="254.0" />
      <LineTo flexible="false" x="1146.0" y="268.0" />
      <LineTo flexible="true" x="930.0" y="278.0" />
    </Outline>
    <Track>
      <MoveTo x="270.0" y="275.0" />
      <MoveTo x="1790.0" y="160.0" />
    </Track>
  </Stroke>
  <Stroke>
    <Outline>
      <MoveTo x="1074.0" y="822.0" />
      <LineTo flexible="false" x="1384.0" y="785.0" />
      <QuadTo flexible="false" x1="1478.0" y1="774.0" x2="1538.0" y2="759.0" />
      <QuadTo flexible="false" x1="1598.0" y1="744.0" x2="1614.0" y2="742.0" />
      <QuadTo flexible="false" x1="1697.0" y1="734.0" x2="1759.5" y2="805.5" />
      <QuadTo flexible="false" x1="1822.0" y1="877.0" x2="1822.0" y2="926.0" />
      <QuadTo flexible="false" x1="1821.0" y1="943.0" x2="1816.0" y2="961.0" />
      <LineTo flexible="false" x="1804.0" y="992.0" />
      <QuadTo flexible="false" x1="1792.0" y1="1023.0" x2="1784.0" y2="1075.0" />
      <LineTo flexible="false" x="1767.0" y="1185.0" />
      <QuadTo flexible="false" x1="1755.0" y1="1263.0" x2="1729.0" y2="1354.0" />
      <QuadTo flexible="false" x1="1703.0" y1="1445.0" x2="1651.0" y2="1563.5" />
      <QuadTo flexible="false" x1="1599.0" y1="1682.0" x2="1518.0" y2="1760.5" />
      <QuadTo flexible="false" x1="1437.0" y1="1839.0" x2="1384.0" y2="1880.0" />
      <QuadTo flexible="false" x1="1331.0" y1="1921.0" x2="1302.0" y2="1937.0" />
      <LineTo flexible="false" x="1253.0" y="1964.0" />
      <QuadTo flexible="false" x1="1222.0" y1="1981.0" x2="1212.5" y2="1979.0" />
      <QuadTo flexible="false" x1="1203.0" y1="1977.0" x2="1201.5" y2="1971.5" />
      <QuadTo flexible="false" x1="1200.0" y1="1966.0" x2="1214.0" y2="1951.0" />
      <LineTo flexible="false" x="1235.0" y="1922.0" />
      <LineTo flexible="false" x="1287.0" y="1866.0" />
      <QuadTo flexible="false" x1="1345.0" y1="1803.0" x2="1412.5" y2="1690.0" />
      <QuadTo flexible="false" x1="1480.0" y1="1577.0" x2="1514.5" y2="1457.0" />
      <QuadTo flexible="false" x1="1549.0" y1="1337.0" x2="1560.0" y2="1272.5" />
      <QuadTo flexible="false" x1="1571.0" y1="1208.0" x2="1579.0" y2="1146.0" />
      <QuadTo flexible="false" x1="1587.0" y1="1084.0" x2="1591.0" y2="1046.0" />
      <QuadTo flexible="false" x1="1595.0" y1="1008.0" x2="1591.0" y2="991.0" />
      <QuadTo flexible="false" x1="1574.0" y1="922.0" x2="1464.0" y2="929.0" />
      <LineTo flexible="false" x="1333.0" y="938.0" />
      <LineTo flexible="false" x="1032.0" y="966.0" />
      <LineTo flexible="true" x="841.0" y="989.0" />
      <LineTo flexible="false" x="579.0" y="1040.0" />
      <QuadTo flexible="false" x1="509.0" y1="1054.0" x2="486.5" y2="1060.0" />
      <QuadTo flexible="false" x1="464.0" y1="1066.0" x2="402.0" y2="1084.5" />
      <QuadTo flexible="false" x1="340.0" y1="1103.0" x2="304.0" y2="1115.0" />
      <QuadTo flexible="false" x1="268.0" y1="1127.0" x2="256.0" y2="1126.0" />
      <QuadTo flexible="false" x1="236.0" y1="1126.0" x2="193.5" y2="1086.5" />
      <QuadTo flexible="false" x1="151.0" y1="1047.0" x2="154.0" y2="1006.0" />
      <QuadTo flexible="false" x1="155.0" y1="991.0" x2="166.0" y2="970.0" />
      <LineTo flexible="false" x="186.0" y="935.0" />
      <QuadTo flexible="false" x1="212.0" y1="886.0" x2="228.0" y2="819.0" />
      <QuadTo flexible="false" x1="244.0" y1="752.0" x2="248.5" y2="727.0" />
      <QuadTo flexible="false" x1="253.0" y1="702.0" x2="259.5" y2="649.5" />
      <QuadTo flexible="false" x1="266.0" y1="597.0" x2="270.5" y2="568.0" />
      <QuadTo flexible="false" x1="275.0" y1="539.0" x2="276.0" y2="521.0" />
      <QuadTo flexible="false" x1="277.0" y1="503.0" x2="283.5" y2="491.0" />
      <QuadTo flexible="false" x1="290.0" y1="479.0" x2="316.0" y2="481.0" />
      <QuadTo flexible="false" x1="346.0" y1="485.0" x2="395.0" y2="514.0" />
      <QuadTo flexible="false" x1="444.0" y1="543.0" x2="459.0" y2="560.5" />
      <QuadTo flexible="false" x1="474.0" y1="578.0" x2="474.5" y2="595.5" />
      <QuadTo flexible="false" x1="475.0" y1="613.0" x2="461.0" y2="640.0" />
      <QuadTo flexible="false" x1="444.0" y1="672.0" x2="438.5" y2="687.5" />
      <QuadTo flexible="false" x1="433.0" y1="703.0" x2="427.0" y2="738.5" />
      <QuadTo flexible="false" x1="421.0" y1="774.0" x2="416.0" y2="810.5" />
      <QuadTo flexible="false" x1="411.0" y1="847.0" x2="407.5" y2="877.0" />
      <QuadTo flexible="false" x1="404.0" y1="907.0" x2="409.5" y2="916.5" />
      <QuadTo flexible="false" x1="415.0" y1="926.0" x2="422.5" y2="928.5" />
      <QuadTo flexible="false" x1="430.0" y1="931.0" x2="470.0" y2="921.0" />
      <LineTo flexible="false" x="557.0" y="901.0" />
      <QuadTo flexible="false" x1="593.0" y1="893.0" x2="884.0" y2="844.0" />
      <LineTo flexible="true" x="1074.0" y="822.0" />
    </Outline>
    <Track>
      <MoveTo x="350.0" y="580.0" />
      <MoveTo x="260.0" y="1025.0" />
      <MoveTo x="1620.0" y="835.0" />
      <MoveTo x="1690.0" y="925.0" />
      <MoveTo x="1605.0" y="1495.0" />
      <MoveTo x="1350.0" y="1865.0" />
    </Track>
  </Stroke>
  <Stroke>
    <Outline>
      <MoveTo x="1146.0" y="268.0" />
      <QuadTo flexible="false" x1="1138.0" y1="360.0" x2="1132.0" y2="419.5" />
      <QuadTo flexible="false" x1="1126.0" y1="479.0" x2="1114.0" y2="586.0" />
      <QuadTo flexible="false" x1="1102.0" y1="693.0" x2="1092.0" y2="737.0" />
      <LineTo flexible="false" x="1074.0" y="822.0" />
      <LineTo flexible="true" x="1032.0" y="966.0" />
      <QuadTo flexible="false" x1="1006.0" y1="1050.0" x2="984.0" y2="1108.5" />
      <QuadTo flexible="false" x1="962.0" y1="1167.0" x2="875.5" y2="1336.0" />
      <QuadTo flexible="false" x1="789.0" y1="1505.0" x2="613.5" y2="1668.5" />
      <QuadTo flexible="false" x1="438.0" y1="1832.0" x2="299.0" y2="1894.0" />
      <LineTo flexible="false" x="234.0" y="1923.0" />
      <QuadTo flexible="false" x1="219.0" y1="1930.0" x2="211.5" y2="1922.0" />
      <QuadTo flexible="false" x1="204.0" y1="1914.0" x2="221.0" y2="1899.0" />
      <LineTo flexible="false" x="259.0" y="1866.0" />
      <QuadTo flexible="false" x1="372.0" y1="1768.0" x2="500.0" y2="1606.5" />
      <QuadTo flexible="false" x1="628.0" y1="1445.0" x2="701.0" y2="1302.0" />
      <QuadTo flexible="false" x1="774.0" y1="1159.0" x2="796.0" y2="1103.0" />
      <LineTo flexible="false" x="841.0" y="989.0" />
      <LineTo flexible="true" x="884.0" y="844.0" />
      <QuadTo flexible="false" x1="910.0" y1="710.0" x2="915.0" y2="675.0" />
      <QuadTo flexible="false" x1="920.0" y1="640.0" x2="926.0" y2="570.5" />
      <QuadTo flexible="false" x1="932.0" y1="501.0" x2="935.0" y2="458.5" />
      <QuadTo flexible="false" x1="938.0" y1="416.0" x2="937.5" y2="375.5" />
      <QuadTo flexible="false" x1="937.0" y1="335.0" x2="935.0" y2="316.0" />
      <LineTo flexible="false" x="930.0" y="278.0" />
      <LineTo flexible="true" x="1146.0" y="268.0" />
    </Outline>
    <Track>
      <MoveTo x="1030.0" y="345.0" />
      <MoveTo x="905.0" y="1105.0" />
      <MoveTo x="540.0" y="1685.0" />
      <MoveTo x="350.0" y="1830.0" />
    </Track>
  </Stroke>
</Word>

