[
  {
    "outline": [
      {
        "type": "M",
        "x": 376,
        "y": 971
      },
      {
        "type": "L",
        "x": 560,
        "y": 953
      },
      {
        "type": "Q",
        "begin": {
          "x": 906,
          "y": 920
        },
        "end": {
          "x": 1219,
          "y": 891
        }
      },
      {
        "type": "L",
        "x": 1497,
        "y": 866
      },
      {
        "type": "Q",
        "begin": {
          "x": 1514,
          "y": 865
        },
        "end": {
          "x": 1614.5,
          "y": 852.5
        }
      },
      {
        "type": "Q",
        "begin": {
          "x": 1715,
          "y": 840
        },
        "end": {
          "x": 1758,
          "y": 840
        }
      },
      {
        "type": "Q",
        "begin": {
          "x": 1820,
          "y": 842
        },
        "end": {
          "x": 1860,
          "y": 859.5
        }
      },
      {
        "type": "Q",
        "begin": {
          "x": 1900,
          "y": 877
        },
        "end": {
          "x": 1933,
          "y": 910
        }
      },
      {
        "type": "Q",
        "begin": {
          "x": 1966,
          "y": 943
        },
        "end": {
          "x": 1983,
          "y": 979.5
        }
      },
      {
        "type": "Q",
        "begin": {
          "x": 2000,
          "y": 1016
        },
        "end": {
          "x": 1996,
          "y": 1045.5
        }
      },
      {
        "type": "Q",
        "begin": {
          "x": 1992,
          "y": 1075
        },
        "end": {
          "x": 1963.5,
          "y": 1099
        }
      },
      {
        "type": "Q",
        "begin": {
          "x": 1935,
          "y": 1123
        },
        "end": {
          "x": 1867,
          "y": 1116
        }
      },
      {
        "type": "L",
        "x": 1699,
        "y": 1101
      },
      {
        "type": "Q",
        "begin": {
          "x": 1561,
          "y": 1089
        },
        "end": {
          "x": 1499,
          "y": 1087.5
        }
      },
      {
        "type": "Q",
        "begin": {
          "x": 1437,
          "y": 1086
        },
        "end": {
          "x": 1232.5,
          "y": 1093.5
        }
      },
      {
        "type": "Q",
        "begin": {
          "x": 1028,
          "y": 1101
        },
        "end": {
          "x": 773,
          "y": 1124
        }
      },
      {
        "type": "Q",
        "begin": {
          "x": 518,
          "y": 1147
        },
        "end": {
          "x": 411,
          "y": 1164
        }
      },
      {
        "type": "Q",
        "begin": {
          "x": 304,
          "y": 1181
        },
        "end": {
          "x": 276,
          "y": 1189
        }
      },
      {
        "type": "L",
        "x": 237,
        "y": 1202
      },
      {
        "type": "Q",
        "begin": {
          "x": 213,
          "y": 1209
        },
        "end": {
          "x": 192,
          "y": 1208
        }
      },
      {
        "type": "Q",
        "begin": {
          "x": 165,
          "y": 1208
        },
        "end": {
          "x": 140,
          "y": 1194.5
        }
      },
      {
        "type": "Q",
        "begin": {
          "x": 115,
          "y": 1181
        },
        "end": {
          "x": 91.5,
          "y": 1142.5
        }
      },
      {
        "type": "Q",
        "begin": {
          "x": 68,
          "y": 1104
        },
        "end": {
          "x": 59.5,
          "y": 1080.5
        }
      },
      {
        "type": "Q",
        "begin": {
          "x": 51,
          "y": 1057
        },
        "end": {
          "x": 51,
          "y": 1030.5
        }
      },
      {
        "type": "Q",
        "begin": {
          "x": 51,
          "y": 1004
        },
        "end": {
          "x": 67,
          "y": 990
        }
      },
      {
        "type": "Q",
        "begin": {
          "x": 83,
          "y": 976
        },
        "end": {
          "x": 125,
          "y": 976
        }
      },
      {
        "type": "L",
        "x": 211,
        "y": 979
      },
      {
        "type": "Q",
        "begin": {
          "x": 278,
          "y": 981
        },
        "end": {
          "x": 376,
          "y": 971
        }
      }
    ],
    "track": [
      {
        "x": 193,
        "y": 1096
      },
      {
        "x": 1833,
        "y": 970
      }
    ]
  }
]
