<?xml version="1.0" encoding="UTF-8"?>
<Word version="1.0">
  <Stroke>
    <Outline>
      <MoveTo x="1053.0" y="1006.0" />
      <LineTo flexible="false" x="1164.0" y="859.0" />
      <QuadTo flexible="false" x1="1191.0" y1="823.0" x2="1238.5" y2="746.5" />
      <QuadTo flexible="false" x1="1286.0" y1="670.0" x2="1299.5" y2="645.5" />
      <QuadTo flexible="false" x1="1313.0" y1="621.0" x2="1343.0" y2="560.0" />
      <QuadTo flexible="false" x1="1373.0" y1="499.0" x2="1384.0" y2="474.0" />
      <LineTo flexible="false" x="1416.0" y="384.0" />
      <QuadTo flexible="false" x1="1431.0" y1="340.0" x2="1431.5" y2="316.5" />
      <QuadTo flexible="false" x1="1432.0" y1="293.0" x2="1422.5" y2="283.5" />
      <QuadTo flexible="false" x1="1413.0" y1="274.0" x2="1363.0" y2="277.0" />
      <LineTo flexible="false" x="858.0" y="312.0" />
      <QuadTo flexible="false" x1="807.0" y1="316.0" x2="721.5" y2="327.5" />
      <QuadTo flexible="false" x1="636.0" y1="339.0" x2="558.0" y2="356.0" />
      <QuadTo flexible="false" x1="480.0" y1="373.0" x2="458.5" y2="379.5" />
      <QuadTo flexible="false" x1="437.0" y1="386.0" x2="429.0" y2="386.0" />
      <QuadTo flexible="false" x1="409.0" y1="387.0" x2="375.0" y2="368.0" />
      <QuadTo flexible="false" x1="341.0" y1="349.0" x2="317.5" y2="326.0" />
      <QuadTo flexible="false" x1="294.0" y1="303.0" x2="276.5" y2="282.5" />
      <QuadTo flexible="false" x1="259.0" y1="262.0" x2="256.0" y2="245.0" />
      <QuadTo flexible="false" x1="253.0" y1="228.0" x2="270.0" y2="216.0" />
      <QuadTo flexible="false" x1="287.0" y1="204.0" x2="363.0" y2="201.0" />
      <LineTo flexible="false" x="536.0" y="196.0" />
      <QuadTo flexible="false" x1="637.0" y1="194.0" x2="1099.0" y2="152.0" />
      <LineTo flexible="false" x="1290.0" y="135.0" />
      <QuadTo flexible="false" x1="1406.0" y1="125.0" x2="1465.5" y2="105.0" />
      <QuadTo flexible="false" x1="1525.0" y1="85.0" x2="1542.0" y2="84.0" />
      <QuadTo flexible="false" x1="1603.0" y1="82.0" x2="1680.0" y2="162.0" />
      <QuadTo flexible="false" x1="1757.0" y1="242.0" x2="1764.5" y2="290.0" />
      <QuadTo flexible="false" x1="1772.0" y1="338.0" x2="1761.0" y2="368.0" />
      <QuadTo flexible="false" x1="1754.0" y1="385.0" x2="1745.0" y2="395.0" />
      <LineTo flexible="false" x="1693.0" y="432.0" />
      <QuadTo flexible="false" x1="1675.0" y1="446.0" x2="1659.0" y2="467.5" />
      <QuadTo flexible="false" x1="1643.0" y1="489.0" x2="1587.0" y2="570.0" />
      <QuadTo flexible="false" x1="1531.0" y1="651.0" x2="1417.0" y2="811.0" />
      <LineTo flexible="false" x="1200.0" y="1115.0" />
      <LineTo flexible="true" x="1101.0" y="1240.0" />
      <QuadTo flexible="false" x1="1015.0" y1="1335.0" x2="960.5" y2="1389.0" />
      <QuadTo flexible="false" x1="906.0" y1="1443.0" x2="796.0" y2="1534.0" />
      <QuadTo flexible="false" x1="686.0" y1="1625.0" x2="564.5" y2="1697.5" />
      <QuadTo flexible="false" x1="443.0" y1="1770.0" x2="335.5" y2="1811.0" />
      <QuadTo flexible="false" x1="228.0" y1="1852.0" x2="176.0" y2="1861.0" />
      <LineTo flexible="false" x="99.0" y="1875.0" />
      <QuadTo flexible="false" x1="76.0" y1="1880.0" x2="70.0" y2="1872.0" />
      <QuadTo flexible="false" x1="64.0" y1="1864.0" x2="68.0" y2="1857.0" />
      <QuadTo flexible="false" x1="72.0" y1="1850.0" x2="88.0" y2="1841.0" />
      <LineTo flexible="false" x="159.0" y="1801.0" />
      <QuadTo flexible="false" x1="420.0" y1="1654.0" x2="550.5" y2="1538.5" />
      <QuadTo flexible="false" x1="681.0" y1="1423.0" x2="768.5" y2="1337.0" />
      <QuadTo flexible="false" x1="856.0" y1="1251.0" x2="869.0" y2="1235.0" />
      <LineTo flexible="false" x="962.0" y="1123.0" />
      <LineTo flexible="true" x="1053.0" y="1006.0" />
    </Outline>
    <Track>
      <MoveTo x="410.0" y="295.0" />
      <MoveTo x="1580.0" y="170.0" />
      <MoveTo x="1600.0" y="310.0" />
      <MoveTo x="1045.0" y="1210.0" />
      <MoveTo x="260.0" y="1795.0" />
    </Track>
  </Stroke>
  <Stroke>
    <Outline>
      <MoveTo x="962.0" y="1123.0" />
      <LineTo flexible="false" x="550.0" y="799.0" />
      <QuadTo flexible="false" x1="499.0" y1="760.0" x2="477.0" y2="743.0" />
      <LineTo flexible="false" x="405.0" y="692.0" />
      <QuadTo flexible="false" x1="388.0" y1="680.0" x2="373.0" y2="672.0" />
      <QuadTo flexible="false" x1="358.0" y1="664.0" x2="356.5" y2="655.5" />
      <QuadTo flexible="false" x1="355.0" y1="647.0" x2="360.0" y2="641.0" />
      <QuadTo flexible="false" x1="365.0" y1="635.0" x2="384.5" y2="635.5" />
      <QuadTo flexible="false" x1="404.0" y1="636.0" x2="429.0" y2="644.0" />
      <LineTo flexible="false" x="489.0" y="666.0" />
      <QuadTo flexible="false" x1="614.0" y1="713.0" x2="1053.0" y2="1006.0" />
      <LineTo flexible="true" x="1200.0" y="1115.0" />
      <LineTo flexible="false" x="1480.0" y="1316.0" />
      <QuadTo flexible="false" x1="1642.0" y1="1433.0" x2="1713.5" y2="1481.0" />
      <QuadTo flexible="false" x1="1785.0" y1="1529.0" x2="1829.0" y2="1564.5" />
      <QuadTo flexible="false" x1="1873.0" y1="1600.0" x2="1913.0" y2="1651.5" />
      <QuadTo flexible="false" x1="1953.0" y1="1703.0" x2="1964.5" y2="1780.0" />
      <QuadTo flexible="false" x1="1976.0" y1="1857.0" x2="1977.0" y2="1902.0" />
      <QuadTo flexible="false" x1="1978.0" y1="1947.0" x2="1963.0" y2="1956.0" />
      <QuadTo flexible="false" x1="1948.0" y1="1965.0" x2="1932.0" y2="1965.0" />
      <QuadTo flexible="false" x1="1875.0" y1="1967.0" x2="1786.0" y2="1883.0" />
      <LineTo flexible="false" x="1627.0" y="1736.0" />
      <QuadTo flexible="false" x1="1566.0" y1="1681.0" x2="1403.5" y2="1523.5" />
      <QuadTo flexible="false" x1="1241.0" y1="1366.0" x2="1101.0" y2="1240.0" />
      <LineTo flexible="true" x="962.0" y="1123.0" />
    </Outline>
    <Track>
      <MoveTo x="465.0" y="690.0" />
      <MoveTo x="1865.0" y="1765.0" />
    </Track>
  </Stroke>
</Word>

