[
  {
    "outline": [
      {
        "type": "M",
        "x": 938,
        "y": 1004.5
      },
      {
        "type": "Q",
        "begin": {
          "x": 924,
          "y": 978
        },
        "end": {
          "x": 888.5,
          "y": 940
        }
      },
      {
        "type": "Q",
        "begin": {
          "x": 853,
          "y": 902
        },
        "end": {
          "x": 776.5,
          "y": 820
        }
      },
      {
        "type": "Q",
        "begin": {
          "x": 700,
          "y": 738
        },
        "end": {
          "x": 653,
          "y": 689
        }
      },
      {
        "type": "L",
        "x": 480,
        "y": 513
      },
      {
        "type": "L",
        "x": 373,
        "y": 398
      },
      {
        "type": "Q",
        "begin": {
          "x": 302,
          "y": 327
        },
        "end": {
          "x": 282,
          "y": 303
        }
      },
      {
        "type": "Q",
        "begin": {
          "x": 262,
          "y": 279
        },
        "end": {
          "x": 261,
          "y": 253.5
        }
      },
      {
        "type": "Q",
        "begin": {
          "x": 260,
          "y": 228
        },
        "end": {
          "x": 273,
          "y": 205
        }
      },
      {
        "type": "Q",
        "begin": {
          "x": 288,
          "y": 178
        },
        "end": {
          "x": 323,
          "y": 159.5
        }
      },
      {
        "type": "Q",
        "begin": {
          "x": 358,
          "y": 141
        },
        "end": {
          "x": 392,
          "y": 141
        }
      },
      {
        "type": "Q",
        "begin": {
          "x": 443,
          "y": 142
        },
        "end": {
          "x": 482,
          "y": 181
        }
      },
      {
        "type": "Q",
        "begin": {
          "x": 521,
          "y": 220
        },
        "end": {
          "x": 594,
          "y": 317
        }
      },
      {
        "type": "L",
        "x": 741,
        "y": 515
      },
      {
        "type": "Q",
        "begin": {
          "x": 859,
          "y": 675
        },
        "end": {
          "x": 1045,
          "y": 866
        }
      },
      {
        "type": "Q",
        "begin": {
          "x": 1125.5,
          "y": 1065.25
        },
        "end": {
          "x": 938,
          "y": 1004.5
        }
      }
    ],
    "track": [
      {
        "x": 370,
        "y": 230
      },
      {
        "x": 985,
        "y": 930
      }
    ]
  },
  {
    "outline": [
      {
        "type": "M",
        "x": 1045,
        "y": 866
      },
      {
        "type": "Q",
        "begin": {
          "x": 1154,
          "y": 742
        },
        "end": {
          "x": 1232,
          "y": 635
        }
      },
      {
        "type": "L",
        "x": 1354,
        "y": 467
      },
      {
        "type": "Q",
        "begin": {
          "x": 1377,
          "y": 436
        },
        "end": {
          "x": 1414,
          "y": 375
        }
      },
      {
        "type": "Q",
        "begin": {
          "x": 1451,
          "y": 314
        },
        "end": {
          "x": 1471.5,
          "y": 275
        }
      },
      {
        "type": "Q",
        "begin": {
          "x": 1492,
          "y": 236
        },
        "end": {
          "x": 1509,
          "y": 185
        }
      },
      {
        "type": "Q",
        "begin": {
          "x": 1526,
          "y": 134
        },
        "end": {
          "x": 1546.5,
          "y": 101.5
        }
      },
      {
        "type": "Q",
        "begin": {
          "x": 1567,
          "y": 69
        },
        "end": {
          "x": 1626,
          "y": 70
        }
      },
      {
        "type": "Q",
        "begin": {
          "x": 1658,
          "y": 71
        },
        "end": {
          "x": 1697.5,
          "y": 91.5
        }
      },
      {
        "type": "Q",
        "begin": {
          "x": 1737,
          "y": 112
        },
        "end": {
          "x": 1762.5,
          "y": 156.5
        }
      },
      {
        "type": "Q",
        "begin": {
          "x": 1788,
          "y": 201
        },
        "end": {
          "x": 1787,
          "y": 229
        }
      },
      {
        "type": "Q",
        "begin": {
          "x": 1785,
          "y": 253
        },
        "end": {
          "x": 1774,
          "y": 270.5
        }
      },
      {
        "type": "Q",
        "begin": {
          "x": 1763,
          "y": 288
        },
        "end": {
          "x": 1739.5,
          "y": 311
        }
      },
      {
        "type": "Q",
        "begin": {
          "x": 1716,
          "y": 334
        },
        "end": {
          "x": 1657,
          "y": 396
        }
      },
      {
        "type": "Q",
        "begin": {
          "x": 1598,
          "y": 458
        },
        "end": {
          "x": 1576,
          "y": 484
        }
      },
      {
        "type": "L",
        "x": 1425,
        "y": 666
      },
      {
        "type": "L",
        "x": 1309,
        "y": 802
      },
      {
        "type": "Q",
        "begin": {
          "x": 1273,
          "y": 847
        },
        "end": {
          "x": 1232,
          "y": 910
        }
      },
      {
        "type": "Q",
        "begin": {
          "x": 1191,
          "y": 973
        },
        "end": {
          "x": 1175.5,
          "y": 1015
        }
      },
      {
        "type": "Q",
        "begin": {
          "x": 907.25,
          "y": 1097.5
        },
        "end": {
          "x": 1045,
          "y": 866
        }
      }
    ],
    "track": [
      {
        "x": 1655,
        "y": 175
      },
      {
        "x": 1075,
        "y": 950
      }
    ]
  },
  {
    "outline": [
      {
        "type": "M",
        "x": 1175.5,
        "y": 1015
      },
      {
        "type": "Q",
        "begin": {
          "x": 1160,
          "y": 1057
        },
        "end": {
          "x": 1162,
          "y": 1149
        }
      },
      {
        "type": "L",
        "x": 1167,
        "y": 1600
      },
      {
        "type": "Q",
        "begin": {
          "x": 1168,
          "y": 1695
        },
        "end": {
          "x": 1172,
          "y": 1752.5
        }
      },
      {
        "type": "Q",
        "begin": {
          "x": 1176,
          "y": 1810
        },
        "end": {
          "x": 1175,
          "y": 1828
        }
      },
      {
        "type": "Q",
        "begin": {
          "x": 1173,
          "y": 1857
        },
        "end": {
          "x": 1164.5,
          "y": 1881
        }
      },
      {
        "type": "Q",
        "begin": {
          "x": 1156,
          "y": 1905
        },
        "end": {
          "x": 1134.5,
          "y": 1942
        }
      },
      {
        "type": "Q",
        "begin": {
          "x": 1113,
          "y": 1979
        },
        "end": {
          "x": 1083,
          "y": 1978
        }
      },
      {
        "type": "Q",
        "begin": {
          "x": 1050,
          "y": 1978
        },
        "end": {
          "x": 1010,
          "y": 1931.5
        }
      },
      {
        "type": "Q",
        "begin": {
          "x": 970,
          "y": 1885
        },
        "end": {
          "x": 956.5,
          "y": 1843.5
        }
      },
      {
        "type": "Q",
        "begin": {
          "x": 943,
          "y": 1802
        },
        "end": {
          "x": 946,
          "y": 1727
        }
      },
      {
        "type": "L",
        "x": 951,
        "y": 1578
      },
      {
        "type": "L",
        "x": 959,
        "y": 1167
      },
      {
        "type": "Q",
        "begin": {
          "x": 960,
          "y": 1110
        },
        "end": {
          "x": 956,
          "y": 1070.5
        }
      },
      {
        "type": "Q",
        "begin": {
          "x": 952,
          "y": 1031
        },
        "end": {
          "x": 938,
          "y": 1004.5
        }
      },
      {
        "type": "Q",
        "begin": {
          "x": 1059.75,
          "y": 789.75
        },
        "end": {
          "x": 1175.5,
          "y": 1015
        }
      }
    ],
    "track": [
      {
        "x": 1060,
        "y": 955
      },
      {
        "x": 1075,
        "y": 1900
      }
    ]
  }
]
