[
  {
    "outline": [
      {
        "type": "M",
        "x": 1005.61686229,
        "y": 829.98050014
      },
      {
        "type": "C",
        "begin": {
          "x": 1112.0211637,
          "y": 829.98050014
        },
        "mid": {
          "x": 1198.2116505,
          "y": 916.27923937
        },
        "end": {
          "x": 1198.2116505,
          "y": 1022.5777375
        }
      },
      {
        "type": "C",
        "begin": {
          "x": 1198.2116505,
          "y": 1128.8708474999999
        },
        "mid": {
          "x": 1111.9134011,
          "y": 1215.1690969
        },
        "end": {
          "x": 1005.61686229,
          "y": 1215.1690969
        }
      },
      {
        "type": "C",
        "begin": {
          "x": 899.32081331,
          "y": 1215.1690969
        },
        "mid": {
          "x": 813.0220740799999,
          "y": 1128.8708474999999
        },
        "end": {
          "x": 813.0220740799999,
          "y": 1022.5777375
        }
      },
      {
        "type": "C",
        "begin": {
          "x": 813.0220740799999,
          "y": 916.27923937
        },
        "mid": {
          "x": 899.32081331,
          "y": 829.98050014
        },
        "end": {
          "x": 1005.61686229,
          "y": 829.98050014
        }
      }
    ],
    "track": [
      {
        "x": 996.363,
        "y": 1014.06
      },
      {
        "x": 1016.34,
        "y": 1033.96
      }
    ]
  }
]