<?xml version="1.0" encoding="UTF-8"?>
<Word version="1.0">
  <Stroke>
    <Outline>
      <MoveTo x="1299.0" y="634.0" />
      <LineTo flexible="false" x="1245.0" y="700.0" />
      <QuadTo flexible="false" x1="1216.0" y1="735.0" x2="1190.0" y2="733.0" />
      <QuadTo flexible="false" x1="1183.0" y1="733.0" x2="1178.5" y2="730.5" />
      <QuadTo flexible="false" x1="1174.0" y1="728.0" x2="1170.5" y2="722.0" />
      <QuadTo flexible="false" x1="1167.0" y1="716.0" x2="1171.0" y2="696.5" />
      <QuadTo flexible="false" x1="1175.0" y1="677.0" x2="1185.0" y2="657.0" />
      <LineTo flexible="false" x="1287.0" y="444.0" />
      <QuadTo flexible="false" x1="1316.0" y1="383.0" x2="1334.0" y2="328.0" />
      <QuadTo flexible="false" x1="1352.0" y1="273.0" x2="1350.5" y2="250.0" />
      <QuadTo flexible="false" x1="1349.0" y1="227.0" x2="1304.0" y2="228.0" />
      <QuadTo flexible="false" x1="1285.0" y1="229.0" x2="1216.0" y2="237.0" />
      <LineTo flexible="false" x="1083.0" y="252.0" />
      <LineTo flexible="false" x="691.0" y="311.0" />
      <QuadTo flexible="false" x1="524.0" y1="337.0" x2="475.0" y2="347.0" />
      <QuadTo flexible="false" x1="426.0" y1="357.0" x2="411.0" y2="356.0" />
      <QuadTo flexible="false" x1="369.0" y1="356.0" x2="292.5" y2="312.5" />
      <QuadTo flexible="false" x1="216.0" y1="269.0" x2="218.0" y2="223.0" />
      <QuadTo flexible="false" x1="218.0" y1="211.0" x2="226.5" y2="201.0" />
      <QuadTo flexible="false" x1="235.0" y1="191.0" x2="259.0" y2="191.0" />
      <LineTo flexible="false" x="283.0" y="192.0" />
      <LineTo flexible="false" x="472.0" y="183.0" />
      <QuadTo flexible="false" x1="519.0" y1="181.0" x2="702.0" y2="165.0" />
      <QuadTo flexible="false" x1="885.0" y1="149.0" x2="1020.0" y2="129.0" />
      <LineTo flexible="false" x="1190.0" y="104.0" />
      <QuadTo flexible="false" x1="1285.0" y1="90.0" x2="1350.5" y2="70.5" />
      <QuadTo flexible="false" x1="1416.0" y1="51.0" x2="1433.0" y2="50.0" />
      <QuadTo flexible="false" x1="1476.0" y1="49.0" x2="1548.5" y2="92.0" />
      <QuadTo flexible="false" x1="1621.0" y1="135.0" x2="1640.0" y2="168.0" />
      <QuadTo flexible="false" x1="1659.0" y1="201.0" x2="1659.0" y2="215.0" />
      <QuadTo flexible="false" x1="1657.0" y1="234.0" x2="1635.0" y2="258.5" />
      <QuadTo flexible="false" x1="1613.0" y1="283.0" x2="1567.0" y2="329.0" />
      <QuadTo flexible="false" x1="1521.0" y1="375.0" x2="1431.0" y2="479.0" />
      <QuadTo flexible="false" x1="1341.0" y1="583.0" x2="1299.0" y2="634.0" />
    </Outline>
    <Track>
      <MoveTo x="390.0" y="270.0" />
      <MoveTo x="1505.0" y="145.0" />
      <MoveTo x="1235.0" y="670.0" />
    </Track>
  </Stroke>
  <Stroke>
    <Outline>
      <MoveTo x="1265.0" y="1852.0" />
      <LineTo flexible="false" x="1202.0" y="1914.0" />
      <QuadTo flexible="false" x1="1158.0" y1="1958.0" x2="1104.5" y2="1987.5" />
      <QuadTo flexible="false" x1="1051.0" y1="2017.0" x2="1039.5" y2="1999.5" />
      <QuadTo flexible="false" x1="1028.0" y1="1982.0" x2="1029.0" y2="1971.0" />
      <QuadTo flexible="false" x1="1029.0" y1="1961.0" x2="1037.0" y2="1949.0" />
      <LineTo flexible="false" x="1057.0" y="1923.0" />
      <LineTo flexible="false" x="1156.0" y="1792.0" />
      <QuadTo flexible="false" x1="1251.0" y1="1667.0" x2="1358.0" y2="1473.0" />
      <QuadTo flexible="false" x1="1465.0" y1="1279.0" x2="1496.5" y2="1225.0" />
      <QuadTo flexible="false" x1="1528.0" y1="1171.0" x2="1542.0" y2="1140.5" />
      <QuadTo flexible="false" x1="1556.0" y1="1110.0" x2="1562.0" y2="1086.0" />
      <QuadTo flexible="false" x1="1568.0" y1="1062.0" x2="1568.0" y2="1053.0" />
      <QuadTo flexible="false" x1="1567.0" y1="1040.0" x2="1558.0" y2="1023.5" />
      <QuadTo flexible="false" x1="1549.0" y1="1007.0" x2="1520.5" y2="998.0" />
      <QuadTo flexible="false" x1="1492.0" y1="989.0" x2="1465.0" y2="991.0" />
      <LineTo flexible="false" x="1276.0" y="1007.0" />
      <QuadTo flexible="false" x1="1063.0" y1="1026.0" x2="833.5" y2="1062.0" />
      <QuadTo flexible="false" x1="604.0" y1="1098.0" x2="544.5" y2="1111.0" />
      <QuadTo flexible="false" x1="485.0" y1="1124.0" x2="444.0" y2="1136.5" />
      <QuadTo flexible="false" x1="403.0" y1="1149.0" x2="395.0" y2="1149.0" />
      <QuadTo flexible="false" x1="380.0" y1="1150.0" x2="349.5" y2="1133.5" />
      <QuadTo flexible="false" x1="319.0" y1="1117.0" x2="302.0" y2="1076.0" />
      <QuadTo flexible="false" x1="285.0" y1="1035.0" x2="287.0" y2="1020.0" />
      <QuadTo flexible="false" x1="288.0" y1="1011.0" x2="292.0" y2="1002.5" />
      <QuadTo flexible="false" x1="296.0" y1="994.0" x2="305.0" y2="984.0" />
      <LineTo flexible="false" x="335.0" y="950.0" />
      <QuadTo flexible="false" x1="395.0" y1="876.0" x2="441.0" y2="686.0" />
      <LineTo flexible="false" x="503.0" y="429.0" />
      <QuadTo flexible="false" x1="507.0" y1="410.0" x2="514.5" y2="401.0" />
      <QuadTo flexible="false" x1="522.0" y1="392.0" x2="538.0" y2="390.0" />
      <QuadTo flexible="false" x1="568.0" y1="387.0" x2="604.5" y2="415.0" />
      <QuadTo flexible="false" x1="641.0" y1="443.0" x2="650.5" y2="461.0" />
      <QuadTo flexible="false" x1="660.0" y1="479.0" x2="659.5" y2="495.0" />
      <QuadTo flexible="false" x1="659.0" y1="511.0" x2="643.0" y2="555.0" />
      <LineTo flexible="false" x="550.0" y="803.0" />
      <QuadTo flexible="false" x1="508.0" y1="915.0" x2="512.0" y2="928.0" />
      <QuadTo flexible="false" x1="519.0" y1="952.0" x2="540.0" y2="954.5" />
      <QuadTo flexible="false" x1="561.0" y1="957.0" x2="611.0" y2="950.0" />
      <LineTo flexible="false" x="827.0" y="921.0" />
      <LineTo flexible="false" x="1461.0" y="845.0" />
      <QuadTo flexible="false" x1="1586.0" y1="830.0" x2="1605.0" y2="831.5" />
      <QuadTo flexible="false" x1="1624.0" y1="833.0" x2="1653.5" y2="848.0" />
      <QuadTo flexible="false" x1="1683.0" y1="863.0" x2="1725.5" y2="897.5" />
      <QuadTo flexible="false" x1="1768.0" y1="932.0" x2="1798.0" y2="965.0" />
      <QuadTo flexible="false" x1="1828.0" y1="998.0" x2="1829.0" y2="1023.5" />
      <QuadTo flexible="false" x1="1830.0" y1="1049.0" x2="1823.0" y2="1071.0" />
      <QuadTo flexible="false" x1="1815.0" y1="1093.0" x2="1792.0" y2="1136.5" />
      <QuadTo flexible="false" x1="1769.0" y1="1180.0" x2="1587.0" y2="1447.0" />
      <QuadTo flexible="false" x1="1405.0" y1="1714.0" x2="1265.0" y2="1852.0" />
    </Outline>
    <Track>
      <MoveTo x="560.0" y="480.0" />
      <MoveTo x="395.0" y="1065.0" />
      <MoveTo x="1515.0" y="915.0" />
      <MoveTo x="1690.0" y="995.0" />
      <MoveTo x="1180.0" y="1885.0" />
    </Track>
  </Stroke>
</Word>

