<?xml version="1.0" encoding="UTF-8"?>
<Word version="1.0">
  <Stroke>
    <Outline>
      <MoveTo x="890.0" y="1254.0" />
      <LineTo flexible="false" x="664.0" y="1285.0" />
      <QuadTo flexible="false" x1="622.0" y1="1291.0" x2="586.0" y2="1300.0" />
      <LineTo flexible="false" x="520.0" y="1317.0" />
      <QuadTo flexible="false" x1="492.0" y1="1323.0" x2="462.0" y2="1323.0" />
      <QuadTo flexible="false" x1="424.0" y1="1324.0" x2="394.0" y2="1311.5" />
      <QuadTo flexible="false" x1="364.0" y1="1299.0" x2="342.5" y2="1262.0" />
      <QuadTo flexible="false" x1="321.0" y1="1225.0" x2="314.0" y2="1201.5" />
      <QuadTo flexible="false" x1="307.0" y1="1178.0" x2="302.5" y2="1148.0" />
      <QuadTo flexible="false" x1="298.0" y1="1118.0" x2="298.0" y2="1095.0" />
      <LineTo flexible="false" x="286.0" y="771.0" />
      <QuadTo flexible="false" x1="284.0" y1="734.0" x2="279.0" y2="675.0" />
      <QuadTo flexible="false" x1="274.0" y1="616.0" x2="271.0" y2="594.0" />
      <QuadTo flexible="false" x1="268.0" y1="572.0" x2="261.5" y2="534.5" />
      <QuadTo flexible="false" x1="255.0" y1="497.0" x2="254.5" y2="478.5" />
      <QuadTo flexible="false" x1="254.0" y1="460.0" x2="263.0" y2="441.0" />
      <QuadTo flexible="false" x1="273.0" y1="419.0" x2="304.0" y2="399.5" />
      <QuadTo flexible="false" x1="335.0" y1="380.0" x2="375.0" y2="382.0" />
      <QuadTo flexible="false" x1="409.0" y1="384.0" x2="430.0" y2="402.5" />
      <QuadTo flexible="false" x1="451.0" y1="421.0" x2="456.5" y2="432.5" />
      <QuadTo flexible="false" x1="462.0" y1="444.0" x2="462.5" y2="456.0" />
      <QuadTo flexible="false" x1="463.0" y1="468.0" x2="456.0" y2="494.0" />
      <QuadTo flexible="false" x1="450.0" y1="515.0" x2="448.0" y2="530.5" />
      <QuadTo flexible="false" x1="446.0" y1="546.0" x2="444.5" y2="574.5" />
      <QuadTo flexible="false" x1="443.0" y1="603.0" x2="441.0" y2="649.0" />
      <QuadTo flexible="false" x1="439.0" y1="695.0" x2="440.0" y2="719.0" />
      <LineTo flexible="false" x="442.0" y="879.0" />
      <QuadTo flexible="false" x1="442.0" y1="911.0" x2="446.5" y2="976.0" />
      <QuadTo flexible="false" x1="451.0" y1="1041.0" x2="462.0" y2="1093.5" />
      <QuadTo flexible="false" x1="473.0" y1="1146.0" x2="490.0" y2="1155.5" />
      <QuadTo flexible="false" x1="507.0" y1="1165.0" x2="525.0" y2="1165.0" />
      <QuadTo flexible="false" x1="543.0" y1="1166.0" x2="615.0" y2="1153.0" />
      <LineTo flexible="false" x="889.0" y="1106.0" />
      <LineTo flexible="true" x="1060.0" y="1096.0" />
      <LineTo flexible="false" x="1350.0" y="1086.0" />
      <QuadTo flexible="false" x1="1436.0" y1="1084.0" x2="1452.0" y2="1072.0" />
      <QuadTo flexible="true" x1="1582.5" y1="1051.5" x2="1643.0" y2="1071.0" />
      <QuadTo flexible="false" x1="1636.0" y1="1114.0" x2="1622.5" y2="1154.5" />
      <QuadTo flexible="false" x1="1609.0" y1="1195.0" x2="1575.0" y2="1212.0" />
      <QuadTo flexible="false" x1="1541.0" y1="1229.0" x2="1487.0" y2="1226.0" />
      <LineTo flexible="false" x="1327.0" y="1220.0" />
      <QuadTo flexible="false" x1="1248.0" y1="1218.0" x2="1061.0" y2="1236.0" />
      <LineTo flexible="true" x="890.0" y="1254.0" />
    </Outline>
    <Track>
      <MoveTo x="340.0" y="455.0" />
      <MoveTo x="390.0" y="1175.0" />
      <MoveTo x="470.0" y="1240.0" />
      <MoveTo x="1555.0" y="1130.0" />
    </Track>
  </Stroke>
  <Stroke>
    <Outline>
      <MoveTo x="1452.0" y="1072.0" />
      <QuadTo flexible="false" x1="1468.0" y1="1060.0" x2="1474.0" y2="1045.5" />
      <QuadTo flexible="false" x1="1480.0" y1="1031.0" x2="1487.0" y2="990.0" />
      <LineTo flexible="false" x="1513.0" y="822.0" />
      <QuadTo flexible="false" x1="1522.0" y1="764.0" x2="1529.0" y2="693.5" />
      <QuadTo flexible="false" x1="1536.0" y1="623.0" x2="1538.0" y2="591.0" />
      <LineTo flexible="false" x="1541.0" y="527.0" />
      <QuadTo flexible="false" x1="1544.0" y1="474.0" x2="1543.5" y2="459.0" />
      <QuadTo flexible="false" x1="1543.0" y1="444.0" x2="1545.0" y2="438.0" />
      <QuadTo flexible="false" x1="1550.0" y1="419.0" x2="1581.0" y2="402.0" />
      <QuadTo flexible="false" x1="1612.0" y1="385.0" x2="1638.0" y2="387.0" />
      <QuadTo flexible="false" x1="1669.0" y1="391.0" x2="1697.5" y2="420.5" />
      <QuadTo flexible="false" x1="1726.0" y1="450.0" x2="1735.0" y2="467.5" />
      <QuadTo flexible="false" x1="1744.0" y1="485.0" x2="1743.0" y2="509.0" />
      <QuadTo flexible="false" x1="1742.0" y1="520.0" x2="1738.0" y2="539.0" />
      <QuadTo flexible="false" x1="1734.0" y1="558.0" x2="1723.0" y2="608.5" />
      <QuadTo flexible="false" x1="1712.0" y1="659.0" x2="1700.0" y2="717.0" />
      <QuadTo flexible="false" x1="1688.0" y1="775.0" x2="1668.0" y2="909.0" />
      <LineTo flexible="false" x="1643.0" y="1071.0" />
      <QuadTo flexible="false" x1="1636.0" y1="1114.0" x2="1622.5" y2="1154.5" />
      <LineTo flexible="true" x="1452.0" y="1072.0" />
    </Outline>
    <Track>
      <MoveTo x="1645.0" y="460.0" />
      <MoveTo x="1555.0" y="1055.0" />
    </Track>
  </Stroke>
  <Stroke>
    <Outline>
      <MoveTo x="878.0" y="1695.0" />
      <QuadTo flexible="false" x1="883.0" y1="1579.0" x2="885.0" y2="1512.5" />
      <QuadTo flexible="false" x1="887.0" y1="1446.0" x2="888.0" y2="1393.0" />
      <LineTo flexible="false" x="890.0" y="1254.0" />
      <LineTo flexible="true" x="889.0" y="1106.0" />
      <LineTo flexible="false" x="895.0" y="476.0" />
      <QuadTo flexible="false" x1="895.0" y1="422.0" x2="892.0" y2="365.0" />
      <QuadTo flexible="false" x1="889.0" y1="308.0" x2="886.0" y2="277.5" />
      <QuadTo flexible="false" x1="883.0" y1="247.0" x2="877.5" y2="225.5" />
      <QuadTo flexible="false" x1="872.0" y1="204.0" x2="871.0" y2="199.0" />
      <QuadTo flexible="false" x1="870.0" y1="194.0" x2="869.5" y2="182.0" />
      <QuadTo flexible="false" x1="869.0" y1="170.0" x2="873.0" y2="161.0" />
      <QuadTo flexible="false" x1="879.0" y1="145.0" x2="907.0" y2="135.0" />
      <QuadTo flexible="false" x1="935.0" y1="125.0" x2="963.0" y2="124.0" />
      <QuadTo flexible="false" x1="1011.0" y1="124.0" x2="1070.5" y2="165.0" />
      <QuadTo flexible="false" x1="1130.0" y1="206.0" x2="1121.0" y2="270.0" />
      <LineTo flexible="false" x="1108.0" y="317.0" />
      <QuadTo flexible="false" x1="1104.0" y1="331.0" x2="1100.0" y2="364.0" />
      <LineTo flexible="false" x="1091.0" y="432.0" />
      <QuadTo flexible="false" x1="1087.0" y1="465.0" x2="1084.5" y2="493.5" />
      <QuadTo flexible="false" x1="1082.0" y1="522.0" x2="1076.5" y2="612.0" />
      <QuadTo flexible="false" x1="1071.0" y1="702.0" x2="1071.0" y2="730.0" />
      <LineTo flexible="false" x="1060.0" y="1096.0" />
      <LineTo flexible="true" x="1061.0" y="1236.0" />
      <QuadTo flexible="false" x1="1057.0" y1="1425.0" x2="1057.0" y2="1463.0" />
      <LineTo flexible="false" x="1054.0" y="1683.0" />
      <QuadTo flexible="true" x1="936.0" y1="1829.0" x2="878.0" y2="1695.0" />
    </Outline>
    <Track>
      <MoveTo x="975.0" y="185.0" />
      <MoveTo x="960.0" y="1680.0" />
    </Track>
  </Stroke>
  <Stroke>
    <Outline>
      <MoveTo x="1054.0" y="1683.0" />
      <LineTo flexible="false" x="1442.0" y="1669.0" />
      <QuadTo flexible="false" x1="1656.0" y1="1663.0" x2="1713.0" y2="1655.5" />
      <QuadTo flexible="false" x1="1770.0" y1="1648.0" x2="1778.0" y2="1647.0" />
      <QuadTo flexible="false" x1="1835.0" y1="1647.0" x2="1874.5" y2="1697.5" />
      <QuadTo flexible="false" x1="1914.0" y1="1748.0" x2="1890.0" y2="1793.0" />
      <QuadTo flexible="false" x1="1870.0" y1="1830.0" x2="1828.0" y2="1833.0" />
      <QuadTo flexible="false" x1="1815.0" y1="1835.0" x2="1758.0" y2="1825.5" />
      <QuadTo flexible="false" x1="1701.0" y1="1816.0" x2="1354.0" y2="1816.0" />
      <QuadTo flexible="false" x1="1048.0" y1="1817.0" x2="796.0" y2="1846.0" />
      <QuadTo flexible="false" x1="544.0" y1="1875.0" x2="438.5" y2="1900.5" />
      <QuadTo flexible="false" x1="333.0" y1="1926.0" x2="299.0" y2="1926.0" />
      <QuadTo flexible="false" x1="253.0" y1="1927.0" x2="208.5" y2="1902.5" />
      <QuadTo flexible="false" x1="164.0" y1="1878.0" x2="156.0" y2="1862.0" />
      <QuadTo flexible="false" x1="148.0" y1="1846.0" x2="148.0" y2="1826.5" />
      <QuadTo flexible="false" x1="148.0" y1="1807.0" x2="159.0" y2="1787.0" />
      <QuadTo flexible="false" x1="168.0" y1="1772.0" x2="181.5" y2="1764.5" />
      <QuadTo flexible="false" x1="195.0" y1="1757.0" x2="304.5" y2="1752.5" />
      <QuadTo flexible="false" x1="414.0" y1="1748.0" x2="567.0" y2="1730.0" />
      <LineTo flexible="false" x="878.0" y="1695.0" />
      <LineTo flexible="true" x="1054.0" y="1683.0" />
    </Outline>
    <Track>
      <MoveTo x="265.0" y="1845.0" />
      <MoveTo x="995.0" y="1765.0" />
      <MoveTo x="1760.0" y="1735.0" />
    </Track>
  </Stroke>
</Word>

