[
  {
    "outline": [
      {
        "type": "M",
        "x": 768,
        "y": 1686
      },
      {
        "type": "L",
        "x": 728,
        "y": 1640
      },
      {
        "type": "Q",
        "begin": {
          "x": 717,
          "y": 1630
        },
        "end": {
          "x": 720,
          "y": 1626
        }
      },
      {
        "type": "Q",
        "begin": {
          "x": 723,
          "y": 1622
        },
        "end": {
          "x": 733,
          "y": 1626
        }
      },
      {
        "type": "L",
        "x": 794,
        "y": 1655
      },
      {
        "type": "Q",
        "begin": {
          "x": 927,
          "y": 1721
        },
        "end": {
          "x": 958.5,
          "y": 1730.5
        }
      },
      {
        "type": "Q",
        "begin": {
          "x": 990,
          "y": 1740
        },
        "end": {
          "x": 1024,
          "y": 1739
        }
      },
      {
        "type": "Q",
        "begin": {
          "x": 1095,
          "y": 1737
        },
        "end": {
          "x": 1162,
          "y": 1684.5
        }
      },
      {
        "type": "Q",
        "begin": {
          "x": 1229,
          "y": 1632
        },
        "end": {
          "x": 1333.5,
          "y": 1476
        }
      },
      {
        "type": "Q",
        "begin": {
          "x": 1438,
          "y": 1320
        },
        "end": {
          "x": 1503.5,
          "y": 1156.5
        }
      },
      {
        "type": "Q",
        "begin": {
          "x": 1569,
          "y": 993
        },
        "end": {
          "x": 1588,
          "y": 919
        }
      },
      {
        "type": "L",
        "x": 1602,
        "y": 860
      },
      {
        "type": "Q",
        "begin": {
          "x": 1607,
          "y": 840
        },
        "end": {
          "x": 1609.5,
          "y": 828
        }
      },
      {
        "type": "Q",
        "begin": {
          "x": 1612,
          "y": 816
        },
        "end": {
          "x": 1611,
          "y": 803
        }
      },
      {
        "type": "Q",
        "begin": {
          "x": 1609,
          "y": 780
        },
        "end": {
          "x": 1587,
          "y": 754.5
        }
      },
      {
        "type": "Q",
        "begin": {
          "x": 1565,
          "y": 729
        },
        "end": {
          "x": 1510,
          "y": 734
        }
      },
      {
        "type": "L",
        "x": 1301,
        "y": 754
      },
      {
        "type": "L",
        "x": 1060,
        "y": 780
      },
      {
        "type": "L",
        "x": 830,
        "y": 803
      },
      {
        "type": "Q",
        "begin": {
          "x": 578,
          "y": 830
        },
        "end": {
          "x": 455,
          "y": 851
        }
      },
      {
        "type": "Q",
        "begin": {
          "x": 332,
          "y": 872
        },
        "end": {
          "x": 321,
          "y": 871
        }
      },
      {
        "type": "Q",
        "begin": {
          "x": 272,
          "y": 870
        },
        "end": {
          "x": 248,
          "y": 829.5
        }
      },
      {
        "type": "Q",
        "begin": {
          "x": 224,
          "y": 789
        },
        "end": {
          "x": 224,
          "y": 742
        }
      },
      {
        "type": "Q",
        "begin": {
          "x": 224,
          "y": 718
        },
        "end": {
          "x": 230,
          "y": 705.5
        }
      },
      {
        "type": "Q",
        "begin": {
          "x": 236,
          "y": 693
        },
        "end": {
          "x": 263.5,
          "y": 670.5
        }
      },
      {
        "type": "Q",
        "begin": {
          "x": 291,
          "y": 648
        },
        "end": {
          "x": 311.5,
          "y": 627.5
        }
      },
      {
        "type": "Q",
        "begin": {
          "x": 332,
          "y": 607
        },
        "end": {
          "x": 399,
          "y": 523.5
        }
      },
      {
        "type": "Q",
        "begin": {
          "x": 466,
          "y": 440
        },
        "end": {
          "x": 507,
          "y": 363.5
        }
      },
      {
        "type": "Q",
        "begin": {
          "x": 548,
          "y": 287
        },
        "end": {
          "x": 557.5,
          "y": 266
        }
      },
      {
        "type": "Q",
        "begin": {
          "x": 567,
          "y": 245
        },
        "end": {
          "x": 592.5,
          "y": 183
        }
      },
      {
        "type": "Q",
        "begin": {
          "x": 618,
          "y": 121
        },
        "end": {
          "x": 624.5,
          "y": 114
        }
      },
      {
        "type": "Q",
        "begin": {
          "x": 631,
          "y": 107
        },
        "end": {
          "x": 641,
          "y": 105
        }
      },
      {
        "type": "Q",
        "begin": {
          "x": 653,
          "y": 104
        },
        "end": {
          "x": 706,
          "y": 127
        }
      },
      {
        "type": "Q",
        "begin": {
          "x": 759,
          "y": 150
        },
        "end": {
          "x": 782,
          "y": 175.5
        }
      },
      {
        "type": "Q",
        "begin": {
          "x": 805,
          "y": 201
        },
        "end": {
          "x": 805.5,
          "y": 211.5
        }
      },
      {
        "type": "Q",
        "begin": {
          "x": 806,
          "y": 222
        },
        "end": {
          "x": 794,
          "y": 244
        }
      },
      {
        "type": "L",
        "x": 774,
        "y": 282
      },
      {
        "type": "Q",
        "begin": {
          "x": 760,
          "y": 307
        },
        "end": {
          "x": 715,
          "y": 376
        }
      },
      {
        "type": "Q",
        "begin": {
          "x": 670,
          "y": 445
        },
        "end": {
          "x": 601,
          "y": 528
        }
      },
      {
        "type": "L",
        "x": 534,
        "y": 608
      },
      {
        "type": "Q",
        "begin": {
          "x": 518,
          "y": 627
        },
        "end": {
          "x": 509,
          "y": 637
        }
      },
      {
        "type": "Q",
        "begin": {
          "x": 500,
          "y": 647
        },
        "end": {
          "x": 498,
          "y": 652.5
        }
      },
      {
        "type": "Q",
        "begin": {
          "x": 496,
          "y": 658
        },
        "end": {
          "x": 495.5,
          "y": 664.5
        }
      },
      {
        "type": "Q",
        "begin": {
          "x": 495,
          "y": 671
        },
        "end": {
          "x": 508,
          "y": 680
        }
      },
      {
        "type": "Q",
        "begin": {
          "x": 521,
          "y": 689
        },
        "end": {
          "x": 554,
          "y": 686
        }
      },
      {
        "type": "Q",
        "begin": {
          "x": 576,
          "y": 685
        },
        "end": {
          "x": 672,
          "y": 675
        }
      },
      {
        "type": "Q",
        "begin": {
          "x": 768,
          "y": 665
        },
        "end": {
          "x": 1145,
          "y": 632
        }
      },
      {
        "type": "L",
        "x": 1412,
        "y": 609
      },
      {
        "type": "Q",
        "begin": {
          "x": 1551,
          "y": 598
        },
        "end": {
          "x": 1586,
          "y": 589
        }
      },
      {
        "type": "Q",
        "begin": {
          "x": 1621,
          "y": 580
        },
        "end": {
          "x": 1628,
          "y": 580
        }
      },
      {
        "type": "Q",
        "begin": {
          "x": 1640,
          "y": 581
        },
        "end": {
          "x": 1652,
          "y": 587.5
        }
      },
      {
        "type": "Q",
        "begin": {
          "x": 1664,
          "y": 594
        },
        "end": {
          "x": 1694,
          "y": 621
        }
      },
      {
        "type": "Q",
        "begin": {
          "x": 1724,
          "y": 648
        },
        "end": {
          "x": 1736,
          "y": 662
        }
      },
      {
        "type": "Q",
        "begin": {
          "x": 1748,
          "y": 676
        },
        "end": {
          "x": 1774.5,
          "y": 709
        }
      },
      {
        "type": "Q",
        "begin": {
          "x": 1801,
          "y": 742
        },
        "end": {
          "x": 1811.5,
          "y": 758.5
        }
      },
      {
        "type": "Q",
        "begin": {
          "x": 1822,
          "y": 775
        },
        "end": {
          "x": 1822.5,
          "y": 791.5
        }
      },
      {
        "type": "Q",
        "begin": {
          "x": 1823,
          "y": 808
        },
        "end": {
          "x": 1814,
          "y": 832
        }
      },
      {
        "type": "Q",
        "begin": {
          "x": 1792,
          "y": 891
        },
        "end": {
          "x": 1785,
          "y": 912
        }
      },
      {
        "type": "L",
        "x": 1762,
        "y": 981
      },
      {
        "type": "L",
        "x": 1709,
        "y": 1135
      },
      {
        "type": "Q",
        "begin": {
          "x": 1693,
          "y": 1182
        },
        "end": {
          "x": 1651,
          "y": 1282
        }
      },
      {
        "type": "Q",
        "begin": {
          "x": 1609,
          "y": 1382
        },
        "end": {
          "x": 1565.5,
          "y": 1475.5
        }
      },
      {
        "type": "Q",
        "begin": {
          "x": 1522,
          "y": 1569
        },
        "end": {
          "x": 1451,
          "y": 1674.5
        }
      },
      {
        "type": "Q",
        "begin": {
          "x": 1380,
          "y": 1780
        },
        "end": {
          "x": 1271.5,
          "y": 1851
        }
      },
      {
        "type": "Q",
        "begin": {
          "x": 1163,
          "y": 1922
        },
        "end": {
          "x": 1109,
          "y": 1932.5
        }
      },
      {
        "type": "Q",
        "begin": {
          "x": 1055,
          "y": 1943
        },
        "end": {
          "x": 1016,
          "y": 1943
        }
      },
      {
        "type": "Q",
        "begin": {
          "x": 961,
          "y": 1945
        },
        "end": {
          "x": 940.5,
          "y": 1926.5
        }
      },
      {
        "type": "Q",
        "begin": {
          "x": 920,
          "y": 1908
        },
        "end": {
          "x": 889.5,
          "y": 1855.5
        }
      },
      {
        "type": "Q",
        "begin": {
          "x": 859,
          "y": 1803
        },
        "end": {
          "x": 836,
          "y": 1771
        }
      },
      {
        "type": "Q",
        "begin": {
          "x": 813,
          "y": 1739
        },
        "end": {
          "x": 768,
          "y": 1686
        }
      }
    ],
    "track": [
      {
        "x": 680,
        "y": 205
      },
      {
        "x": 315,
        "y": 770
      },
      {
        "x": 1590,
        "y": 670
      },
      {
        "x": 1720,
        "y": 785
      },
      {
        "x": 1330,
        "y": 1675
      },
      {
        "x": 1025,
        "y": 1860
      },
      {
        "x": 840,
        "y": 1720
      }
    ]
  }
]
