[
  {
    "outline": [
      {
        "type": "M",
        "x": 588.9465,
        "y": 925.685
      },
      {
        "type": "L",
        "x": 1487.87,
        "y": 925.685
      },
      {
        "type": "C",
        "begin": {
          "x": 1487.87,
          "y": 925.685
        },
        "mid": {
          "x": 1494.7649999999999,
          "y": 961.2365
        },
        "end": {
          "x": 1495.1100000000001,
          "y": 972.1569999999999
        }
      },
      {
        "type": "C",
        "begin": {
          "x": 1495.46,
          "y": 983.078
        },
        "mid": {
          "x": 1495.435,
          "y": 1030.69
        },
        "end": {
          "x": 1483.3600000000001,
          "y": 1055.865
        }
      },
      {
        "type": "C",
        "begin": {
          "x": 1471.2849999999999,
          "y": 1081.045
        },
        "mid": {
          "x": 1461.1,
          "y": 1087.02
        },
        "end": {
          "x": 1461.1,
          "y": 1087.02
        }
      },
      {
        "type": "L",
        "x": 588.9465,
        "y": 1087.02
      },
      {
        "type": "C",
        "begin": {
          "x": 588.9465,
          "y": 1087.02
        },
        "mid": {
          "x": 570.844,
          "y": 1067.6
        },
        "end": {
          "x": 563.0175,
          "y": 1031.775
        }
      },
      {
        "type": "C",
        "begin": {
          "x": 556.5975,
          "y": 1002.393
        },
        "mid": {
          "x": 564.442,
          "y": 967.595
        },
        "end": {
          "x": 568.2205,
          "y": 957.2145
        }
      },
      {
        "type": "C",
        "begin": {
          "x": 572.131,
          "y": 946.4725000000001
        },
        "mid": {
          "x": 588.9465,
          "y": 925.685
        },
        "end": {
          "x": 588.9465,
          "y": 925.685
        }
      }
    ],
    "track": [
      {
        "x": 624.648,
        "y": 1006.35
      },
      {
        "x": 1453.88,
        "y": 1006.35
      }
    ]
  }
]