[
  {
    "outline": [
      {
        "type": "M",
        "x": 211,
        "y": 500
      },
      {
        "type": "Q",
        "begin": {
          "x": 202,
          "y": 486
        },
        "end": {
          "x": 183.5,
          "y": 467.5
        }
      },
      {
        "type": "Q",
        "begin": {
          "x": 165,
          "y": 449
        },
        "end": {
          "x": 162,
          "y": 440
        }
      },
      {
        "type": "Q",
        "begin": {
          "x": 159,
          "y": 431
        },
        "end": {
          "x": 159,
          "y": 417
        }
      },
      {
        "type": "Q",
        "begin": {
          "x": 160,
          "y": 353
        },
        "end": {
          "x": 208,
          "y": 354
        }
      },
      {
        "type": "L",
        "x": 289,
        "y": 356
      },
      {
        "type": "Q",
        "begin": {
          "x": 375,
          "y": 359
        },
        "end": {
          "x": 475.5,
          "y": 358.5
        }
      },
      {
        "type": "Q",
        "begin": {
          "x": 576,
          "y": 358
        },
        "end": {
          "x": 993,
          "y": 321
        }
      },
      {
        "type": "L",
        "x": 1234,
        "y": 300
      },
      {
        "type": "Q",
        "begin": {
          "x": 1363,
          "y": 289
        },
        "end": {
          "x": 1425.5,
          "y": 279
        }
      },
      {
        "type": "Q",
        "begin": {
          "x": 1488,
          "y": 269
        },
        "end": {
          "x": 1558,
          "y": 249.5
        }
      },
      {
        "type": "Q",
        "begin": {
          "x": 1628,
          "y": 230
        },
        "end": {
          "x": 1652,
          "y": 228
        }
      },
      {
        "type": "Q",
        "begin": {
          "x": 1760,
          "y": 222
        },
        "end": {
          "x": 1788.5,
          "y": 281.5
        }
      },
      {
        "type": "Q",
        "begin": {
          "x": 1817,
          "y": 341
        },
        "end": {
          "x": 1816,
          "y": 365
        }
      },
      {
        "type": "Q",
        "begin": {
          "x": 1814,
          "y": 389
        },
        "end": {
          "x": 1798.5,
          "y": 407.5
        }
      },
      {
        "type": "Q",
        "begin": {
          "x": 1783,
          "y": 426
        },
        "end": {
          "x": 1710.5,
          "y": 440
        }
      },
      {
        "type": "Q",
        "begin": {
          "x": 1638,
          "y": 454
        },
        "end": {
          "x": 1319,
          "y": 473
        }
      },
      {
        "type": "L",
        "x": 1162,
        "y": 483
      },
      {
        "type": "Q",
        "begin": {
          "x": 726,
          "y": 510
        },
        "end": {
          "x": 433,
          "y": 518
        }
      },
      {
        "type": "L",
        "x": 211,
        "y": 500
      }
    ],
    "track": [
      {
        "x": 255,
        "y": 425
      },
      {
        "x": 1670,
        "y": 335
      }
    ]
  },
  {
    "outline": [
      {
        "type": "M",
        "x": 433,
        "y": 518
      },
      {
        "type": "L",
        "x": 437,
        "y": 1243
      },
      {
        "type": "Q",
        "begin": {
          "x": 437,
          "y": 1361
        },
        "end": {
          "x": 442,
          "y": 1438.5
        }
      },
      {
        "type": "Q",
        "begin": {
          "x": 447,
          "y": 1516
        },
        "end": {
          "x": 464.5,
          "y": 1555.5
        }
      },
      {
        "type": "Q",
        "begin": {
          "x": 482,
          "y": 1595
        },
        "end": {
          "x": 515.5,
          "y": 1614
        }
      },
      {
        "type": "Q",
        "begin": {
          "x": 549,
          "y": 1633
        },
        "end": {
          "x": 603.5,
          "y": 1640.5
        }
      },
      {
        "type": "Q",
        "begin": {
          "x": 658,
          "y": 1648
        },
        "end": {
          "x": 826,
          "y": 1643
        }
      },
      {
        "type": "L",
        "x": 1449,
        "y": 1627
      },
      {
        "type": "Q",
        "begin": {
          "x": 1552,
          "y": 1625
        },
        "end": {
          "x": 1635.5,
          "y": 1616
        }
      },
      {
        "type": "Q",
        "begin": {
          "x": 1719,
          "y": 1607
        },
        "end": {
          "x": 1738,
          "y": 1606
        }
      },
      {
        "type": "Q",
        "begin": {
          "x": 1790,
          "y": 1606
        },
        "end": {
          "x": 1815.5,
          "y": 1621
        }
      },
      {
        "type": "Q",
        "begin": {
          "x": 1841,
          "y": 1636
        },
        "end": {
          "x": 1865.5,
          "y": 1672.5
        }
      },
      {
        "type": "Q",
        "begin": {
          "x": 1890,
          "y": 1709
        },
        "end": {
          "x": 1888,
          "y": 1747
        }
      },
      {
        "type": "Q",
        "begin": {
          "x": 1886,
          "y": 1768
        },
        "end": {
          "x": 1876.5,
          "y": 1780
        }
      },
      {
        "type": "Q",
        "begin": {
          "x": 1867,
          "y": 1792
        },
        "end": {
          "x": 1841.5,
          "y": 1801
        }
      },
      {
        "type": "Q",
        "begin": {
          "x": 1816,
          "y": 1810
        },
        "end": {
          "x": 1713,
          "y": 1808
        }
      },
      {
        "type": "L",
        "x": 1544,
        "y": 1805
      },
      {
        "type": "Q",
        "begin": {
          "x": 1281,
          "y": 1801
        },
        "end": {
          "x": 1249,
          "y": 1800
        }
      },
      {
        "type": "Q",
        "begin": {
          "x": 1184,
          "y": 1800
        },
        "end": {
          "x": 998,
          "y": 1804
        }
      },
      {
        "type": "L",
        "x": 839,
        "y": 1808
      },
      {
        "type": "Q",
        "begin": {
          "x": 819,
          "y": 1809
        },
        "end": {
          "x": 695,
          "y": 1815
        }
      },
      {
        "type": "Q",
        "begin": {
          "x": 571,
          "y": 1821
        },
        "end": {
          "x": 554,
          "y": 1821
        }
      },
      {
        "type": "Q",
        "begin": {
          "x": 461,
          "y": 1822
        },
        "end": {
          "x": 402.5,
          "y": 1790
        }
      },
      {
        "type": "Q",
        "begin": {
          "x": 344,
          "y": 1758
        },
        "end": {
          "x": 315,
          "y": 1661.5
        }
      },
      {
        "type": "Q",
        "begin": {
          "x": 286,
          "y": 1565
        },
        "end": {
          "x": 280.5,
          "y": 1527.5
        }
      },
      {
        "type": "Q",
        "begin": {
          "x": 275,
          "y": 1490
        },
        "end": {
          "x": 272,
          "y": 1448.5
        }
      },
      {
        "type": "Q",
        "begin": {
          "x": 269,
          "y": 1407
        },
        "end": {
          "x": 266.5,
          "y": 1325
        }
      },
      {
        "type": "Q",
        "begin": {
          "x": 264,
          "y": 1243
        },
        "end": {
          "x": 264,
          "y": 1241
        }
      },
      {
        "type": "L",
        "x": 238,
        "y": 740
      },
      {
        "type": "Q",
        "begin": {
          "x": 235,
          "y": 696
        },
        "end": {
          "x": 231.5,
          "y": 643
        }
      },
      {
        "type": "Q",
        "begin": {
          "x": 228,
          "y": 590
        },
        "end": {
          "x": 224,
          "y": 552
        }
      },
      {
        "type": "Q",
        "begin": {
          "x": 220,
          "y": 514
        },
        "end": {
          "x": 211,
          "y": 500
        }
      },
      {
        "type": "L",
        "x": 433,
        "y": 518
      }
    ],
    "track": [
      {
        "x": 320,
        "y": 555
      },
      {
        "x": 360,
        "y": 1605
      },
      {
        "x": 490,
        "y": 1740
      },
      {
        "x": 1745,
        "y": 1730
      }
    ]
  }
]
