<?xml version="1.0" encoding="UTF-8"?>
<Word version="1.0">
  <Stroke>
    <Outline>
      <MoveTo x="796.0" y="1220.0" />
      <LineTo flexible="false" x="386.0" y="999.0" />
      <LineTo flexible="false" x="334.0" y="976.0" />
      <QuadTo flexible="false" x1="296.0" y1="957.0" x2="285.5" y2="926.5" />
      <QuadTo flexible="false" x1="275.0" y1="896.0" x2="276.0" y2="881.0" />
      <QuadTo flexible="false" x1="277.0" y1="857.0" x2="295.0" y2="835.0" />
      <QuadTo flexible="false" x1="313.0" y1="813.0" x2="379.5" y2="760.0" />
      <QuadTo flexible="false" x1="446.0" y1="707.0" x2="528.0" y2="624.0" />
      <QuadTo flexible="false" x1="610.0" y1="541.0" x2="700.0" y2="441.5" />
      <QuadTo flexible="false" x1="790.0" y1="342.0" x2="858.0" y2="247.5" />
      <QuadTo flexible="false" x1="926.0" y1="153.0" x2="941.5" y2="128.5" />
      <QuadTo flexible="false" x1="957.0" y1="104.0" x2="978.5" y2="81.5" />
      <QuadTo flexible="false" x1="1000.0" y1="59.0" x2="1048.0" y2="86.0" />
      <QuadTo flexible="false" x1="1092.0" y1="113.0" x2="1115.5" y2="160.0" />
      <QuadTo flexible="false" x1="1139.0" y1="207.0" x2="1139.5" y2="231.0" />
      <QuadTo flexible="false" x1="1140.0" y1="255.0" x2="1131.0" y2="272.0" />
      <QuadTo flexible="false" x1="1121.0" y1="291.0" x2="1080.0" y2="324.0" />
      <LineTo flexible="false" x="1029.0" y="367.0" />
      <LineTo flexible="false" x="917.0" y="460.0" />
      <LineTo flexible="false" x="591.0" y="770.0" />
      <QuadTo flexible="false" x1="563.0" y1="796.0" x2="546.0" y2="818.5" />
      <QuadTo flexible="false" x1="529.0" y1="841.0" x2="528.5" y2="857.5" />
      <QuadTo flexible="false" x1="528.0" y1="874.0" x2="548.0" y2="892.0" />
      <QuadTo flexible="false" x1="567.0" y1="911.0" x2="657.0" y2="955.0" />
      <LineTo flexible="false" x="923.0" y="1087.0" />
      <CubicTo flexible="true" x1="1080.6666666666665" y1="1166.3333333333333" x2="868.3333333333334" y2="1255.6666666666667" x3="796.0" y3="1220.0" />
    </Outline>
    <Track>
      <MoveTo x="1030.0" y="205.0" />
      <MoveTo x="375.0" y="890.0" />
      <MoveTo x="885.0" y="1150.0" />
    </Track>
  </Stroke>
  <Stroke>
    <Outline>
      <MoveTo x="923.0" y="1087.0" />
      <LineTo flexible="false" x="1109.0" y="907.0" />
      <QuadTo flexible="false" x1="1148.0" y1="870.0" x2="1283.0" y2="715.5" />
      <QuadTo flexible="false" x1="1418.0" y1="561.0" x2="1439.5" y2="525.0" />
      <QuadTo flexible="false" x1="1461.0" y1="489.0" x2="1470.5" y2="478.5" />
      <QuadTo flexible="false" x1="1480.0" y1="468.0" x2="1495.0" y2="464.0" />
      <QuadTo flexible="false" x1="1530.0" y1="457.0" x2="1585.5" y2="507.0" />
      <QuadTo flexible="false" x1="1641.0" y1="557.0" x2="1643.5" y2="606.0" />
      <QuadTo flexible="false" x1="1646.0" y1="655.0" x2="1636.0" y2="678.0" />
      <QuadTo flexible="false" x1="1622.0" y1="707.0" x2="1581.0" y2="740.0" />
      <LineTo flexible="false" x="1503.0" y="796.0" />
      <QuadTo flexible="false" x1="1470.0" y1="820.0" x2="1419.5" y2="863.5" />
      <QuadTo flexible="false" x1="1369.0" y1="907.0" x2="1264.5" y2="1004.5" />
      <QuadTo flexible="false" x1="1160.0" y1="1102.0" x2="974.0" y2="1272.5" />
      <QuadTo flexible="false" x1="788.0" y1="1443.0" x2="690.0" y2="1548.0" />
      <LineTo flexible="false" x="605.0" y="1639.0" />
      <QuadTo flexible="false" x1="566.0" y1="1680.0" x2="571.5" y2="1693.5" />
      <QuadTo flexible="false" x1="577.0" y1="1707.0" x2="625.0" y2="1701.0" />
      <LineTo flexible="false" x="790.0" y="1681.0" />
      <LineTo flexible="false" x="1493.0" y="1593.0" />
      <QuadTo flexible="true" x1="1724.5" y1="1560.5" x2="1536.0" y2="1728.0" />
      <QuadTo flexible="false" x1="1194.0" y1="1780.0" x2="878.0" y2="1843.0" />
      <LineTo flexible="false" x="739.0" y="1871.0" />
      <QuadTo flexible="false" x1="655.0" y1="1888.0" x2="586.0" y2="1904.0" />
      <QuadTo flexible="false" x1="517.0" y1="1920.0" x2="463.0" y2="1942.0" />
      <QuadTo flexible="false" x1="409.0" y1="1964.0" x2="392.0" y2="1964.0" />
      <QuadTo flexible="false" x1="377.0" y1="1965.0" x2="363.0" y2="1958.0" />
      <QuadTo flexible="false" x1="349.0" y1="1951.0" x2="307.5" y2="1901.0" />
      <QuadTo flexible="false" x1="266.0" y1="1851.0" x2="256.0" y2="1830.5" />
      <QuadTo flexible="false" x1="246.0" y1="1810.0" x2="244.5" y2="1784.5" />
      <QuadTo flexible="false" x1="243.0" y1="1759.0" x2="245.0" y2="1753.5" />
      <QuadTo flexible="false" x1="247.0" y1="1748.0" x2="263.0" y2="1734.0" />
      <LineTo flexible="false" x="461.0" y="1554.0" />
      <LineTo flexible="false" x="796.0" y="1220.0" />
      <LineTo flexible="true" x="923.0" y="1087.0" />
    </Outline>
    <Track>
      <MoveTo x="1530.0" y="600.0" />
      <MoveTo x="355.0" y="1785.0" />
      <MoveTo x="420.0" y="1855.0" />
      <MoveTo x="1540.0" y="1655.0" />
    </Track>
  </Stroke>
  <Stroke>
    <Outline>
      <MoveTo x="1493.0" y="1593.0" />
      <LineTo flexible="false" x="1418.0" y="1335.0" />
      <QuadTo flexible="false" x1="1411.0" y1="1311.0" x2="1418.0" y2="1304.0" />
      <QuadTo flexible="false" x1="1425.0" y1="1297.0" x2="1442.0" y2="1311.0" />
      <LineTo flexible="false" x="1505.0" y="1369.0" />
      <QuadTo flexible="false" x1="1579.0" y1="1439.0" x2="1658.0" y2="1540.0" />
      <QuadTo flexible="false" x1="1737.0" y1="1641.0" x2="1770.5" y2="1717.5" />
      <QuadTo flexible="false" x1="1804.0" y1="1794.0" x2="1804.0" y2="1829.0" />
      <QuadTo flexible="false" x1="1803.0" y1="1860.0" x2="1791.0" y2="1885.5" />
      <QuadTo flexible="false" x1="1779.0" y1="1911.0" x2="1748.5" y2="1944.0" />
      <QuadTo flexible="false" x1="1718.0" y1="1977.0" x2="1687.0" y2="1976.0" />
      <QuadTo flexible="false" x1="1643.0" y1="1976.0" x2="1611.5" y2="1923.0" />
      <QuadTo flexible="false" x1="1580.0" y1="1870.0" x2="1565.0" y2="1820.0" />
      <LineTo flexible="false" x="1536.0" y="1728.0" />
      <LineTo flexible="true" x="1493.0" y="1593.0" />
    </Outline>
    <Track>
      <MoveTo x="1465.0" y="1385.0" />
      <MoveTo x="1710.0" y="1880.0" />
    </Track>
  </Stroke>
</Word>

