[
  {
    "outline": [
      {
        "type": "M",
        "x": 796,
        "y": 1220
      },
      {
        "type": "L",
        "x": 386,
        "y": 999
      },
      {
        "type": "L",
        "x": 334,
        "y": 976
      },
      {
        "type": "Q",
        "begin": {
          "x": 296,
          "y": 957
        },
        "end": {
          "x": 285.5,
          "y": 926.5
        }
      },
      {
        "type": "Q",
        "begin": {
          "x": 275,
          "y": 896
        },
        "end": {
          "x": 276,
          "y": 881
        }
      },
      {
        "type": "Q",
        "begin": {
          "x": 277,
          "y": 857
        },
        "end": {
          "x": 295,
          "y": 835
        }
      },
      {
        "type": "Q",
        "begin": {
          "x": 313,
          "y": 813
        },
        "end": {
          "x": 379.5,
          "y": 760
        }
      },
      {
        "type": "Q",
        "begin": {
          "x": 446,
          "y": 707
        },
        "end": {
          "x": 528,
          "y": 624
        }
      },
      {
        "type": "Q",
        "begin": {
          "x": 610,
          "y": 541
        },
        "end": {
          "x": 700,
          "y": 441.5
        }
      },
      {
        "type": "Q",
        "begin": {
          "x": 790,
          "y": 342
        },
        "end": {
          "x": 858,
          "y": 247.5
        }
      },
      {
        "type": "Q",
        "begin": {
          "x": 926,
          "y": 153
        },
        "end": {
          "x": 941.5,
          "y": 128.5
        }
      },
      {
        "type": "Q",
        "begin": {
          "x": 957,
          "y": 104
        },
        "end": {
          "x": 978.5,
          "y": 81.5
        }
      },
      {
        "type": "Q",
        "begin": {
          "x": 1000,
          "y": 59
        },
        "end": {
          "x": 1048,
          "y": 86
        }
      },
      {
        "type": "Q",
        "begin": {
          "x": 1092,
          "y": 113
        },
        "end": {
          "x": 1115.5,
          "y": 160
        }
      },
      {
        "type": "Q",
        "begin": {
          "x": 1139,
          "y": 207
        },
        "end": {
          "x": 1139.5,
          "y": 231
        }
      },
      {
        "type": "Q",
        "begin": {
          "x": 1140,
          "y": 255
        },
        "end": {
          "x": 1131,
          "y": 272
        }
      },
      {
        "type": "Q",
        "begin": {
          "x": 1121,
          "y": 291
        },
        "end": {
          "x": 1080,
          "y": 324
        }
      },
      {
        "type": "L",
        "x": 1029,
        "y": 367
      },
      {
        "type": "L",
        "x": 917,
        "y": 460
      },
      {
        "type": "L",
        "x": 591,
        "y": 770
      },
      {
        "type": "Q",
        "begin": {
          "x": 563,
          "y": 796
        },
        "end": {
          "x": 546,
          "y": 818.5
        }
      },
      {
        "type": "Q",
        "begin": {
          "x": 529,
          "y": 841
        },
        "end": {
          "x": 528.5,
          "y": 857.5
        }
      },
      {
        "type": "Q",
        "begin": {
          "x": 528,
          "y": 874
        },
        "end": {
          "x": 548,
          "y": 892
        }
      },
      {
        "type": "Q",
        "begin": {
          "x": 567,
          "y": 911
        },
        "end": {
          "x": 657,
          "y": 955
        }
      },
      {
        "type": "L",
        "x": 923,
        "y": 1087
      },
      {
        "type": "C",
        "begin": {
          "x": 1080.6666666666665,
          "y": 1166.3333333333333
        },
        "mid": {
          "x": 868.3333333333334,
          "y": 1255.6666666666667
        },
        "end": {
          "x": 796,
          "y": 1220
        }
      }
    ],
    "track": [
      {
        "x": 1030,
        "y": 205
      },
      {
        "x": 375,
        "y": 890
      },
      {
        "x": 885,
        "y": 1150
      }
    ]
  },
  {
    "outline": [
      {
        "type": "M",
        "x": 923,
        "y": 1087
      },
      {
        "type": "L",
        "x": 1109,
        "y": 907
      },
      {
        "type": "Q",
        "begin": {
          "x": 1148,
          "y": 870
        },
        "end": {
          "x": 1283,
          "y": 715.5
        }
      },
      {
        "type": "Q",
        "begin": {
          "x": 1418,
          "y": 561
        },
        "end": {
          "x": 1439.5,
          "y": 525
        }
      },
      {
        "type": "Q",
        "begin": {
          "x": 1461,
          "y": 489
        },
        "end": {
          "x": 1470.5,
          "y": 478.5
        }
      },
      {
        "type": "Q",
        "begin": {
          "x": 1480,
          "y": 468
        },
        "end": {
          "x": 1495,
          "y": 464
        }
      },
      {
        "type": "Q",
        "begin": {
          "x": 1530,
          "y": 457
        },
        "end": {
          "x": 1585.5,
          "y": 507
        }
      },
      {
        "type": "Q",
        "begin": {
          "x": 1641,
          "y": 557
        },
        "end": {
          "x": 1643.5,
          "y": 606
        }
      },
      {
        "type": "Q",
        "begin": {
          "x": 1646,
          "y": 655
        },
        "end": {
          "x": 1636,
          "y": 678
        }
      },
      {
        "type": "Q",
        "begin": {
          "x": 1622,
          "y": 707
        },
        "end": {
          "x": 1581,
          "y": 740
        }
      },
      {
        "type": "L",
        "x": 1503,
        "y": 796
      },
      {
        "type": "Q",
        "begin": {
          "x": 1470,
          "y": 820
        },
        "end": {
          "x": 1419.5,
          "y": 863.5
        }
      },
      {
        "type": "Q",
        "begin": {
          "x": 1369,
          "y": 907
        },
        "end": {
          "x": 1264.5,
          "y": 1004.5
        }
      },
      {
        "type": "Q",
        "begin": {
          "x": 1160,
          "y": 1102
        },
        "end": {
          "x": 974,
          "y": 1272.5
        }
      },
      {
        "type": "Q",
        "begin": {
          "x": 788,
          "y": 1443
        },
        "end": {
          "x": 690,
          "y": 1548
        }
      },
      {
        "type": "L",
        "x": 605,
        "y": 1639
      },
      {
        "type": "Q",
        "begin": {
          "x": 566,
          "y": 1680
        },
        "end": {
          "x": 571.5,
          "y": 1693.5
        }
      },
      {
        "type": "Q",
        "begin": {
          "x": 577,
          "y": 1707
        },
        "end": {
          "x": 625,
          "y": 1701
        }
      },
      {
        "type": "L",
        "x": 790,
        "y": 1681
      },
      {
        "type": "L",
        "x": 1493,
        "y": 1593
      },
      {
        "type": "Q",
        "begin": {
          "x": 1724.5,
          "y": 1560.5
        },
        "end": {
          "x": 1536,
          "y": 1728
        }
      },
      {
        "type": "Q",
        "begin": {
          "x": 1194,
          "y": 1780
        },
        "end": {
          "x": 878,
          "y": 1843
        }
      },
      {
        "type": "L",
        "x": 739,
        "y": 1871
      },
      {
        "type": "Q",
        "begin": {
          "x": 655,
          "y": 1888
        },
        "end": {
          "x": 586,
          "y": 1904
        }
      },
      {
        "type": "Q",
        "begin": {
          "x": 517,
          "y": 1920
        },
        "end": {
          "x": 463,
          "y": 1942
        }
      },
      {
        "type": "Q",
        "begin": {
          "x": 409,
          "y": 1964
        },
        "end": {
          "x": 392,
          "y": 1964
        }
      },
      {
        "type": "Q",
        "begin": {
          "x": 377,
          "y": 1965
        },
        "end": {
          "x": 363,
          "y": 1958
        }
      },
      {
        "type": "Q",
        "begin": {
          "x": 349,
          "y": 1951
        },
        "end": {
          "x": 307.5,
          "y": 1901
        }
      },
      {
        "type": "Q",
        "begin": {
          "x": 266,
          "y": 1851
        },
        "end": {
          "x": 256,
          "y": 1830.5
        }
      },
      {
        "type": "Q",
        "begin": {
          "x": 246,
          "y": 1810
        },
        "end": {
          "x": 244.5,
          "y": 1784.5
        }
      },
      {
        "type": "Q",
        "begin": {
          "x": 243,
          "y": 1759
        },
        "end": {
          "x": 245,
          "y": 1753.5
        }
      },
      {
        "type": "Q",
        "begin": {
          "x": 247,
          "y": 1748
        },
        "end": {
          "x": 263,
          "y": 1734
        }
      },
      {
        "type": "L",
        "x": 461,
        "y": 1554
      },
      {
        "type": "L",
        "x": 796,
        "y": 1220
      },
      {
        "type": "L",
        "x": 923,
        "y": 1087
      }
    ],
    "track": [
      {
        "x": 1530,
        "y": 600
      },
      {
        "x": 355,
        "y": 1785
      },
      {
        "x": 420,
        "y": 1855
      },
      {
        "x": 1540,
        "y": 1655
      }
    ]
  },
  {
    "outline": [
      {
        "type": "M",
        "x": 1493,
        "y": 1593
      },
      {
        "type": "L",
        "x": 1418,
        "y": 1335
      },
      {
        "type": "Q",
        "begin": {
          "x": 1411,
          "y": 1311
        },
        "end": {
          "x": 1418,
          "y": 1304
        }
      },
      {
        "type": "Q",
        "begin": {
          "x": 1425,
          "y": 1297
        },
        "end": {
          "x": 1442,
          "y": 1311
        }
      },
      {
        "type": "L",
        "x": 1505,
        "y": 1369
      },
      {
        "type": "Q",
        "begin": {
          "x": 1579,
          "y": 1439
        },
        "end": {
          "x": 1658,
          "y": 1540
        }
      },
      {
        "type": "Q",
        "begin": {
          "x": 1737,
          "y": 1641
        },
        "end": {
          "x": 1770.5,
          "y": 1717.5
        }
      },
      {
        "type": "Q",
        "begin": {
          "x": 1804,
          "y": 1794
        },
        "end": {
          "x": 1804,
          "y": 1829
        }
      },
      {
        "type": "Q",
        "begin": {
          "x": 1803,
          "y": 1860
        },
        "end": {
          "x": 1791,
          "y": 1885.5
        }
      },
      {
        "type": "Q",
        "begin": {
          "x": 1779,
          "y": 1911
        },
        "end": {
          "x": 1748.5,
          "y": 1944
        }
      },
      {
        "type": "Q",
        "begin": {
          "x": 1718,
          "y": 1977
        },
        "end": {
          "x": 1687,
          "y": 1976
        }
      },
      {
        "type": "Q",
        "begin": {
          "x": 1643,
          "y": 1976
        },
        "end": {
          "x": 1611.5,
          "y": 1923
        }
      },
      {
        "type": "Q",
        "begin": {
          "x": 1580,
          "y": 1870
        },
        "end": {
          "x": 1565,
          "y": 1820
        }
      },
      {
        "type": "L",
        "x": 1536,
        "y": 1728
      },
      {
        "type": "L",
        "x": 1493,
        "y": 1593
      }
    ],
    "track": [
      {
        "x": 1465,
        "y": 1385
      },
      {
        "x": 1710,
        "y": 1880
      }
    ]
  }
]
