[
  {
    "outline": [
      {
        "type": "M",
        "x": 678,
        "y": 551
      },
      {
        "type": "L",
        "x": 636,
        "y": 423
      },
      {
        "type": "Q",
        "begin": {
          "x": 620,
          "y": 376
        },
        "end": {
          "x": 611.5,
          "y": 369.5
        }
      },
      {
        "type": "Q",
        "begin": {
          "x": 603,
          "y": 363
        },
        "end": {
          "x": 583,
          "y": 361
        }
      },
      {
        "type": "Q",
        "begin": {
          "x": 554,
          "y": 359
        },
        "end": {
          "x": 491.5,
          "y": 374
        }
      },
      {
        "type": "Q",
        "begin": {
          "x": 429,
          "y": 389
        },
        "end": {
          "x": 405.5,
          "y": 399
        }
      },
      {
        "type": "Q",
        "begin": {
          "x": 382,
          "y": 409
        },
        "end": {
          "x": 319,
          "y": 443.5
        }
      },
      {
        "type": "Q",
        "begin": {
          "x": 256,
          "y": 478
        },
        "end": {
          "x": 227,
          "y": 477
        }
      },
      {
        "type": "Q",
        "begin": {
          "x": 177,
          "y": 476
        },
        "end": {
          "x": 146.5,
          "y": 427.5
        }
      },
      {
        "type": "Q",
        "begin": {
          "x": 116,
          "y": 379
        },
        "end": {
          "x": 110.5,
          "y": 355.5
        }
      },
      {
        "type": "Q",
        "begin": {
          "x": 105,
          "y": 332
        },
        "end": {
          "x": 105,
          "y": 303
        }
      },
      {
        "type": "Q",
        "begin": {
          "x": 105,
          "y": 292
        },
        "end": {
          "x": 108.5,
          "y": 286.5
        }
      },
      {
        "type": "Q",
        "begin": {
          "x": 112,
          "y": 281
        },
        "end": {
          "x": 122.5,
          "y": 279
        }
      },
      {
        "type": "Q",
        "begin": {
          "x": 133,
          "y": 277
        },
        "end": {
          "x": 159,
          "y": 276.5
        }
      },
      {
        "type": "Q",
        "begin": {
          "x": 185,
          "y": 276
        },
        "end": {
          "x": 260.5,
          "y": 269.5
        }
      },
      {
        "type": "Q",
        "begin": {
          "x": 336,
          "y": 263
        },
        "end": {
          "x": 447.5,
          "y": 229.5
        }
      },
      {
        "type": "Q",
        "begin": {
          "x": 559,
          "y": 196
        },
        "end": {
          "x": 608.5,
          "y": 173
        }
      },
      {
        "type": "Q",
        "begin": {
          "x": 658,
          "y": 150
        },
        "end": {
          "x": 678,
          "y": 148
        }
      },
      {
        "type": "Q",
        "begin": {
          "x": 723,
          "y": 145
        },
        "end": {
          "x": 745,
          "y": 177
        }
      },
      {
        "type": "Q",
        "begin": {
          "x": 767,
          "y": 209
        },
        "end": {
          "x": 792,
          "y": 326.5
        }
      },
      {
        "type": "Q",
        "begin": {
          "x": 817,
          "y": 444
        },
        "end": {
          "x": 877.5,
          "y": 592.5
        }
      },
      {
        "type": "Q",
        "begin": {
          "x": 938,
          "y": 741
        },
        "end": {
          "x": 1041,
          "y": 909.5
        }
      },
      {
        "type": "Q",
        "begin": {
          "x": 1144,
          "y": 1078
        },
        "end": {
          "x": 1238.5,
          "y": 1209
        }
      },
      {
        "type": "Q",
        "begin": {
          "x": 1333,
          "y": 1340
        },
        "end": {
          "x": 1441.5,
          "y": 1437
        }
      },
      {
        "type": "Q",
        "begin": {
          "x": 1550,
          "y": 1534
        },
        "end": {
          "x": 1625,
          "y": 1593
        }
      },
      {
        "type": "Q",
        "begin": {
          "x": 1700,
          "y": 1652
        },
        "end": {
          "x": 1749,
          "y": 1684
        }
      },
      {
        "type": "L",
        "x": 1868,
        "y": 1763
      },
      {
        "type": "L",
        "x": 1928,
        "y": 1808
      },
      {
        "type": "Q",
        "begin": {
          "x": 1943,
          "y": 1820
        },
        "end": {
          "x": 1941.5,
          "y": 1835
        }
      },
      {
        "type": "Q",
        "begin": {
          "x": 1940,
          "y": 1850
        },
        "end": {
          "x": 1914,
          "y": 1852
        }
      },
      {
        "type": "L",
        "x": 1846,
        "y": 1859
      },
      {
        "type": "L",
        "x": 1769,
        "y": 1868
      },
      {
        "type": "L",
        "x": 1715,
        "y": 1874
      },
      {
        "type": "Q",
        "begin": {
          "x": 1686,
          "y": 1878
        },
        "end": {
          "x": 1639,
          "y": 1890
        }
      },
      {
        "type": "Q",
        "begin": {
          "x": 1592,
          "y": 1902
        },
        "end": {
          "x": 1579,
          "y": 1901
        }
      },
      {
        "type": "Q",
        "begin": {
          "x": 1545,
          "y": 1901
        },
        "end": {
          "x": 1506.5,
          "y": 1872.5
        }
      },
      {
        "type": "Q",
        "begin": {
          "x": 1468,
          "y": 1844
        },
        "end": {
          "x": 1447,
          "y": 1820
        }
      },
      {
        "type": "L",
        "x": 1332,
        "y": 1695
      },
      {
        "type": "Q",
        "begin": {
          "x": 1278,
          "y": 1638
        },
        "end": {
          "x": 1194.5,
          "y": 1526.5
        }
      },
      {
        "type": "Q",
        "begin": {
          "x": 1111,
          "y": 1415
        },
        "end": {
          "x": 1033,
          "y": 1294
        }
      },
      {
        "type": "Q",
        "begin": {
          "x": 955,
          "y": 1173
        },
        "end": {
          "x": 911,
          "y": 1092.5
        }
      },
      {
        "type": "Q",
        "begin": {
          "x": 867,
          "y": 1012
        },
        "end": {
          "x": 796,
          "y": 854
        }
      },
      {
        "type": "Q",
        "begin": {
          "x": 725,
          "y": 696
        },
        "end": {
          "x": 678,
          "y": 551
        }
      }
    ],
    "track": [
      {
        "x": 195,
        "y": 380
      },
      {
        "x": 665,
        "y": 260
      },
      {
        "x": 820,
        "y": 745
      },
      {
        "x": 1250,
        "y": 1445
      },
      {
        "x": 1625,
        "y": 1780,
        "size": 165
      },
      {
        "x": 2055,
        "y": 1865
      }
    ]
  }
]
