<?xml version="1.0" encoding="UTF-8"?>
<Word version="1.0">
  <Stroke>
    <Outline>
      <MoveTo x="1068.0" y="1244.0" />
      <QuadTo flexible="false" x1="1188.0" y1="1121.0" x2="1250.0" y2="1047.0" />
      <QuadTo flexible="false" x1="1312.0" y1="973.0" x2="1386.5" y2="874.5" />
      <QuadTo flexible="false" x1="1461.0" y1="776.0" x2="1473.0" y2="744.0" />
      <QuadTo flexible="false" x1="1485.0" y1="712.0" x2="1485.0" y2="692.0" />
      <QuadTo flexible="false" x1="1484.0" y1="669.0" x2="1466.0" y2="651.5" />
      <QuadTo flexible="false" x1="1448.0" y1="634.0" x2="1344.0" y2="646.0" />
      <LineTo flexible="false" x="1139.0" y="670.0" />
      <QuadTo flexible="false" x1="1112.0" y1="674.0" x2="960.0" y2="695.5" />
      <QuadTo flexible="false" x1="808.0" y1="717.0" x2="751.5" y2="730.5" />
      <QuadTo flexible="false" x1="695.0" y1="744.0" x2="659.0" y2="755.0" />
      <LineTo flexible="false" x="573.0" y="783.0" />
      <QuadTo flexible="false" x1="531.0" y1="795.0" x2="517.0" y2="794.0" />
      <QuadTo flexible="false" x1="473.0" y1="792.0" x2="446.0" y2="740.0" />
      <QuadTo flexible="false" x1="419.0" y1="688.0" x2="420.0" y2="670.0" />
      <QuadTo flexible="false" x1="420.0" y1="657.0" x2="426.5" y2="646.5" />
      <QuadTo flexible="false" x1="433.0" y1="636.0" x2="455.0" y2="613.5" />
      <QuadTo flexible="false" x1="477.0" y1="591.0" x2="538.5" y2="517.5" />
      <QuadTo flexible="false" x1="600.0" y1="444.0" x2="644.0" y2="378.5" />
      <QuadTo flexible="false" x1="688.0" y1="313.0" x2="703.5" y2="284.5" />
      <QuadTo flexible="false" x1="719.0" y1="256.0" x2="734.0" y2="223.0" />
      <LineTo flexible="false" x="758.0" y="170.0" />
      <QuadTo flexible="false" x1="768.0" y1="148.0" x2="787.0" y2="146.0" />
      <QuadTo flexible="false" x1="805.0" y1="145.0" x2="847.5" y2="168.0" />
      <QuadTo flexible="false" x1="890.0" y1="191.0" x2="904.5" y2="216.5" />
      <QuadTo flexible="false" x1="919.0" y1="242.0" x2="918.0" y2="256.0" />
      <QuadTo flexible="false" x1="916.0" y1="270.0" x2="884.0" y2="306.0" />
      <QuadTo flexible="false" x1="852.0" y1="342.0" x2="840.5" y2="356.0" />
      <QuadTo flexible="false" x1="829.0" y1="370.0" x2="817.0" y2="387.0" />
      <LineTo flexible="false" x="773.0" y="449.0" />
      <QuadTo flexible="false" x1="722.0" y1="520.0" x2="680.0" y2="570.0" />
      <LineTo flexible="false" x="653.0" y="602.0" />
      <QuadTo flexible="false" x1="638.0" y1="619.0" x2="640.5" y2="623.5" />
      <QuadTo flexible="false" x1="643.0" y1="628.0" x2="660.0" y2="625.0" />
      <LineTo flexible="false" x="743.0" y="612.0" />
      <LineTo flexible="false" x="1153.0" y="551.0" />
      <QuadTo flexible="false" x1="1204.0" y1="544.0" x2="1304.0" y2="530.5" />
      <QuadTo flexible="false" x1="1404.0" y1="517.0" x2="1463.0" y2="504.0" />
      <QuadTo flexible="false" x1="1522.0" y1="491.0" x2="1532.0" y2="490.0" />
      <QuadTo flexible="false" x1="1563.0" y1="490.0" x2="1593.5" y2="512.0" />
      <QuadTo flexible="false" x1="1624.0" y1="534.0" x2="1661.5" y2="568.0" />
      <QuadTo flexible="false" x1="1699.0" y1="602.0" x2="1714.0" y2="622.0" />
      <QuadTo flexible="false" x1="1729.0" y1="642.0" x2="1729.5" y2="664.5" />
      <QuadTo flexible="false" x1="1730.0" y1="687.0" x2="1714.0" y2="714.0" />
      <QuadTo flexible="false" x1="1706.0" y1="727.0" x2="1677.0" y2="761.0" />
      <QuadTo flexible="false" x1="1648.0" y1="795.0" x2="1627.0" y2="822.0" />
      <LineTo flexible="false" x="1571.0" y="898.0" />
      <QuadTo flexible="false" x1="1505.0" y1="987.0" x2="1442.5" y2="1068.5" />
      <QuadTo flexible="false" x1="1380.0" y1="1150.0" x2="1216.0" y2="1323.0" />
      <LineTo flexible="true" x="1108.0" y="1430.0" />
      <QuadTo flexible="false" x1="937.0" y1="1571.0" x2="821.0" y2="1649.5" />
      <QuadTo flexible="false" x1="705.0" y1="1728.0" x2="542.0" y2="1793.0" />
      <QuadTo flexible="false" x1="379.0" y1="1858.0" x2="306.0" y2="1870.0" />
      <LineTo flexible="false" x="270.0" y="1876.0" />
      <QuadTo flexible="false" x1="252.0" y1="1879.0" x2="245.5" y2="1876.0" />
      <QuadTo flexible="false" x1="239.0" y1="1873.0" x2="237.5" y2="1867.0" />
      <QuadTo flexible="false" x1="236.0" y1="1861.0" x2="250.0" y2="1853.0" />
      <LineTo flexible="false" x="273.0" y="1842.0" />
      <QuadTo flexible="false" x1="429.0" y1="1768.0" x2="575.0" y2="1663.5" />
      <QuadTo flexible="false" x1="721.0" y1="1559.0" x2="798.0" y2="1496.5" />
      <QuadTo flexible="false" x1="875.0" y1="1434.0" x2="974.0" y2="1338.0" />
      <LineTo flexible="true" x="1068.0" y="1244.0" />
    </Outline>
    <Track>
      <MoveTo x="825.0" y="235.0" />
      <MoveTo x="515.0" y="700.0" />
      <MoveTo x="1525.0" y="570.0" />
      <MoveTo x="1615.0" y="660.0" />
      <MoveTo x="1050.0" y="1400.0" />
      <MoveTo x="415.0" y="1805.0" />
    </Track>
  </Stroke>
  <Stroke>
    <Outline>
      <MoveTo x="974.0" y="1338.0" />
      <LineTo flexible="false" x="542.0" y="1075.0" />
      <LineTo flexible="false" x="485.0" y="1037.0" />
      <QuadTo flexible="false" x1="472.0" y1="1029.0" x2="464.0" y2="1023.5" />
      <QuadTo flexible="false" x1="456.0" y1="1018.0" x2="456.5" y2="1009.0" />
      <QuadTo flexible="false" x1="457.0" y1="1000.0" x2="481.0" y2="1004.0" />
      <QuadTo flexible="false" x1="516.0" y1="1011.0" x2="561.0" y2="1027.0" />
      <LineTo flexible="false" x="612.0" y="1046.0" />
      <QuadTo flexible="false" x1="720.0" y1="1087.0" x2="1068.0" y2="1244.0" />
      <LineTo flexible="true" x="1216.0" y="1323.0" />
      <LineTo flexible="false" x="1478.0" y="1453.0" />
      <QuadTo flexible="false" x1="1662.0" y1="1545.0" x2="1705.0" y2="1578.5" />
      <QuadTo flexible="false" x1="1748.0" y1="1612.0" x2="1768.5" y2="1642.0" />
      <QuadTo flexible="false" x1="1789.0" y1="1672.0" x2="1799.5" y2="1725.0" />
      <QuadTo flexible="false" x1="1810.0" y1="1778.0" x2="1810.0" y2="1814.0" />
      <QuadTo flexible="false" x1="1809.0" y1="1846.0" x2="1800.0" y2="1873.5" />
      <QuadTo flexible="false" x1="1791.0" y1="1901.0" x2="1760.0" y2="1902.0" />
      <QuadTo flexible="false" x1="1717.0" y1="1904.0" x2="1677.5" y2="1874.0" />
      <QuadTo flexible="false" x1="1638.0" y1="1844.0" x2="1604.5" y2="1815.0" />
      <QuadTo flexible="false" x1="1571.0" y1="1786.0" x2="1519.5" y2="1739.0" />
      <QuadTo flexible="false" x1="1468.0" y1="1692.0" x2="1404.5" y2="1642.0" />
      <QuadTo flexible="false" x1="1341.0" y1="1592.0" x2="1108.0" y2="1430.0" />
      <LineTo flexible="true" x="974.0" y="1338.0" />
    </Outline>
    <Track>
      <MoveTo x="575.0" y="1055.0" />
      <MoveTo x="1695.0" y="1705.0" />
    </Track>
  </Stroke>
</Word>

