[
  {
    "outline": [
      {
        "type": "M",
        "x": 1068,
        "y": 1244
      },
      {
        "type": "Q",
        "begin": {
          "x": 1188,
          "y": 1121
        },
        "end": {
          "x": 1250,
          "y": 1047
        }
      },
      {
        "type": "Q",
        "begin": {
          "x": 1312,
          "y": 973
        },
        "end": {
          "x": 1386.5,
          "y": 874.5
        }
      },
      {
        "type": "Q",
        "begin": {
          "x": 1461,
          "y": 776
        },
        "end": {
          "x": 1473,
          "y": 744
        }
      },
      {
        "type": "Q",
        "begin": {
          "x": 1485,
          "y": 712
        },
        "end": {
          "x": 1485,
          "y": 692
        }
      },
      {
        "type": "Q",
        "begin": {
          "x": 1484,
          "y": 669
        },
        "end": {
          "x": 1466,
          "y": 651.5
        }
      },
      {
        "type": "Q",
        "begin": {
          "x": 1448,
          "y": 634
        },
        "end": {
          "x": 1344,
          "y": 646
        }
      },
      {
        "type": "L",
        "x": 1139,
        "y": 670
      },
      {
        "type": "Q",
        "begin": {
          "x": 1112,
          "y": 674
        },
        "end": {
          "x": 960,
          "y": 695.5
        }
      },
      {
        "type": "Q",
        "begin": {
          "x": 808,
          "y": 717
        },
        "end": {
          "x": 751.5,
          "y": 730.5
        }
      },
      {
        "type": "Q",
        "begin": {
          "x": 695,
          "y": 744
        },
        "end": {
          "x": 659,
          "y": 755
        }
      },
      {
        "type": "L",
        "x": 573,
        "y": 783
      },
      {
        "type": "Q",
        "begin": {
          "x": 531,
          "y": 795
        },
        "end": {
          "x": 517,
          "y": 794
        }
      },
      {
        "type": "Q",
        "begin": {
          "x": 473,
          "y": 792
        },
        "end": {
          "x": 446,
          "y": 740
        }
      },
      {
        "type": "Q",
        "begin": {
          "x": 419,
          "y": 688
        },
        "end": {
          "x": 420,
          "y": 670
        }
      },
      {
        "type": "Q",
        "begin": {
          "x": 420,
          "y": 657
        },
        "end": {
          "x": 426.5,
          "y": 646.5
        }
      },
      {
        "type": "Q",
        "begin": {
          "x": 433,
          "y": 636
        },
        "end": {
          "x": 455,
          "y": 613.5
        }
      },
      {
        "type": "Q",
        "begin": {
          "x": 477,
          "y": 591
        },
        "end": {
          "x": 538.5,
          "y": 517.5
        }
      },
      {
        "type": "Q",
        "begin": {
          "x": 600,
          "y": 444
        },
        "end": {
          "x": 644,
          "y": 378.5
        }
      },
      {
        "type": "Q",
        "begin": {
          "x": 688,
          "y": 313
        },
        "end": {
          "x": 703.5,
          "y": 284.5
        }
      },
      {
        "type": "Q",
        "begin": {
          "x": 719,
          "y": 256
        },
        "end": {
          "x": 734,
          "y": 223
        }
      },
      {
        "type": "L",
        "x": 758,
        "y": 170
      },
      {
        "type": "Q",
        "begin": {
          "x": 768,
          "y": 148
        },
        "end": {
          "x": 787,
          "y": 146
        }
      },
      {
        "type": "Q",
        "begin": {
          "x": 805,
          "y": 145
        },
        "end": {
          "x": 847.5,
          "y": 168
        }
      },
      {
        "type": "Q",
        "begin": {
          "x": 890,
          "y": 191
        },
        "end": {
          "x": 904.5,
          "y": 216.5
        }
      },
      {
        "type": "Q",
        "begin": {
          "x": 919,
          "y": 242
        },
        "end": {
          "x": 918,
          "y": 256
        }
      },
      {
        "type": "Q",
        "begin": {
          "x": 916,
          "y": 270
        },
        "end": {
          "x": 884,
          "y": 306
        }
      },
      {
        "type": "Q",
        "begin": {
          "x": 852,
          "y": 342
        },
        "end": {
          "x": 840.5,
          "y": 356
        }
      },
      {
        "type": "Q",
        "begin": {
          "x": 829,
          "y": 370
        },
        "end": {
          "x": 817,
          "y": 387
        }
      },
      {
        "type": "L",
        "x": 773,
        "y": 449
      },
      {
        "type": "Q",
        "begin": {
          "x": 722,
          "y": 520
        },
        "end": {
          "x": 680,
          "y": 570
        }
      },
      {
        "type": "L",
        "x": 653,
        "y": 602
      },
      {
        "type": "Q",
        "begin": {
          "x": 638,
          "y": 619
        },
        "end": {
          "x": 640.5,
          "y": 623.5
        }
      },
      {
        "type": "Q",
        "begin": {
          "x": 643,
          "y": 628
        },
        "end": {
          "x": 660,
          "y": 625
        }
      },
      {
        "type": "L",
        "x": 743,
        "y": 612
      },
      {
        "type": "L",
        "x": 1153,
        "y": 551
      },
      {
        "type": "Q",
        "begin": {
          "x": 1204,
          "y": 544
        },
        "end": {
          "x": 1304,
          "y": 530.5
        }
      },
      {
        "type": "Q",
        "begin": {
          "x": 1404,
          "y": 517
        },
        "end": {
          "x": 1463,
          "y": 504
        }
      },
      {
        "type": "Q",
        "begin": {
          "x": 1522,
          "y": 491
        },
        "end": {
          "x": 1532,
          "y": 490
        }
      },
      {
        "type": "Q",
        "begin": {
          "x": 1563,
          "y": 490
        },
        "end": {
          "x": 1593.5,
          "y": 512
        }
      },
      {
        "type": "Q",
        "begin": {
          "x": 1624,
          "y": 534
        },
        "end": {
          "x": 1661.5,
          "y": 568
        }
      },
      {
        "type": "Q",
        "begin": {
          "x": 1699,
          "y": 602
        },
        "end": {
          "x": 1714,
          "y": 622
        }
      },
      {
        "type": "Q",
        "begin": {
          "x": 1729,
          "y": 642
        },
        "end": {
          "x": 1729.5,
          "y": 664.5
        }
      },
      {
        "type": "Q",
        "begin": {
          "x": 1730,
          "y": 687
        },
        "end": {
          "x": 1714,
          "y": 714
        }
      },
      {
        "type": "Q",
        "begin": {
          "x": 1706,
          "y": 727
        },
        "end": {
          "x": 1677,
          "y": 761
        }
      },
      {
        "type": "Q",
        "begin": {
          "x": 1648,
          "y": 795
        },
        "end": {
          "x": 1627,
          "y": 822
        }
      },
      {
        "type": "L",
        "x": 1571,
        "y": 898
      },
      {
        "type": "Q",
        "begin": {
          "x": 1505,
          "y": 987
        },
        "end": {
          "x": 1442.5,
          "y": 1068.5
        }
      },
      {
        "type": "Q",
        "begin": {
          "x": 1380,
          "y": 1150
        },
        "end": {
          "x": 1216,
          "y": 1323
        }
      },
      {
        "type": "L",
        "x": 1108,
        "y": 1430
      },
      {
        "type": "Q",
        "begin": {
          "x": 937,
          "y": 1571
        },
        "end": {
          "x": 821,
          "y": 1649.5
        }
      },
      {
        "type": "Q",
        "begin": {
          "x": 705,
          "y": 1728
        },
        "end": {
          "x": 542,
          "y": 1793
        }
      },
      {
        "type": "Q",
        "begin": {
          "x": 379,
          "y": 1858
        },
        "end": {
          "x": 306,
          "y": 1870
        }
      },
      {
        "type": "L",
        "x": 270,
        "y": 1876
      },
      {
        "type": "Q",
        "begin": {
          "x": 252,
          "y": 1879
        },
        "end": {
          "x": 245.5,
          "y": 1876
        }
      },
      {
        "type": "Q",
        "begin": {
          "x": 239,
          "y": 1873
        },
        "end": {
          "x": 237.5,
          "y": 1867
        }
      },
      {
        "type": "Q",
        "begin": {
          "x": 236,
          "y": 1861
        },
        "end": {
          "x": 250,
          "y": 1853
        }
      },
      {
        "type": "L",
        "x": 273,
        "y": 1842
      },
      {
        "type": "Q",
        "begin": {
          "x": 429,
          "y": 1768
        },
        "end": {
          "x": 575,
          "y": 1663.5
        }
      },
      {
        "type": "Q",
        "begin": {
          "x": 721,
          "y": 1559
        },
        "end": {
          "x": 798,
          "y": 1496.5
        }
      },
      {
        "type": "Q",
        "begin": {
          "x": 875,
          "y": 1434
        },
        "end": {
          "x": 974,
          "y": 1338
        }
      },
      {
        "type": "L",
        "x": 1068,
        "y": 1244
      }
    ],
    "track": [
      {
        "x": 825,
        "y": 235
      },
      {
        "x": 515,
        "y": 700
      },
      {
        "x": 1525,
        "y": 570
      },
      {
        "x": 1615,
        "y": 660
      },
      {
        "x": 1050,
        "y": 1400
      },
      {
        "x": 415,
        "y": 1805
      }
    ]
  },
  {
    "outline": [
      {
        "type": "M",
        "x": 974,
        "y": 1338
      },
      {
        "type": "L",
        "x": 542,
        "y": 1075
      },
      {
        "type": "L",
        "x": 485,
        "y": 1037
      },
      {
        "type": "Q",
        "begin": {
          "x": 472,
          "y": 1029
        },
        "end": {
          "x": 464,
          "y": 1023.5
        }
      },
      {
        "type": "Q",
        "begin": {
          "x": 456,
          "y": 1018
        },
        "end": {
          "x": 456.5,
          "y": 1009
        }
      },
      {
        "type": "Q",
        "begin": {
          "x": 457,
          "y": 1000
        },
        "end": {
          "x": 481,
          "y": 1004
        }
      },
      {
        "type": "Q",
        "begin": {
          "x": 516,
          "y": 1011
        },
        "end": {
          "x": 561,
          "y": 1027
        }
      },
      {
        "type": "L",
        "x": 612,
        "y": 1046
      },
      {
        "type": "Q",
        "begin": {
          "x": 720,
          "y": 1087
        },
        "end": {
          "x": 1068,
          "y": 1244
        }
      },
      {
        "type": "L",
        "x": 1216,
        "y": 1323
      },
      {
        "type": "L",
        "x": 1478,
        "y": 1453
      },
      {
        "type": "Q",
        "begin": {
          "x": 1662,
          "y": 1545
        },
        "end": {
          "x": 1705,
          "y": 1578.5
        }
      },
      {
        "type": "Q",
        "begin": {
          "x": 1748,
          "y": 1612
        },
        "end": {
          "x": 1768.5,
          "y": 1642
        }
      },
      {
        "type": "Q",
        "begin": {
          "x": 1789,
          "y": 1672
        },
        "end": {
          "x": 1799.5,
          "y": 1725
        }
      },
      {
        "type": "Q",
        "begin": {
          "x": 1810,
          "y": 1778
        },
        "end": {
          "x": 1810,
          "y": 1814
        }
      },
      {
        "type": "Q",
        "begin": {
          "x": 1809,
          "y": 1846
        },
        "end": {
          "x": 1800,
          "y": 1873.5
        }
      },
      {
        "type": "Q",
        "begin": {
          "x": 1791,
          "y": 1901
        },
        "end": {
          "x": 1760,
          "y": 1902
        }
      },
      {
        "type": "Q",
        "begin": {
          "x": 1717,
          "y": 1904
        },
        "end": {
          "x": 1677.5,
          "y": 1874
        }
      },
      {
        "type": "Q",
        "begin": {
          "x": 1638,
          "y": 1844
        },
        "end": {
          "x": 1604.5,
          "y": 1815
        }
      },
      {
        "type": "Q",
        "begin": {
          "x": 1571,
          "y": 1786
        },
        "end": {
          "x": 1519.5,
          "y": 1739
        }
      },
      {
        "type": "Q",
        "begin": {
          "x": 1468,
          "y": 1692
        },
        "end": {
          "x": 1404.5,
          "y": 1642
        }
      },
      {
        "type": "Q",
        "begin": {
          "x": 1341,
          "y": 1592
        },
        "end": {
          "x": 1108,
          "y": 1430
        }
      },
      {
        "type": "L",
        "x": 974,
        "y": 1338
      }
    ],
    "track": [
      {
        "x": 575,
        "y": 1055
      },
      {
        "x": 1695,
        "y": 1705
      }
    ]
  }
]
