<?xml version="1.0" encoding="UTF-8"?>
<Word version="1.0" unicode="ˊ">
  <Stroke>
    <Outline>
      <MoveTo x="1467.22" y="590.73" />
      <CubicTo flexible="false" x1="1481.04" y1="605.8" x2="1477.08" y2="628.51" x3="1471.17" y3="637.84" />
      <CubicTo flexible="false" x1="1465.5" y1="646.8" x2="1191.96" y2="970.51" x3="1146.03" y3="1025" />
      <CubicTo flexible="false" x1="1100.01" y1="1079.62" x2="877.42" y2="1348.9" x3="847.16" y3="1386.91" />
      <CubicTo flexible="false" x1="816.38" y1="1425.57" x2="780.61" y2="1461.96" x3="768.68" y3="1468.63" />
      <CubicTo flexible="false" x1="752.99" y1="1477.4" x2="728.84" y2="1477.99" x3="712.61" y3="1471.71" />
      <CubicTo flexible="false" x1="694" y1="1464.52" x2="657.6" y2="1429.65" x3="646.64" y3="1418.87" />
      <CubicTo flexible="false" x1="635.69" y1="1408.09" x2="582.46" y2="1351.15" x3="573.71" y3="1339.6" />
      <CubicTo flexible="false" x1="566.87" y1="1330.57" x2="566.83" y2="1312.12" x3="574.56" y3="1302.63" />
      <CubicTo flexible="false" x1="582.75" y1="1292.58" x2="724.89" y2="1196.62" x3="755.65" y3="1170.92" />
      <CubicTo flexible="false" x1="786.4" y1="1145.22" x2="995.74" y2="979.39" x3="1050.72" y3="932.24" />
      <CubicTo flexible="false" x1="1106.77" y1="884.16" x2="1308.16" y2="696.35" x3="1335.64" y3="668.73" />
      <CubicTo flexible="false" x1="1363.57" y1="640.64" x2="1405.32" y2="600.32" x3="1417.28" y3="591.76" />
      <CubicTo flexible="false" x1="1431.71" y1="581.43" x2="1454.4" y2="576.75" x3="1467.22" y3="590.73" />
    </Outline>
    <Track>
      <MoveTo x="693.66" y="1361.85" />
      <MoveTo x="1443.74" y="619.55" />
    </Track>
  </Stroke>
</Word>