[
  {
    "outline": [
      {
        "type": "M",
        "x": 1645,
        "y": 1673.5
      },
      {
        "type": "Q",
        "begin": {
          "x": 1627,
          "y": 1667
        },
        "end": {
          "x": 1607,
          "y": 1666
        }
      },
      {
        "type": "L",
        "x": 1551,
        "y": 1670
      },
      {
        "type": "L",
        "x": 1362,
        "y": 1683
      },
      {
        "type": "L",
        "x": 1012,
        "y": 1720
      },
      {
        "type": "Q",
        "begin": {
          "x": 881,
          "y": 1734
        },
        "end": {
          "x": 816,
          "y": 1742.5
        }
      },
      {
        "type": "Q",
        "begin": {
          "x": 751,
          "y": 1751
        },
        "end": {
          "x": 626.5,
          "y": 1772
        }
      },
      {
        "type": "Q",
        "begin": {
          "x": 502,
          "y": 1793
        },
        "end": {
          "x": 467.5,
          "y": 1809
        }
      },
      {
        "type": "Q",
        "begin": {
          "x": 433,
          "y": 1825
        },
        "end": {
          "x": 392,
          "y": 1848
        }
      },
      {
        "type": "Q",
        "begin": {
          "x": 351,
          "y": 1871
        },
        "end": {
          "x": 326,
          "y": 1874.5
        }
      },
      {
        "type": "Q",
        "begin": {
          "x": 301,
          "y": 1878
        },
        "end": {
          "x": 237,
          "y": 1837
        }
      },
      {
        "type": "Q",
        "begin": {
          "x": 176,
          "y": 1800
        },
        "end": {
          "x": 147.5,
          "y": 1777
        }
      },
      {
        "type": "Q",
        "begin": {
          "x": 119,
          "y": 1754
        },
        "end": {
          "x": 107.5,
          "y": 1733
        }
      },
      {
        "type": "Q",
        "begin": {
          "x": 96,
          "y": 1712
        },
        "end": {
          "x": 95.5,
          "y": 1695
        }
      },
      {
        "type": "Q",
        "begin": {
          "x": 95,
          "y": 1678
        },
        "end": {
          "x": 97,
          "y": 1655
        }
      },
      {
        "type": "Q",
        "begin": {
          "x": 101,
          "y": 1616
        },
        "end": {
          "x": 104.5,
          "y": 1588.5
        }
      },
      {
        "type": "Q",
        "begin": {
          "x": 108,
          "y": 1561
        },
        "end": {
          "x": 109,
          "y": 1534
        }
      },
      {
        "type": "L",
        "x": 137,
        "y": 736
      },
      {
        "type": "Q",
        "begin": {
          "x": 139,
          "y": 654
        },
        "end": {
          "x": 139.5,
          "y": 617.5
        }
      },
      {
        "type": "Q",
        "begin": {
          "x": 140,
          "y": 581
        },
        "end": {
          "x": 137,
          "y": 523
        }
      },
      {
        "type": "Q",
        "begin": {
          "x": 134,
          "y": 476
        },
        "end": {
          "x": 127,
          "y": 441.5
        }
      },
      {
        "type": "Q",
        "begin": {
          "x": 120,
          "y": 407
        },
        "end": {
          "x": 117,
          "y": 372
        }
      },
      {
        "type": "Q",
        "begin": {
          "x": 114,
          "y": 337
        },
        "end": {
          "x": 180,
          "y": 329
        }
      },
      {
        "type": "Q",
        "begin": {
          "x": 203,
          "y": 327
        },
        "end": {
          "x": 284,
          "y": 348.5
        }
      },
      {
        "type": "Q",
        "begin": {
          "x": 365,
          "y": 370
        },
        "end": {
          "x": 387.5,
          "y": 409
        }
      },
      {
        "type": "Q",
        "begin": {
          "x": 410,
          "y": 448
        },
        "end": {
          "x": 411,
          "y": 470
        }
      },
      {
        "type": "Q",
        "begin": {
          "x": 412,
          "y": 492
        },
        "end": {
          "x": 407,
          "y": 534
        }
      },
      {
        "type": "Q",
        "begin": {
          "x": 402,
          "y": 566
        },
        "end": {
          "x": 397,
          "y": 645
        }
      },
      {
        "type": "Q",
        "begin": {
          "x": 392,
          "y": 724
        },
        "end": {
          "x": 389,
          "y": 796
        }
      },
      {
        "type": "L",
        "x": 353,
        "y": 1528
      },
      {
        "type": "Q",
        "begin": {
          "x": 350,
          "y": 1577
        },
        "end": {
          "x": 369.5,
          "y": 1601.5
        }
      },
      {
        "type": "Q",
        "begin": {
          "x": 389,
          "y": 1626
        },
        "end": {
          "x": 537,
          "y": 1608
        }
      },
      {
        "type": "L",
        "x": 1030,
        "y": 1547
      },
      {
        "type": "L",
        "x": 1685,
        "y": 1472
      },
      {
        "type": "Q",
        "begin": {
          "x": 1775,
          "y": 1532.75
        },
        "end": {
          "x": 1645,
          "y": 1673.5
        }
      }
    ],
    "track": [
      {
        "x": 260,
        "y": 410
      },
      {
        "x": 240,
        "y": 1730
      },
      {
        "x": 1700,
        "y": 1550
      }
    ]
  },
  {
    "outline": [
      {
        "type": "M",
        "x": 1685,
        "y": 1472
      },
      {
        "type": "L",
        "x": 1687,
        "y": 1252
      },
      {
        "type": "Q",
        "begin": {
          "x": 1688,
          "y": 1116
        },
        "end": {
          "x": 1685,
          "y": 1029
        }
      },
      {
        "type": "L",
        "x": 1676,
        "y": 856
      },
      {
        "type": "Q",
        "begin": {
          "x": 1666,
          "y": 668
        },
        "end": {
          "x": 1662.5,
          "y": 622
        }
      },
      {
        "type": "Q",
        "begin": {
          "x": 1659,
          "y": 576
        },
        "end": {
          "x": 1647.5,
          "y": 497
        }
      },
      {
        "type": "Q",
        "begin": {
          "x": 1636,
          "y": 418
        },
        "end": {
          "x": 1621.5,
          "y": 361.5
        }
      },
      {
        "type": "Q",
        "begin": {
          "x": 1607,
          "y": 305
        },
        "end": {
          "x": 1604.5,
          "y": 281
        }
      },
      {
        "type": "Q",
        "begin": {
          "x": 1602,
          "y": 257
        },
        "end": {
          "x": 1611.5,
          "y": 237
        }
      },
      {
        "type": "Q",
        "begin": {
          "x": 1621,
          "y": 217
        },
        "end": {
          "x": 1662,
          "y": 196.5
        }
      },
      {
        "type": "Q",
        "begin": {
          "x": 1703,
          "y": 176
        },
        "end": {
          "x": 1748,
          "y": 176
        }
      },
      {
        "type": "Q",
        "begin": {
          "x": 1791,
          "y": 177
        },
        "end": {
          "x": 1831,
          "y": 198.5
        }
      },
      {
        "type": "Q",
        "begin": {
          "x": 1871,
          "y": 220
        },
        "end": {
          "x": 1889,
          "y": 250
        }
      },
      {
        "type": "Q",
        "begin": {
          "x": 1907,
          "y": 280
        },
        "end": {
          "x": 1913.5,
          "y": 327
        }
      },
      {
        "type": "Q",
        "begin": {
          "x": 1920,
          "y": 374
        },
        "end": {
          "x": 1922.5,
          "y": 449.5
        }
      },
      {
        "type": "Q",
        "begin": {
          "x": 1925,
          "y": 525
        },
        "end": {
          "x": 1927,
          "y": 597
        }
      },
      {
        "type": "L",
        "x": 1936,
        "y": 1246
      },
      {
        "type": "L",
        "x": 1939,
        "y": 1408
      },
      {
        "type": "Q",
        "begin": {
          "x": 1939,
          "y": 1466
        },
        "end": {
          "x": 1940.5,
          "y": 1493
        }
      },
      {
        "type": "Q",
        "begin": {
          "x": 1942,
          "y": 1520
        },
        "end": {
          "x": 1947,
          "y": 1576
        }
      },
      {
        "type": "Q",
        "begin": {
          "x": 1952,
          "y": 1632
        },
        "end": {
          "x": 1952,
          "y": 1658
        }
      },
      {
        "type": "Q",
        "begin": {
          "x": 1951,
          "y": 1703
        },
        "end": {
          "x": 1933.5,
          "y": 1756.5
        }
      },
      {
        "type": "Q",
        "begin": {
          "x": 1916,
          "y": 1810
        },
        "end": {
          "x": 1840,
          "y": 1807
        }
      },
      {
        "type": "Q",
        "begin": {
          "x": 1825,
          "y": 1807
        },
        "end": {
          "x": 1810,
          "y": 1801.5
        }
      },
      {
        "type": "Q",
        "begin": {
          "x": 1795,
          "y": 1796
        },
        "end": {
          "x": 1771,
          "y": 1775
        }
      },
      {
        "type": "L",
        "x": 1691,
        "y": 1703
      },
      {
        "type": "Q",
        "begin": {
          "x": 1483,
          "y": 1557.5
        },
        "end": {
          "x": 1685,
          "y": 1472
        }
      }
    ],
    "track": [
      {
        "x": 1753,
        "y": 283
      },
      {
        "x": 1830,
        "y": 1680
      },
      {
        "x": 1665,
        "y": 1585
      }
    ]
  }
]
