<?xml version="1.0" encoding="UTF-8"?>
<Word version="1.0">
  <Stroke>
    <Outline>
      <MoveTo x="1645.0" y="1673.5" />
      <QuadTo flexible="false" x1="1627.0" y1="1667.0" x2="1607.0" y2="1666.0" />
      <LineTo flexible="false" x="1551.0" y="1670.0" />
      <LineTo flexible="false" x="1362.0" y="1683.0" />
      <LineTo flexible="false" x="1012.0" y="1720.0" />
      <QuadTo flexible="false" x1="881.0" y1="1734.0" x2="816.0" y2="1742.5" />
      <QuadTo flexible="false" x1="751.0" y1="1751.0" x2="626.5" y2="1772.0" />
      <QuadTo flexible="false" x1="502.0" y1="1793.0" x2="467.5" y2="1809.0" />
      <QuadTo flexible="false" x1="433.0" y1="1825.0" x2="392.0" y2="1848.0" />
      <QuadTo flexible="false" x1="351.0" y1="1871.0" x2="326.0" y2="1874.5" />
      <QuadTo flexible="false" x1="301.0" y1="1878.0" x2="237.0" y2="1837.0" />
      <QuadTo flexible="false" x1="176.0" y1="1800.0" x2="147.5" y2="1777.0" />
      <QuadTo flexible="false" x1="119.0" y1="1754.0" x2="107.5" y2="1733.0" />
      <QuadTo flexible="false" x1="96.0" y1="1712.0" x2="95.5" y2="1695.0" />
      <QuadTo flexible="false" x1="95.0" y1="1678.0" x2="97.0" y2="1655.0" />
      <QuadTo flexible="false" x1="101.0" y1="1616.0" x2="104.5" y2="1588.5" />
      <QuadTo flexible="false" x1="108.0" y1="1561.0" x2="109.0" y2="1534.0" />
      <LineTo flexible="false" x="137.0" y="736.0" />
      <QuadTo flexible="false" x1="139.0" y1="654.0" x2="139.5" y2="617.5" />
      <QuadTo flexible="false" x1="140.0" y1="581.0" x2="137.0" y2="523.0" />
      <QuadTo flexible="false" x1="134.0" y1="476.0" x2="127.0" y2="441.5" />
      <QuadTo flexible="false" x1="120.0" y1="407.0" x2="117.0" y2="372.0" />
      <QuadTo flexible="false" x1="114.0" y1="337.0" x2="180.0" y2="329.0" />
      <QuadTo flexible="false" x1="203.0" y1="327.0" x2="284.0" y2="348.5" />
      <QuadTo flexible="false" x1="365.0" y1="370.0" x2="387.5" y2="409.0" />
      <QuadTo flexible="false" x1="410.0" y1="448.0" x2="411.0" y2="470.0" />
      <QuadTo flexible="false" x1="412.0" y1="492.0" x2="407.0" y2="534.0" />
      <QuadTo flexible="false" x1="402.0" y1="566.0" x2="397.0" y2="645.0" />
      <QuadTo flexible="false" x1="392.0" y1="724.0" x2="389.0" y2="796.0" />
      <LineTo flexible="false" x="353.0" y="1528.0" />
      <QuadTo flexible="false" x1="350.0" y1="1577.0" x2="369.5" y2="1601.5" />
      <QuadTo flexible="false" x1="389.0" y1="1626.0" x2="537.0" y2="1608.0" />
      <LineTo flexible="false" x="1030.0" y="1547.0" />
      <LineTo flexible="false" x="1685.0" y="1472.0" />
      <QuadTo flexible="true" x1="1775.0" y1="1532.75" x2="1645.0" y2="1673.5" />
    </Outline>
    <Track>
      <MoveTo x="260.0" y="410.0" />
      <MoveTo x="240.0" y="1730.0" />
      <MoveTo x="1700.0" y="1550.0" />
    </Track>
  </Stroke>
  <Stroke>
    <Outline>
      <MoveTo x="1685.0" y="1472.0" />
      <LineTo flexible="false" x="1687.0" y="1252.0" />
      <QuadTo flexible="false" x1="1688.0" y1="1116.0" x2="1685.0" y2="1029.0" />
      <LineTo flexible="false" x="1676.0" y="856.0" />
      <QuadTo flexible="false" x1="1666.0" y1="668.0" x2="1662.5" y2="622.0" />
      <QuadTo flexible="false" x1="1659.0" y1="576.0" x2="1647.5" y2="497.0" />
      <QuadTo flexible="false" x1="1636.0" y1="418.0" x2="1621.5" y2="361.5" />
      <QuadTo flexible="false" x1="1607.0" y1="305.0" x2="1604.5" y2="281.0" />
      <QuadTo flexible="false" x1="1602.0" y1="257.0" x2="1611.5" y2="237.0" />
      <QuadTo flexible="false" x1="1621.0" y1="217.0" x2="1662.0" y2="196.5" />
      <QuadTo flexible="false" x1="1703.0" y1="176.0" x2="1748.0" y2="176.0" />
      <QuadTo flexible="false" x1="1791.0" y1="177.0" x2="1831.0" y2="198.5" />
      <QuadTo flexible="false" x1="1871.0" y1="220.0" x2="1889.0" y2="250.0" />
      <QuadTo flexible="false" x1="1907.0" y1="280.0" x2="1913.5" y2="327.0" />
      <QuadTo flexible="false" x1="1920.0" y1="374.0" x2="1922.5" y2="449.5" />
      <QuadTo flexible="false" x1="1925.0" y1="525.0" x2="1927.0" y2="597.0" />
      <LineTo flexible="false" x="1936.0" y="1246.0" />
      <LineTo flexible="false" x="1939.0" y="1408.0" />
      <QuadTo flexible="false" x1="1939.0" y1="1466.0" x2="1940.5" y2="1493.0" />
      <QuadTo flexible="false" x1="1942.0" y1="1520.0" x2="1947.0" y2="1576.0" />
      <QuadTo flexible="false" x1="1952.0" y1="1632.0" x2="1952.0" y2="1658.0" />
      <QuadTo flexible="false" x1="1951.0" y1="1703.0" x2="1933.5" y2="1756.5" />
      <QuadTo flexible="false" x1="1916.0" y1="1810.0" x2="1840.0" y2="1807.0" />
      <QuadTo flexible="false" x1="1825.0" y1="1807.0" x2="1810.0" y2="1801.5" />
      <QuadTo flexible="false" x1="1795.0" y1="1796.0" x2="1771.0" y2="1775.0" />
      <LineTo flexible="false" x="1691.0" y="1703.0" />
      <QuadTo flexible="true" x1="1483.0" y1="1557.5" x2="1685.0" y2="1472.0" />
    </Outline>
    <Track>
      <MoveTo x="1753.0" y="283.0" />
      <MoveTo x="1830.0" y="1680.0" />
      <MoveTo x="1665.0" y="1585.0" />
    </Track>
  </Stroke>
</Word>

