<?xml version="1.0" encoding="UTF-8"?>
<Word version="1.0">
  <Stroke>
    <Outline>
      <MoveTo x="1158.0" y="498.0" />
      <LineTo flexible="false" x="1597.0" y="459.0" />
      <LineTo flexible="false" x="1770.0" y="445.0" />
      <QuadTo flexible="false" x1="1840.0" y1="440.0" x2="1861.0" y2="453.0" />
      <QuadTo flexible="false" x1="1882.0" y1="466.0" x2="1894.0" y2="486.0" />
      <QuadTo flexible="false" x1="1906.0" y1="506.0" x2="1906.5" y2="537.0" />
      <QuadTo flexible="false" x1="1907.0" y1="568.0" x2="1888.5" y2="581.0" />
      <QuadTo flexible="false" x1="1870.0" y1="594.0" x2="1834.0" y2="596.0" />
      <LineTo flexible="false" x="1597.0" y="612.0" />
      <QuadTo flexible="false" x1="1585.0" y1="613.0" x2="1330.0" y2="634.0" />
      <LineTo flexible="false" x="1164.0" y="648.0" />
      <LineTo flexible="true" x="993.0" y="666.0" />
      <LineTo flexible="false" x="673.0" y="703.0" />
      <QuadTo flexible="false" x1="565.0" y1="716.0" x2="429.0" y2="744.5" />
      <QuadTo flexible="false" x1="293.0" y1="773.0" x2="278.0" y2="772.0" />
      <QuadTo flexible="false" x1="223.0" y1="772.0" x2="181.5" y2="728.5" />
      <QuadTo flexible="false" x1="140.0" y1="685.0" x2="140.0" y2="661.0" />
      <QuadTo flexible="false" x1="140.0" y1="637.0" x2="146.0" y2="627.0" />
      <QuadTo flexible="false" x1="161.0" y1="603.0" x2="257.0" y2="593.0" />
      <LineTo flexible="false" x="430.0" y="575.0" />
      <LineTo flexible="false" x="989.0" y="510.0" />
      <LineTo flexible="true" x="1158.0" y="498.0" />
    </Outline>
    <Track>
      <MoveTo x="270.0" y="675.0" />
      <MoveTo x="1780.0" y="510.0" />
    </Track>
  </Stroke>
  <Stroke>
    <Outline>
      <MoveTo x="989.0" y="510.0" />
      <LineTo flexible="false" x="989.0" y="379.0" />
      <QuadTo flexible="false" x1="989.0" y1="361.0" x2="985.5" y2="303.0" />
      <QuadTo flexible="false" x1="982.0" y1="245.0" x2="979.5" y2="221.0" />
      <QuadTo flexible="false" x1="977.0" y1="197.0" x2="969.0" y2="169.0" />
      <QuadTo flexible="false" x1="961.0" y1="141.0" x2="963.0" y2="130.0" />
      <QuadTo flexible="false" x1="967.0" y1="85.0" x2="1041.0" y2="86.0" />
      <QuadTo flexible="false" x1="1092.0" y1="87.0" x2="1120.0" y2="104.0" />
      <QuadTo flexible="false" x1="1148.0" y1="121.0" x2="1158.5" y2="138.0" />
      <QuadTo flexible="false" x1="1169.0" y1="155.0" x2="1169.5" y2="178.0" />
      <QuadTo flexible="false" x1="1170.0" y1="201.0" x2="1164.5" y2="250.0" />
      <QuadTo flexible="false" x1="1159.0" y1="299.0" x2="1159.0" y2="340.0" />
      <LineTo flexible="false" x="1158.0" y="498.0" />
      <LineTo flexible="true" x="1164.0" y="648.0" />
      <LineTo flexible="false" x="1153.0" y="1029.0" />
      <QuadTo flexible="false" x1="1152.0" y1="1055.0" x2="1137.5" y2="1081.0" />
      <QuadTo flexible="false" x1="1123.0" y1="1107.0" x2="997.0" y2="1115.0" />
      <LineTo flexible="false" x="907.0" y="1121.0" />
      <QuadTo flexible="false" x1="850.0" y1="1125.0" x2="767.0" y2="1144.0" />
      <QuadTo flexible="false" x1="684.0" y1="1163.0" x2="631.0" y2="1258.5" />
      <QuadTo flexible="false" x1="578.0" y1="1354.0" x2="579.0" y2="1429.0" />
      <QuadTo flexible="false" x1="579.0" y1="1508.0" x2="625.0" y2="1589.0" />
      <QuadTo flexible="false" x1="671.0" y1="1670.0" x2="782.0" y2="1732.5" />
      <QuadTo flexible="false" x1="893.0" y1="1795.0" x2="1073.0" y2="1794.0" />
      <QuadTo flexible="false" x1="1148.0" y1="1794.0" x2="1233.5" y2="1781.0" />
      <QuadTo flexible="false" x1="1319.0" y1="1768.0" x2="1401.0" y2="1735.5" />
      <QuadTo flexible="false" x1="1483.0" y1="1703.0" x2="1545.0" y2="1660.0" />
      <LineTo flexible="false" x="1640.0" y="1590.0" />
      <QuadTo flexible="false" x1="1714.0" y1="1542.0" x2="1749.5" y2="1565.0" />
      <QuadTo flexible="false" x1="1785.0" y1="1588.0" x2="1788.5" y2="1618.5" />
      <QuadTo flexible="false" x1="1792.0" y1="1649.0" x2="1776.0" y2="1685.0" />
      <QuadTo flexible="false" x1="1761.0" y1="1717.0" x2="1725.0" y2="1763.5" />
      <QuadTo flexible="false" x1="1689.0" y1="1810.0" x2="1506.0" y2="1885.5" />
      <QuadTo flexible="false" x1="1323.0" y1="1961.0" x2="1077.0" y2="1963.0" />
      <QuadTo flexible="false" x1="700.0" y1="1967.0" x2="539.0" y2="1788.5" />
      <QuadTo flexible="false" x1="378.0" y1="1610.0" x2="379.0" y2="1430.0" />
      <QuadTo flexible="false" x1="379.0" y1="1337.0" x2="412.0" y2="1262.5" />
      <QuadTo flexible="false" x1="445.0" y1="1188.0" x2="522.0" y2="1117.0" />
      <QuadTo flexible="false" x1="599.0" y1="1046.0" x2="682.0" y2="1027.0" />
      <QuadTo flexible="false" x1="765.0" y1="1008.0" x2="830.0" y2="999.0" />
      <LineTo flexible="false" x="923.0" y="987.0" />
      <QuadTo flexible="false" x1="951.0" y1="984.0" x2="965.0" y2="964.5" />
      <QuadTo flexible="false" x1="979.0" y1="945.0" x2="984.0" y2="857.0" />
      <LineTo flexible="false" x="993.0" y="666.0" />
      <LineTo flexible="true" x="989.0" y="510.0" />
    </Outline>
    <Track>
      <MoveTo x="1075.0" y="200.0" />
      <MoveTo x="1075.0" y="1005.0" />
      <MoveTo x="745.0" y="1075.0" />
      <MoveTo x="515.0" y="1250.0" />
      <MoveTo x="475.0" y="1550.0" />
      <MoveTo x="640.0" y="1795.0" />
      <MoveTo x="945.0" y="1880.0" />
      <MoveTo x="1415.0" y="1835.0" />
      <MoveTo x="1675.0" y="1675.0" />
    </Track>
  </Stroke>
</Word>

