[
  {
    "outline": [
      {
        "type": "M",
        "x": 1158,
        "y": 498
      },
      {
        "type": "L",
        "x": 1597,
        "y": 459
      },
      {
        "type": "L",
        "x": 1770,
        "y": 445
      },
      {
        "type": "Q",
        "begin": {
          "x": 1840,
          "y": 440
        },
        "end": {
          "x": 1861,
          "y": 453
        }
      },
      {
        "type": "Q",
        "begin": {
          "x": 1882,
          "y": 466
        },
        "end": {
          "x": 1894,
          "y": 486
        }
      },
      {
        "type": "Q",
        "begin": {
          "x": 1906,
          "y": 506
        },
        "end": {
          "x": 1906.5,
          "y": 537
        }
      },
      {
        "type": "Q",
        "begin": {
          "x": 1907,
          "y": 568
        },
        "end": {
          "x": 1888.5,
          "y": 581
        }
      },
      {
        "type": "Q",
        "begin": {
          "x": 1870,
          "y": 594
        },
        "end": {
          "x": 1834,
          "y": 596
        }
      },
      {
        "type": "L",
        "x": 1597,
        "y": 612
      },
      {
        "type": "Q",
        "begin": {
          "x": 1585,
          "y": 613
        },
        "end": {
          "x": 1330,
          "y": 634
        }
      },
      {
        "type": "L",
        "x": 1164,
        "y": 648
      },
      {
        "type": "L",
        "x": 993,
        "y": 666
      },
      {
        "type": "L",
        "x": 673,
        "y": 703
      },
      {
        "type": "Q",
        "begin": {
          "x": 565,
          "y": 716
        },
        "end": {
          "x": 429,
          "y": 744.5
        }
      },
      {
        "type": "Q",
        "begin": {
          "x": 293,
          "y": 773
        },
        "end": {
          "x": 278,
          "y": 772
        }
      },
      {
        "type": "Q",
        "begin": {
          "x": 223,
          "y": 772
        },
        "end": {
          "x": 181.5,
          "y": 728.5
        }
      },
      {
        "type": "Q",
        "begin": {
          "x": 140,
          "y": 685
        },
        "end": {
          "x": 140,
          "y": 661
        }
      },
      {
        "type": "Q",
        "begin": {
          "x": 140,
          "y": 637
        },
        "end": {
          "x": 146,
          "y": 627
        }
      },
      {
        "type": "Q",
        "begin": {
          "x": 161,
          "y": 603
        },
        "end": {
          "x": 257,
          "y": 593
        }
      },
      {
        "type": "L",
        "x": 430,
        "y": 575
      },
      {
        "type": "L",
        "x": 989,
        "y": 510
      },
      {
        "type": "L",
        "x": 1158,
        "y": 498
      }
    ],
    "track": [
      {
        "x": 270,
        "y": 675
      },
      {
        "x": 1780,
        "y": 510
      }
    ]
  },
  {
    "outline": [
      {
        "type": "M",
        "x": 989,
        "y": 510
      },
      {
        "type": "L",
        "x": 989,
        "y": 379
      },
      {
        "type": "Q",
        "begin": {
          "x": 989,
          "y": 361
        },
        "end": {
          "x": 985.5,
          "y": 303
        }
      },
      {
        "type": "Q",
        "begin": {
          "x": 982,
          "y": 245
        },
        "end": {
          "x": 979.5,
          "y": 221
        }
      },
      {
        "type": "Q",
        "begin": {
          "x": 977,
          "y": 197
        },
        "end": {
          "x": 969,
          "y": 169
        }
      },
      {
        "type": "Q",
        "begin": {
          "x": 961,
          "y": 141
        },
        "end": {
          "x": 963,
          "y": 130
        }
      },
      {
        "type": "Q",
        "begin": {
          "x": 967,
          "y": 85
        },
        "end": {
          "x": 1041,
          "y": 86
        }
      },
      {
        "type": "Q",
        "begin": {
          "x": 1092,
          "y": 87
        },
        "end": {
          "x": 1120,
          "y": 104
        }
      },
      {
        "type": "Q",
        "begin": {
          "x": 1148,
          "y": 121
        },
        "end": {
          "x": 1158.5,
          "y": 138
        }
      },
      {
        "type": "Q",
        "begin": {
          "x": 1169,
          "y": 155
        },
        "end": {
          "x": 1169.5,
          "y": 178
        }
      },
      {
        "type": "Q",
        "begin": {
          "x": 1170,
          "y": 201
        },
        "end": {
          "x": 1164.5,
          "y": 250
        }
      },
      {
        "type": "Q",
        "begin": {
          "x": 1159,
          "y": 299
        },
        "end": {
          "x": 1159,
          "y": 340
        }
      },
      {
        "type": "L",
        "x": 1158,
        "y": 498
      },
      {
        "type": "L",
        "x": 1164,
        "y": 648
      },
      {
        "type": "L",
        "x": 1153,
        "y": 1029
      },
      {
        "type": "Q",
        "begin": {
          "x": 1152,
          "y": 1055
        },
        "end": {
          "x": 1137.5,
          "y": 1081
        }
      },
      {
        "type": "Q",
        "begin": {
          "x": 1123,
          "y": 1107
        },
        "end": {
          "x": 997,
          "y": 1115
        }
      },
      {
        "type": "L",
        "x": 907,
        "y": 1121
      },
      {
        "type": "Q",
        "begin": {
          "x": 850,
          "y": 1125
        },
        "end": {
          "x": 767,
          "y": 1144
        }
      },
      {
        "type": "Q",
        "begin": {
          "x": 684,
          "y": 1163
        },
        "end": {
          "x": 631,
          "y": 1258.5
        }
      },
      {
        "type": "Q",
        "begin": {
          "x": 578,
          "y": 1354
        },
        "end": {
          "x": 579,
          "y": 1429
        }
      },
      {
        "type": "Q",
        "begin": {
          "x": 579,
          "y": 1508
        },
        "end": {
          "x": 625,
          "y": 1589
        }
      },
      {
        "type": "Q",
        "begin": {
          "x": 671,
          "y": 1670
        },
        "end": {
          "x": 782,
          "y": 1732.5
        }
      },
      {
        "type": "Q",
        "begin": {
          "x": 893,
          "y": 1795
        },
        "end": {
          "x": 1073,
          "y": 1794
        }
      },
      {
        "type": "Q",
        "begin": {
          "x": 1148,
          "y": 1794
        },
        "end": {
          "x": 1233.5,
          "y": 1781
        }
      },
      {
        "type": "Q",
        "begin": {
          "x": 1319,
          "y": 1768
        },
        "end": {
          "x": 1401,
          "y": 1735.5
        }
      },
      {
        "type": "Q",
        "begin": {
          "x": 1483,
          "y": 1703
        },
        "end": {
          "x": 1545,
          "y": 1660
        }
      },
      {
        "type": "L",
        "x": 1640,
        "y": 1590
      },
      {
        "type": "Q",
        "begin": {
          "x": 1714,
          "y": 1542
        },
        "end": {
          "x": 1749.5,
          "y": 1565
        }
      },
      {
        "type": "Q",
        "begin": {
          "x": 1785,
          "y": 1588
        },
        "end": {
          "x": 1788.5,
          "y": 1618.5
        }
      },
      {
        "type": "Q",
        "begin": {
          "x": 1792,
          "y": 1649
        },
        "end": {
          "x": 1776,
          "y": 1685
        }
      },
      {
        "type": "Q",
        "begin": {
          "x": 1761,
          "y": 1717
        },
        "end": {
          "x": 1725,
          "y": 1763.5
        }
      },
      {
        "type": "Q",
        "begin": {
          "x": 1689,
          "y": 1810
        },
        "end": {
          "x": 1506,
          "y": 1885.5
        }
      },
      {
        "type": "Q",
        "begin": {
          "x": 1323,
          "y": 1961
        },
        "end": {
          "x": 1077,
          "y": 1963
        }
      },
      {
        "type": "Q",
        "begin": {
          "x": 700,
          "y": 1967
        },
        "end": {
          "x": 539,
          "y": 1788.5
        }
      },
      {
        "type": "Q",
        "begin": {
          "x": 378,
          "y": 1610
        },
        "end": {
          "x": 379,
          "y": 1430
        }
      },
      {
        "type": "Q",
        "begin": {
          "x": 379,
          "y": 1337
        },
        "end": {
          "x": 412,
          "y": 1262.5
        }
      },
      {
        "type": "Q",
        "begin": {
          "x": 445,
          "y": 1188
        },
        "end": {
          "x": 522,
          "y": 1117
        }
      },
      {
        "type": "Q",
        "begin": {
          "x": 599,
          "y": 1046
        },
        "end": {
          "x": 682,
          "y": 1027
        }
      },
      {
        "type": "Q",
        "begin": {
          "x": 765,
          "y": 1008
        },
        "end": {
          "x": 830,
          "y": 999
        }
      },
      {
        "type": "L",
        "x": 923,
        "y": 987
      },
      {
        "type": "Q",
        "begin": {
          "x": 951,
          "y": 984
        },
        "end": {
          "x": 965,
          "y": 964.5
        }
      },
      {
        "type": "Q",
        "begin": {
          "x": 979,
          "y": 945
        },
        "end": {
          "x": 984,
          "y": 857
        }
      },
      {
        "type": "L",
        "x": 993,
        "y": 666
      },
      {
        "type": "L",
        "x": 989,
        "y": 510
      }
    ],
    "track": [
      {
        "x": 1075,
        "y": 200
      },
      {
        "x": 1075,
        "y": 1005
      },
      {
        "x": 745,
        "y": 1075
      },
      {
        "x": 515,
        "y": 1250
      },
      {
        "x": 475,
        "y": 1550
      },
      {
        "x": 640,
        "y": 1795
      },
      {
        "x": 945,
        "y": 1880
      },
      {
        "x": 1415,
        "y": 1835
      },
      {
        "x": 1675,
        "y": 1675
      }
    ]
  }
]
