<?xml version="1.0" encoding="UTF-8"?>
<Word version="1.0">
  <Stroke>
    <Outline>
      <MoveTo x="1022.0" y="365.0" />
      <LineTo flexible="false" x="566.0" y="425.0" />
      <QuadTo flexible="false" x1="486.0" y1="436.0" x2="405.5" y2="450.0" />
      <QuadTo flexible="false" x1="325.0" y1="464.0" x2="299.0" y2="464.0" />
      <QuadTo flexible="false" x1="246.0" y1="465.0" x2="196.5" y2="437.5" />
      <QuadTo flexible="false" x1="147.0" y1="410.0" x2="130.0" y2="378.5" />
      <QuadTo flexible="false" x1="113.0" y1="347.0" x2="113.0" y2="328.0" />
      <QuadTo flexible="false" x1="113.0" y1="319.0" x2="121.5" y2="302.5" />
      <QuadTo flexible="false" x1="130.0" y1="286.0" x2="209.0" y2="282.0" />
      <LineTo flexible="false" x="339.0" y="277.0" />
      <LineTo flexible="false" x="552.0" y="259.0" />
      <LineTo flexible="false" x="831.0" y="234.0" />
      <LineTo flexible="false" x="1296.0" y="192.0" />
      <LineTo flexible="false" x="1558.0" y="169.0" />
      <QuadTo flexible="false" x1="1648.0" y1="162.0" x2="1717.5" y2="149.0" />
      <QuadTo flexible="false" x1="1787.0" y1="136.0" x2="1799.0" y2="135.0" />
      <QuadTo flexible="false" x1="1847.0" y1="135.0" x2="1882.0" y2="172.5" />
      <QuadTo flexible="false" x1="1917.0" y1="210.0" x2="1927.0" y2="235.5" />
      <QuadTo flexible="false" x1="1937.0" y1="261.0" x2="1935.0" y2="277.0" />
      <QuadTo flexible="false" x1="1932.0" y1="299.0" x2="1919.5" y2="307.5" />
      <QuadTo flexible="false" x1="1907.0" y1="316.0" x2="1876.0" y2="316.0" />
      <LineTo flexible="false" x="1603.0" y="322.0" />
      <QuadTo flexible="false" x1="1438.0" y1="326.0" x2="1233.0" y2="347.0" />
      <LineTo flexible="true" x="1022.0" y="365.0" />
    </Outline>
    <Track>
      <MoveTo x="255.0" y="375.0" />
      <MoveTo x="1815.0" y="220.0" />
    </Track>
  </Stroke>
  <Stroke>
    <Outline>
      <MoveTo x="1233.0" y="347.0" />
      <LineTo flexible="false" x="1223.0" y="698.0" />
      <LineTo flexible="false" x="1217.0" y="858.0" />
      <QuadTo flexible="false" x1="1216.0" y1="895.0" x2="1209.5" y2="912.5" />
      <QuadTo flexible="false" x1="1203.0" y1="930.0" x2="1184.5" y2="943.5" />
      <QuadTo flexible="false" x1="1166.0" y1="957.0" x2="1069.0" y2="961.0" />
      <LineTo flexible="false" x="941.0" y="967.0" />
      <QuadTo flexible="false" x1="829.0" y1="973.0" x2="740.5" y2="1005.0" />
      <QuadTo flexible="false" x1="652.0" y1="1037.0" x2="612.5" y2="1105.0" />
      <QuadTo flexible="false" x1="573.0" y1="1173.0" x2="561.0" y2="1216.0" />
      <QuadTo flexible="false" x1="549.0" y1="1259.0" x2="548.5" y2="1321.0" />
      <QuadTo flexible="false" x1="548.0" y1="1383.0" x2="582.0" y2="1455.0" />
      <QuadTo flexible="false" x1="639.0" y1="1582.0" x2="776.5" y2="1660.5" />
      <QuadTo flexible="false" x1="914.0" y1="1739.0" x2="1089.0" y2="1738.0" />
      <QuadTo flexible="false" x1="1233.0" y1="1738.0" x2="1338.5" y2="1696.0" />
      <QuadTo flexible="false" x1="1444.0" y1="1654.0" x2="1498.5" y2="1615.5" />
      <QuadTo flexible="false" x1="1553.0" y1="1577.0" x2="1580.0" y2="1553.0" />
      <LineTo flexible="false" x="1670.0" y="1468.0" />
      <QuadTo flexible="false" x1="1713.0" y1="1431.0" x2="1756.0" y2="1431.0" />
      <QuadTo flexible="false" x1="1787.0" y1="1432.0" x2="1818.5" y2="1450.5" />
      <QuadTo flexible="false" x1="1850.0" y1="1469.0" x2="1850.5" y2="1510.5" />
      <QuadTo flexible="false" x1="1851.0" y1="1552.0" x2="1829.0" y2="1592.0" />
      <QuadTo flexible="false" x1="1812.0" y1="1622.0" x2="1749.0" y2="1687.5" />
      <QuadTo flexible="false" x1="1686.0" y1="1753.0" x2="1509.5" y2="1833.5" />
      <QuadTo flexible="false" x1="1333.0" y1="1914.0" x2="1094.0" y2="1914.0" />
      <QuadTo flexible="false" x1="743.0" y1="1915.0" x2="574.5" y2="1759.5" />
      <QuadTo flexible="false" x1="406.0" y1="1604.0" x2="376.0" y2="1494.5" />
      <QuadTo flexible="false" x1="346.0" y1="1385.0" x2="344.5" y2="1311.0" />
      <QuadTo flexible="false" x1="343.0" y1="1237.0" x2="361.0" y2="1167.0" />
      <QuadTo flexible="false" x1="400.0" y1="1010.0" x2="528.5" y2="923.5" />
      <QuadTo flexible="false" x1="657.0" y1="837.0" x2="850.0" y2="810.0" />
      <LineTo flexible="false" x="937.0" y="798.0" />
      <QuadTo flexible="false" x1="976.0" y1="793.0" x2="995.5" y2="777.5" />
      <QuadTo flexible="false" x1="1015.0" y1="762.0" x2="1021.0" y2="695.0" />
      <QuadTo flexible="false" x1="1027.0" y1="628.0" x2="1027.0" y2="589.0" />
      <LineTo flexible="false" x="1022.0" y="365.0" />
      <LineTo flexible="true" x="1233.0" y="347.0" />
    </Outline>
    <Track>
      <MoveTo x="1125.0" y="445.0" />
      <MoveTo x="1115.0" y="855.0" />
      <MoveTo x="780.0" y="905.0" />
      <MoveTo x="510.0" y="1105.0" />
      <MoveTo x="455.0" y="1385.0" />
      <MoveTo x="655.0" y="1720.0" />
      <MoveTo x="1070.0" y="1845.0" />
      <MoveTo x="1445.0" y="1770.0" />
      <MoveTo x="1720.0" y="1580.0" />
    </Track>
  </Stroke>
</Word>

