[
  {
    "outline": [
      {
        "type": "M",
        "x": 1299,
        "y": 634
      },
      {
        "type": "L",
        "x": 1245,
        "y": 700
      },
      {
        "type": "Q",
        "begin": {
          "x": 1216,
          "y": 735
        },
        "end": {
          "x": 1190,
          "y": 733
        }
      },
      {
        "type": "Q",
        "begin": {
          "x": 1183,
          "y": 733
        },
        "end": {
          "x": 1178.5,
          "y": 730.5
        }
      },
      {
        "type": "Q",
        "begin": {
          "x": 1174,
          "y": 728
        },
        "end": {
          "x": 1170.5,
          "y": 722
        }
      },
      {
        "type": "Q",
        "begin": {
          "x": 1167,
          "y": 716
        },
        "end": {
          "x": 1171,
          "y": 696.5
        }
      },
      {
        "type": "Q",
        "begin": {
          "x": 1175,
          "y": 677
        },
        "end": {
          "x": 1185,
          "y": 657
        }
      },
      {
        "type": "L",
        "x": 1287,
        "y": 444
      },
      {
        "type": "Q",
        "begin": {
          "x": 1316,
          "y": 383
        },
        "end": {
          "x": 1334,
          "y": 328
        }
      },
      {
        "type": "Q",
        "begin": {
          "x": 1352,
          "y": 273
        },
        "end": {
          "x": 1350.5,
          "y": 250
        }
      },
      {
        "type": "Q",
        "begin": {
          "x": 1349,
          "y": 227
        },
        "end": {
          "x": 1304,
          "y": 228
        }
      },
      {
        "type": "Q",
        "begin": {
          "x": 1285,
          "y": 229
        },
        "end": {
          "x": 1216,
          "y": 237
        }
      },
      {
        "type": "L",
        "x": 1083,
        "y": 252
      },
      {
        "type": "L",
        "x": 691,
        "y": 311
      },
      {
        "type": "Q",
        "begin": {
          "x": 524,
          "y": 337
        },
        "end": {
          "x": 475,
          "y": 347
        }
      },
      {
        "type": "Q",
        "begin": {
          "x": 426,
          "y": 357
        },
        "end": {
          "x": 411,
          "y": 356
        }
      },
      {
        "type": "Q",
        "begin": {
          "x": 369,
          "y": 356
        },
        "end": {
          "x": 292.5,
          "y": 312.5
        }
      },
      {
        "type": "Q",
        "begin": {
          "x": 216,
          "y": 269
        },
        "end": {
          "x": 218,
          "y": 223
        }
      },
      {
        "type": "Q",
        "begin": {
          "x": 218,
          "y": 211
        },
        "end": {
          "x": 226.5,
          "y": 201
        }
      },
      {
        "type": "Q",
        "begin": {
          "x": 235,
          "y": 191
        },
        "end": {
          "x": 259,
          "y": 191
        }
      },
      {
        "type": "L",
        "x": 283,
        "y": 192
      },
      {
        "type": "L",
        "x": 472,
        "y": 183
      },
      {
        "type": "Q",
        "begin": {
          "x": 519,
          "y": 181
        },
        "end": {
          "x": 702,
          "y": 165
        }
      },
      {
        "type": "Q",
        "begin": {
          "x": 885,
          "y": 149
        },
        "end": {
          "x": 1020,
          "y": 129
        }
      },
      {
        "type": "L",
        "x": 1190,
        "y": 104
      },
      {
        "type": "Q",
        "begin": {
          "x": 1285,
          "y": 90
        },
        "end": {
          "x": 1350.5,
          "y": 70.5
        }
      },
      {
        "type": "Q",
        "begin": {
          "x": 1416,
          "y": 51
        },
        "end": {
          "x": 1433,
          "y": 50
        }
      },
      {
        "type": "Q",
        "begin": {
          "x": 1476,
          "y": 49
        },
        "end": {
          "x": 1548.5,
          "y": 92
        }
      },
      {
        "type": "Q",
        "begin": {
          "x": 1621,
          "y": 135
        },
        "end": {
          "x": 1640,
          "y": 168
        }
      },
      {
        "type": "Q",
        "begin": {
          "x": 1659,
          "y": 201
        },
        "end": {
          "x": 1659,
          "y": 215
        }
      },
      {
        "type": "Q",
        "begin": {
          "x": 1657,
          "y": 234
        },
        "end": {
          "x": 1635,
          "y": 258.5
        }
      },
      {
        "type": "Q",
        "begin": {
          "x": 1613,
          "y": 283
        },
        "end": {
          "x": 1567,
          "y": 329
        }
      },
      {
        "type": "Q",
        "begin": {
          "x": 1521,
          "y": 375
        },
        "end": {
          "x": 1431,
          "y": 479
        }
      },
      {
        "type": "Q",
        "begin": {
          "x": 1341,
          "y": 583
        },
        "end": {
          "x": 1299,
          "y": 634
        }
      }
    ],
    "track": [
      {
        "x": 390,
        "y": 270
      },
      {
        "x": 1505,
        "y": 145
      },
      {
        "x": 1235,
        "y": 670
      }
    ]
  },
  {
    "outline": [
      {
        "type": "M",
        "x": 1265,
        "y": 1852
      },
      {
        "type": "L",
        "x": 1202,
        "y": 1914
      },
      {
        "type": "Q",
        "begin": {
          "x": 1158,
          "y": 1958
        },
        "end": {
          "x": 1104.5,
          "y": 1987.5
        }
      },
      {
        "type": "Q",
        "begin": {
          "x": 1051,
          "y": 2017
        },
        "end": {
          "x": 1039.5,
          "y": 1999.5
        }
      },
      {
        "type": "Q",
        "begin": {
          "x": 1028,
          "y": 1982
        },
        "end": {
          "x": 1029,
          "y": 1971
        }
      },
      {
        "type": "Q",
        "begin": {
          "x": 1029,
          "y": 1961
        },
        "end": {
          "x": 1037,
          "y": 1949
        }
      },
      {
        "type": "L",
        "x": 1057,
        "y": 1923
      },
      {
        "type": "L",
        "x": 1156,
        "y": 1792
      },
      {
        "type": "Q",
        "begin": {
          "x": 1251,
          "y": 1667
        },
        "end": {
          "x": 1358,
          "y": 1473
        }
      },
      {
        "type": "Q",
        "begin": {
          "x": 1465,
          "y": 1279
        },
        "end": {
          "x": 1496.5,
          "y": 1225
        }
      },
      {
        "type": "Q",
        "begin": {
          "x": 1528,
          "y": 1171
        },
        "end": {
          "x": 1542,
          "y": 1140.5
        }
      },
      {
        "type": "Q",
        "begin": {
          "x": 1556,
          "y": 1110
        },
        "end": {
          "x": 1562,
          "y": 1086
        }
      },
      {
        "type": "Q",
        "begin": {
          "x": 1568,
          "y": 1062
        },
        "end": {
          "x": 1568,
          "y": 1053
        }
      },
      {
        "type": "Q",
        "begin": {
          "x": 1567,
          "y": 1040
        },
        "end": {
          "x": 1558,
          "y": 1023.5
        }
      },
      {
        "type": "Q",
        "begin": {
          "x": 1549,
          "y": 1007
        },
        "end": {
          "x": 1520.5,
          "y": 998
        }
      },
      {
        "type": "Q",
        "begin": {
          "x": 1492,
          "y": 989
        },
        "end": {
          "x": 1465,
          "y": 991
        }
      },
      {
        "type": "L",
        "x": 1276,
        "y": 1007
      },
      {
        "type": "Q",
        "begin": {
          "x": 1063,
          "y": 1026
        },
        "end": {
          "x": 833.5,
          "y": 1062
        }
      },
      {
        "type": "Q",
        "begin": {
          "x": 604,
          "y": 1098
        },
        "end": {
          "x": 544.5,
          "y": 1111
        }
      },
      {
        "type": "Q",
        "begin": {
          "x": 485,
          "y": 1124
        },
        "end": {
          "x": 444,
          "y": 1136.5
        }
      },
      {
        "type": "Q",
        "begin": {
          "x": 403,
          "y": 1149
        },
        "end": {
          "x": 395,
          "y": 1149
        }
      },
      {
        "type": "Q",
        "begin": {
          "x": 380,
          "y": 1150
        },
        "end": {
          "x": 349.5,
          "y": 1133.5
        }
      },
      {
        "type": "Q",
        "begin": {
          "x": 319,
          "y": 1117
        },
        "end": {
          "x": 302,
          "y": 1076
        }
      },
      {
        "type": "Q",
        "begin": {
          "x": 285,
          "y": 1035
        },
        "end": {
          "x": 287,
          "y": 1020
        }
      },
      {
        "type": "Q",
        "begin": {
          "x": 288,
          "y": 1011
        },
        "end": {
          "x": 292,
          "y": 1002.5
        }
      },
      {
        "type": "Q",
        "begin": {
          "x": 296,
          "y": 994
        },
        "end": {
          "x": 305,
          "y": 984
        }
      },
      {
        "type": "L",
        "x": 335,
        "y": 950
      },
      {
        "type": "Q",
        "begin": {
          "x": 395,
          "y": 876
        },
        "end": {
          "x": 441,
          "y": 686
        }
      },
      {
        "type": "L",
        "x": 503,
        "y": 429
      },
      {
        "type": "Q",
        "begin": {
          "x": 507,
          "y": 410
        },
        "end": {
          "x": 514.5,
          "y": 401
        }
      },
      {
        "type": "Q",
        "begin": {
          "x": 522,
          "y": 392
        },
        "end": {
          "x": 538,
          "y": 390
        }
      },
      {
        "type": "Q",
        "begin": {
          "x": 568,
          "y": 387
        },
        "end": {
          "x": 604.5,
          "y": 415
        }
      },
      {
        "type": "Q",
        "begin": {
          "x": 641,
          "y": 443
        },
        "end": {
          "x": 650.5,
          "y": 461
        }
      },
      {
        "type": "Q",
        "begin": {
          "x": 660,
          "y": 479
        },
        "end": {
          "x": 659.5,
          "y": 495
        }
      },
      {
        "type": "Q",
        "begin": {
          "x": 659,
          "y": 511
        },
        "end": {
          "x": 643,
          "y": 555
        }
      },
      {
        "type": "L",
        "x": 550,
        "y": 803
      },
      {
        "type": "Q",
        "begin": {
          "x": 508,
          "y": 915
        },
        "end": {
          "x": 512,
          "y": 928
        }
      },
      {
        "type": "Q",
        "begin": {
          "x": 519,
          "y": 952
        },
        "end": {
          "x": 540,
          "y": 954.5
        }
      },
      {
        "type": "Q",
        "begin": {
          "x": 561,
          "y": 957
        },
        "end": {
          "x": 611,
          "y": 950
        }
      },
      {
        "type": "L",
        "x": 827,
        "y": 921
      },
      {
        "type": "L",
        "x": 1461,
        "y": 845
      },
      {
        "type": "Q",
        "begin": {
          "x": 1586,
          "y": 830
        },
        "end": {
          "x": 1605,
          "y": 831.5
        }
      },
      {
        "type": "Q",
        "begin": {
          "x": 1624,
          "y": 833
        },
        "end": {
          "x": 1653.5,
          "y": 848
        }
      },
      {
        "type": "Q",
        "begin": {
          "x": 1683,
          "y": 863
        },
        "end": {
          "x": 1725.5,
          "y": 897.5
        }
      },
      {
        "type": "Q",
        "begin": {
          "x": 1768,
          "y": 932
        },
        "end": {
          "x": 1798,
          "y": 965
        }
      },
      {
        "type": "Q",
        "begin": {
          "x": 1828,
          "y": 998
        },
        "end": {
          "x": 1829,
          "y": 1023.5
        }
      },
      {
        "type": "Q",
        "begin": {
          "x": 1830,
          "y": 1049
        },
        "end": {
          "x": 1823,
          "y": 1071
        }
      },
      {
        "type": "Q",
        "begin": {
          "x": 1815,
          "y": 1093
        },
        "end": {
          "x": 1792,
          "y": 1136.5
        }
      },
      {
        "type": "Q",
        "begin": {
          "x": 1769,
          "y": 1180
        },
        "end": {
          "x": 1587,
          "y": 1447
        }
      },
      {
        "type": "Q",
        "begin": {
          "x": 1405,
          "y": 1714
        },
        "end": {
          "x": 1265,
          "y": 1852
        }
      }
    ],
    "track": [
      {
        "x": 560,
        "y": 480
      },
      {
        "x": 395,
        "y": 1065
      },
      {
        "x": 1515,
        "y": 915
      },
      {
        "x": 1690,
        "y": 995
      },
      {
        "x": 1180,
        "y": 1885
      }
    ]
  }
]
