[
  {
    "outline": [
      {
        "type": "M",
        "x": 992,
        "y": 776
      },
      {
        "type": "L",
        "x": 1352,
        "y": 735
      },
      {
        "type": "L",
        "x": 1483,
        "y": 719
      },
      {
        "type": "Q",
        "begin": {
          "x": 1511,
          "y": 716
        },
        "end": {
          "x": 1550.5,
          "y": 709
        }
      },
      {
        "type": "Q",
        "begin": {
          "x": 1590,
          "y": 702
        },
        "end": {
          "x": 1640,
          "y": 692
        }
      },
      {
        "type": "Q",
        "begin": {
          "x": 1690,
          "y": 682
        },
        "end": {
          "x": 1719,
          "y": 680
        }
      },
      {
        "type": "Q",
        "begin": {
          "x": 1775,
          "y": 678
        },
        "end": {
          "x": 1827,
          "y": 703
        }
      },
      {
        "type": "Q",
        "begin": {
          "x": 1879,
          "y": 728
        },
        "end": {
          "x": 1901,
          "y": 769
        }
      },
      {
        "type": "Q",
        "begin": {
          "x": 1923,
          "y": 810
        },
        "end": {
          "x": 1923.5,
          "y": 831.5
        }
      },
      {
        "type": "Q",
        "begin": {
          "x": 1924,
          "y": 853
        },
        "end": {
          "x": 1916,
          "y": 863
        }
      },
      {
        "type": "Q",
        "begin": {
          "x": 1903,
          "y": 881
        },
        "end": {
          "x": 1866,
          "y": 880
        }
      },
      {
        "type": "Q",
        "begin": {
          "x": 1849,
          "y": 880
        },
        "end": {
          "x": 1781,
          "y": 877.5
        }
      },
      {
        "type": "Q",
        "begin": {
          "x": 1713,
          "y": 875
        },
        "end": {
          "x": 1614,
          "y": 880
        }
      },
      {
        "type": "L",
        "x": 1521,
        "y": 885
      },
      {
        "type": "Q",
        "begin": {
          "x": 1425,
          "y": 891
        },
        "end": {
          "x": 1343.5,
          "y": 899
        }
      },
      {
        "type": "Q",
        "begin": {
          "x": 1262,
          "y": 907
        },
        "end": {
          "x": 1203,
          "y": 913
        }
      },
      {
        "type": "L",
        "x": 1065,
        "y": 929
      },
      {
        "type": "L",
        "x": 939,
        "y": 943
      },
      {
        "type": "L",
        "x": 766,
        "y": 948
      },
      {
        "type": "L",
        "x": 490,
        "y": 983
      },
      {
        "type": "Q",
        "begin": {
          "x": 468,
          "y": 986
        },
        "end": {
          "x": 382,
          "y": 1001
        }
      },
      {
        "type": "Q",
        "begin": {
          "x": 296,
          "y": 1016
        },
        "end": {
          "x": 271,
          "y": 1014
        }
      },
      {
        "type": "Q",
        "begin": {
          "x": 238,
          "y": 1013
        },
        "end": {
          "x": 194,
          "y": 990.5
        }
      },
      {
        "type": "Q",
        "begin": {
          "x": 150,
          "y": 968
        },
        "end": {
          "x": 136.5,
          "y": 933
        }
      },
      {
        "type": "Q",
        "begin": {
          "x": 123,
          "y": 898
        },
        "end": {
          "x": 123,
          "y": 881.5
        }
      },
      {
        "type": "Q",
        "begin": {
          "x": 123,
          "y": 865
        },
        "end": {
          "x": 129,
          "y": 853
        }
      },
      {
        "type": "Q",
        "begin": {
          "x": 134,
          "y": 843
        },
        "end": {
          "x": 147,
          "y": 835.5
        }
      },
      {
        "type": "Q",
        "begin": {
          "x": 160,
          "y": 828
        },
        "end": {
          "x": 219,
          "y": 825
        }
      },
      {
        "type": "L",
        "x": 407,
        "y": 818
      },
      {
        "type": "Q",
        "begin": {
          "x": 651,
          "y": 809
        },
        "end": {
          "x": 825,
          "y": 788
        }
      },
      {
        "type": "L",
        "x": 992,
        "y": 776
      }
    ],
    "track": [
      {
        "x": 260,
        "y": 930
      },
      {
        "x": 1765,
        "y": 775
      }
    ]
  },
  {
    "outline": [
      {
        "type": "M",
        "x": 825,
        "y": 788
      },
      {
        "type": "Q",
        "begin": {
          "x": 858,
          "y": 698
        },
        "end": {
          "x": 885.5,
          "y": 606.5
        }
      },
      {
        "type": "Q",
        "begin": {
          "x": 913,
          "y": 515
        },
        "end": {
          "x": 926,
          "y": 463
        }
      },
      {
        "type": "L",
        "x": 942,
        "y": 399
      },
      {
        "type": "Q",
        "begin": {
          "x": 945,
          "y": 385
        },
        "end": {
          "x": 952.5,
          "y": 319
        }
      },
      {
        "type": "Q",
        "begin": {
          "x": 960,
          "y": 253
        },
        "end": {
          "x": 965.5,
          "y": 228
        }
      },
      {
        "type": "Q",
        "begin": {
          "x": 971,
          "y": 203
        },
        "end": {
          "x": 1010,
          "y": 200
        }
      },
      {
        "type": "Q",
        "begin": {
          "x": 1031,
          "y": 199
        },
        "end": {
          "x": 1069.5,
          "y": 220
        }
      },
      {
        "type": "Q",
        "begin": {
          "x": 1108,
          "y": 241
        },
        "end": {
          "x": 1140.5,
          "y": 278.5
        }
      },
      {
        "type": "Q",
        "begin": {
          "x": 1173,
          "y": 316
        },
        "end": {
          "x": 1174.5,
          "y": 350
        }
      },
      {
        "type": "Q",
        "begin": {
          "x": 1176,
          "y": 384
        },
        "end": {
          "x": 1173,
          "y": 396
        }
      },
      {
        "type": "Q",
        "begin": {
          "x": 1170,
          "y": 406
        },
        "end": {
          "x": 1166.5,
          "y": 411
        }
      },
      {
        "type": "Q",
        "begin": {
          "x": 1163,
          "y": 416
        },
        "end": {
          "x": 1147.5,
          "y": 431.5
        }
      },
      {
        "type": "Q",
        "begin": {
          "x": 1132,
          "y": 447
        },
        "end": {
          "x": 1120,
          "y": 471
        }
      },
      {
        "type": "Q",
        "begin": {
          "x": 1108,
          "y": 495
        },
        "end": {
          "x": 1095,
          "y": 525.5
        }
      },
      {
        "type": "Q",
        "begin": {
          "x": 1082,
          "y": 556
        },
        "end": {
          "x": 1061,
          "y": 609
        }
      },
      {
        "type": "Q",
        "begin": {
          "x": 1040,
          "y": 662
        },
        "end": {
          "x": 1038,
          "y": 667
        }
      },
      {
        "type": "L",
        "x": 992,
        "y": 776
      },
      {
        "type": "L",
        "x": 939,
        "y": 943
      },
      {
        "type": "Q",
        "begin": {
          "x": 891,
          "y": 1078
        },
        "end": {
          "x": 858,
          "y": 1163
        }
      },
      {
        "type": "Q",
        "begin": {
          "x": 825,
          "y": 1248
        },
        "end": {
          "x": 809,
          "y": 1287
        }
      },
      {
        "type": "L",
        "x": 765,
        "y": 1392
      },
      {
        "type": "L",
        "x": 722,
        "y": 1497
      },
      {
        "type": "L",
        "x": 695,
        "y": 1560
      },
      {
        "type": "Q",
        "begin": {
          "x": 682,
          "y": 1591
        },
        "end": {
          "x": 685,
          "y": 1608
        }
      },
      {
        "type": "Q",
        "begin": {
          "x": 687,
          "y": 1622
        },
        "end": {
          "x": 699.5,
          "y": 1635.5
        }
      },
      {
        "type": "Q",
        "begin": {
          "x": 712,
          "y": 1649
        },
        "end": {
          "x": 783,
          "y": 1639
        }
      },
      {
        "type": "L",
        "x": 929,
        "y": 1619
      },
      {
        "type": "Q",
        "begin": {
          "x": 1141,
          "y": 1590
        },
        "end": {
          "x": 1465,
          "y": 1519
        }
      },
      {
        "type": "C",
        "begin": {
          "x": 1602,
          "y": 1479.3333333333333
        },
        "mid": {
          "x": 1554,
          "y": 1589.6666666666667
        },
        "end": {
          "x": 1501,
          "y": 1625
        }
      },
      {
        "type": "L",
        "x": 631,
        "y": 1833
      },
      {
        "type": "Q",
        "begin": {
          "x": 566,
          "y": 1849
        },
        "end": {
          "x": 544,
          "y": 1849
        }
      },
      {
        "type": "Q",
        "begin": {
          "x": 516,
          "y": 1850
        },
        "end": {
          "x": 495.5,
          "y": 1838
        }
      },
      {
        "type": "Q",
        "begin": {
          "x": 475,
          "y": 1826
        },
        "end": {
          "x": 452,
          "y": 1788.5
        }
      },
      {
        "type": "Q",
        "begin": {
          "x": 429,
          "y": 1751
        },
        "end": {
          "x": 422,
          "y": 1731
        }
      },
      {
        "type": "Q",
        "begin": {
          "x": 415,
          "y": 1711
        },
        "end": {
          "x": 414.5,
          "y": 1697
        }
      },
      {
        "type": "Q",
        "begin": {
          "x": 414,
          "y": 1683
        },
        "end": {
          "x": 421,
          "y": 1667
        }
      },
      {
        "type": "Q",
        "begin": {
          "x": 426,
          "y": 1654
        },
        "end": {
          "x": 463.5,
          "y": 1602
        }
      },
      {
        "type": "Q",
        "begin": {
          "x": 501,
          "y": 1550
        },
        "end": {
          "x": 530.5,
          "y": 1501
        }
      },
      {
        "type": "Q",
        "begin": {
          "x": 560,
          "y": 1452
        },
        "end": {
          "x": 624.5,
          "y": 1311.5
        }
      },
      {
        "type": "Q",
        "begin": {
          "x": 689,
          "y": 1171
        },
        "end": {
          "x": 766,
          "y": 948
        }
      },
      {
        "type": "L",
        "x": 825,
        "y": 788
      }
    ],
    "track": [
      {
        "x": 1065,
        "y": 305
      },
      {
        "x": 535,
        "y": 1770
      },
      {
        "x": 1500,
        "y": 1575
      }
    ]
  },
  {
    "outline": [
      {
        "type": "M",
        "x": 1465,
        "y": 1519
      },
      {
        "type": "L",
        "x": 1344,
        "y": 1275
      },
      {
        "type": "Q",
        "begin": {
          "x": 1336,
          "y": 1261
        },
        "end": {
          "x": 1337,
          "y": 1250
        }
      },
      {
        "type": "Q",
        "begin": {
          "x": 1338,
          "y": 1239
        },
        "end": {
          "x": 1357,
          "y": 1250
        }
      },
      {
        "type": "L",
        "x": 1386,
        "y": 1268
      },
      {
        "type": "Q",
        "begin": {
          "x": 1432,
          "y": 1297
        },
        "end": {
          "x": 1520,
          "y": 1365.5
        }
      },
      {
        "type": "Q",
        "begin": {
          "x": 1608,
          "y": 1434
        },
        "end": {
          "x": 1671,
          "y": 1505.5
        }
      },
      {
        "type": "Q",
        "begin": {
          "x": 1734,
          "y": 1577
        },
        "end": {
          "x": 1749.5,
          "y": 1620
        }
      },
      {
        "type": "Q",
        "begin": {
          "x": 1765,
          "y": 1663
        },
        "end": {
          "x": 1765,
          "y": 1703
        }
      },
      {
        "type": "Q",
        "begin": {
          "x": 1764,
          "y": 1729
        },
        "end": {
          "x": 1757.5,
          "y": 1757.5
        }
      },
      {
        "type": "Q",
        "begin": {
          "x": 1751,
          "y": 1786
        },
        "end": {
          "x": 1728.5,
          "y": 1818.5
        }
      },
      {
        "type": "Q",
        "begin": {
          "x": 1706,
          "y": 1851
        },
        "end": {
          "x": 1662,
          "y": 1850
        }
      },
      {
        "type": "Q",
        "begin": {
          "x": 1631,
          "y": 1850
        },
        "end": {
          "x": 1612,
          "y": 1832.5
        }
      },
      {
        "type": "Q",
        "begin": {
          "x": 1593,
          "y": 1815
        },
        "end": {
          "x": 1577,
          "y": 1781
        }
      },
      {
        "type": "L",
        "x": 1501,
        "y": 1625
      },
      {
        "type": "L",
        "x": 1465,
        "y": 1519
      }
    ],
    "track": [
      {
        "x": 1430,
        "y": 1350
      },
      {
        "x": 1675,
        "y": 1750
      }
    ]
  }
]
