[
  {
    "outline": [
      {
        "type": "M",
        "x": 748,
        "y": 350
      },
      {
        "type": "L",
        "x": 560,
        "y": 376
      },
      {
        "type": "Q",
        "begin": {
          "x": 473,
          "y": 388
        },
        "end": {
          "x": 412.5,
          "y": 404.5
        }
      },
      {
        "type": "Q",
        "begin": {
          "x": 352,
          "y": 421
        },
        "end": {
          "x": 309,
          "y": 436.5
        }
      },
      {
        "type": "Q",
        "begin": {
          "x": 266,
          "y": 452
        },
        "end": {
          "x": 257,
          "y": 451
        }
      },
      {
        "type": "Q",
        "begin": {
          "x": 221,
          "y": 451
        },
        "end": {
          "x": 187,
          "y": 406.5
        }
      },
      {
        "type": "Q",
        "begin": {
          "x": 153,
          "y": 362
        },
        "end": {
          "x": 150.5,
          "y": 352.5
        }
      },
      {
        "type": "Q",
        "begin": {
          "x": 148,
          "y": 343
        },
        "end": {
          "x": 148,
          "y": 334
        }
      },
      {
        "type": "Q",
        "begin": {
          "x": 149,
          "y": 306
        },
        "end": {
          "x": 173,
          "y": 290
        }
      },
      {
        "type": "Q",
        "begin": {
          "x": 197,
          "y": 274
        },
        "end": {
          "x": 265,
          "y": 267
        }
      },
      {
        "type": "L",
        "x": 454,
        "y": 250
      },
      {
        "type": "Q",
        "begin": {
          "x": 479,
          "y": 248
        },
        "end": {
          "x": 710.5,
          "y": 222
        }
      },
      {
        "type": "Q",
        "begin": {
          "x": 942,
          "y": 196
        },
        "end": {
          "x": 1295,
          "y": 183
        }
      },
      {
        "type": "L",
        "x": 1553,
        "y": 174
      },
      {
        "type": "Q",
        "begin": {
          "x": 1613,
          "y": 172
        },
        "end": {
          "x": 1643,
          "y": 165
        }
      },
      {
        "type": "L",
        "x": 1694,
        "y": 151
      },
      {
        "type": "Q",
        "begin": {
          "x": 1722,
          "y": 144
        },
        "end": {
          "x": 1745,
          "y": 144
        }
      },
      {
        "type": "Q",
        "begin": {
          "x": 1788,
          "y": 145
        },
        "end": {
          "x": 1843,
          "y": 180.5
        }
      },
      {
        "type": "Q",
        "begin": {
          "x": 1898,
          "y": 216
        },
        "end": {
          "x": 1899,
          "y": 252.5
        }
      },
      {
        "type": "Q",
        "begin": {
          "x": 1900,
          "y": 289
        },
        "end": {
          "x": 1891,
          "y": 306
        }
      },
      {
        "type": "Q",
        "begin": {
          "x": 1870,
          "y": 344
        },
        "end": {
          "x": 1829,
          "y": 340
        }
      },
      {
        "type": "L",
        "x": 1617,
        "y": 320
      },
      {
        "type": "Q",
        "begin": {
          "x": 1537,
          "y": 313
        },
        "end": {
          "x": 1463,
          "y": 311
        }
      },
      {
        "type": "Q",
        "begin": {
          "x": 1430,
          "y": 311
        },
        "end": {
          "x": 1384.5,
          "y": 312.5
        }
      },
      {
        "type": "Q",
        "begin": {
          "x": 1339,
          "y": 314
        },
        "end": {
          "x": 1187.5,
          "y": 317.5
        }
      },
      {
        "type": "Q",
        "begin": {
          "x": 1036,
          "y": 321
        },
        "end": {
          "x": 860,
          "y": 333
        }
      },
      {
        "type": "L",
        "x": 748,
        "y": 350
      }
    ],
    "track": [
      {
        "x": 245,
        "y": 365
      },
      {
        "x": 965,
        "y": 275
      },
      {
        "x": 1775,
        "y": 255
      }
    ]
  },
  {
    "outline": [
      {
        "type": "M",
        "x": 860,
        "y": 333
      },
      {
        "type": "Q",
        "begin": {
          "x": 907,
          "y": 389
        },
        "end": {
          "x": 924,
          "y": 419
        }
      },
      {
        "type": "Q",
        "begin": {
          "x": 941,
          "y": 449
        },
        "end": {
          "x": 942,
          "y": 465
        }
      },
      {
        "type": "Q",
        "begin": {
          "x": 943,
          "y": 481
        },
        "end": {
          "x": 939,
          "y": 491
        }
      },
      {
        "type": "Q",
        "begin": {
          "x": 935,
          "y": 499
        },
        "end": {
          "x": 929,
          "y": 506
        }
      },
      {
        "type": "L",
        "x": 911,
        "y": 523
      },
      {
        "type": "Q",
        "begin": {
          "x": 874,
          "y": 558
        },
        "end": {
          "x": 825.5,
          "y": 648
        }
      },
      {
        "type": "Q",
        "begin": {
          "x": 777,
          "y": 738
        },
        "end": {
          "x": 771,
          "y": 751
        }
      },
      {
        "type": "L",
        "x": 753,
        "y": 787
      },
      {
        "type": "Q",
        "begin": {
          "x": 743,
          "y": 807
        },
        "end": {
          "x": 743.5,
          "y": 817
        }
      },
      {
        "type": "Q",
        "begin": {
          "x": 744,
          "y": 827
        },
        "end": {
          "x": 751,
          "y": 832.5
        }
      },
      {
        "type": "Q",
        "begin": {
          "x": 758,
          "y": 838
        },
        "end": {
          "x": 804,
          "y": 831
        }
      },
      {
        "type": "L",
        "x": 974,
        "y": 807
      },
      {
        "type": "Q",
        "begin": {
          "x": 1029,
          "y": 800
        },
        "end": {
          "x": 1129,
          "y": 787.5
        }
      },
      {
        "type": "Q",
        "begin": {
          "x": 1229,
          "y": 775
        },
        "end": {
          "x": 1275.5,
          "y": 763.5
        }
      },
      {
        "type": "Q",
        "begin": {
          "x": 1322,
          "y": 752
        },
        "end": {
          "x": 1343,
          "y": 751
        }
      },
      {
        "type": "Q",
        "begin": {
          "x": 1382,
          "y": 751
        },
        "end": {
          "x": 1451,
          "y": 777
        }
      },
      {
        "type": "Q",
        "begin": {
          "x": 1520,
          "y": 803
        },
        "end": {
          "x": 1549.5,
          "y": 837.5
        }
      },
      {
        "type": "Q",
        "begin": {
          "x": 1579,
          "y": 872
        },
        "end": {
          "x": 1590.5,
          "y": 908.5
        }
      },
      {
        "type": "Q",
        "begin": {
          "x": 1602,
          "y": 945
        },
        "end": {
          "x": 1598,
          "y": 975
        }
      },
      {
        "type": "Q",
        "begin": {
          "x": 1596,
          "y": 986
        },
        "end": {
          "x": 1593.5,
          "y": 994
        }
      },
      {
        "type": "Q",
        "begin": {
          "x": 1591,
          "y": 1002
        },
        "end": {
          "x": 1583,
          "y": 1023
        }
      },
      {
        "type": "Q",
        "begin": {
          "x": 1575,
          "y": 1044
        },
        "end": {
          "x": 1569.5,
          "y": 1061.5
        }
      },
      {
        "type": "Q",
        "begin": {
          "x": 1564,
          "y": 1079
        },
        "end": {
          "x": 1542,
          "y": 1170
        }
      },
      {
        "type": "L",
        "x": 1514,
        "y": 1276
      },
      {
        "type": "Q",
        "begin": {
          "x": 1498,
          "y": 1334
        },
        "end": {
          "x": 1488.5,
          "y": 1365.5
        }
      },
      {
        "type": "Q",
        "begin": {
          "x": 1479,
          "y": 1397
        },
        "end": {
          "x": 1424,
          "y": 1530.5
        }
      },
      {
        "type": "Q",
        "begin": {
          "x": 1369,
          "y": 1664
        },
        "end": {
          "x": 1251.5,
          "y": 1785
        }
      },
      {
        "type": "Q",
        "begin": {
          "x": 1134,
          "y": 1906
        },
        "end": {
          "x": 1054,
          "y": 1905
        }
      },
      {
        "type": "Q",
        "begin": {
          "x": 1032,
          "y": 1905
        },
        "end": {
          "x": 1016.5,
          "y": 1897
        }
      },
      {
        "type": "Q",
        "begin": {
          "x": 1001,
          "y": 1889
        },
        "end": {
          "x": 984,
          "y": 1865
        }
      },
      {
        "type": "L",
        "x": 956,
        "y": 1826
      },
      {
        "type": "Q",
        "begin": {
          "x": 922,
          "y": 1783
        },
        "end": {
          "x": 856,
          "y": 1726
        }
      },
      {
        "type": "L",
        "x": 815,
        "y": 1691
      },
      {
        "type": "Q",
        "begin": {
          "x": 803,
          "y": 1681
        },
        "end": {
          "x": 799.5,
          "y": 1669
        }
      },
      {
        "type": "Q",
        "begin": {
          "x": 796,
          "y": 1657
        },
        "end": {
          "x": 818,
          "y": 1663
        }
      },
      {
        "type": "L",
        "x": 865,
        "y": 1678
      },
      {
        "type": "Q",
        "begin": {
          "x": 879,
          "y": 1683
        },
        "end": {
          "x": 936.5,
          "y": 1703
        }
      },
      {
        "type": "Q",
        "begin": {
          "x": 994,
          "y": 1723
        },
        "end": {
          "x": 1020,
          "y": 1721
        }
      },
      {
        "type": "Q",
        "begin": {
          "x": 1080,
          "y": 1717
        },
        "end": {
          "x": 1160,
          "y": 1614.5
        }
      },
      {
        "type": "Q",
        "begin": {
          "x": 1240,
          "y": 1512
        },
        "end": {
          "x": 1279,
          "y": 1427.5
        }
      },
      {
        "type": "Q",
        "begin": {
          "x": 1318,
          "y": 1343
        },
        "end": {
          "x": 1339.5,
          "y": 1271.5
        }
      },
      {
        "type": "Q",
        "begin": {
          "x": 1361,
          "y": 1200
        },
        "end": {
          "x": 1371.5,
          "y": 1152
        }
      },
      {
        "type": "Q",
        "begin": {
          "x": 1382,
          "y": 1104
        },
        "end": {
          "x": 1387.5,
          "y": 1051.5
        }
      },
      {
        "type": "Q",
        "begin": {
          "x": 1393,
          "y": 999
        },
        "end": {
          "x": 1393.5,
          "y": 975.5
        }
      },
      {
        "type": "Q",
        "begin": {
          "x": 1394,
          "y": 952
        },
        "end": {
          "x": 1391,
          "y": 939
        }
      },
      {
        "type": "Q",
        "begin": {
          "x": 1384,
          "y": 919
        },
        "end": {
          "x": 1364.5,
          "y": 906
        }
      },
      {
        "type": "Q",
        "begin": {
          "x": 1345,
          "y": 893
        },
        "end": {
          "x": 1284,
          "y": 895
        }
      },
      {
        "type": "Q",
        "begin": {
          "x": 1205,
          "y": 899
        },
        "end": {
          "x": 1167,
          "y": 903
        }
      },
      {
        "type": "L",
        "x": 1038,
        "y": 918
      },
      {
        "type": "Q",
        "begin": {
          "x": 901,
          "y": 934
        },
        "end": {
          "x": 814,
          "y": 951.5
        }
      },
      {
        "type": "Q",
        "begin": {
          "x": 727,
          "y": 969
        },
        "end": {
          "x": 674,
          "y": 982.5
        }
      },
      {
        "type": "Q",
        "begin": {
          "x": 621,
          "y": 996
        },
        "end": {
          "x": 606,
          "y": 996
        }
      },
      {
        "type": "Q",
        "begin": {
          "x": 556,
          "y": 997
        },
        "end": {
          "x": 528,
          "y": 951.5
        }
      },
      {
        "type": "Q",
        "begin": {
          "x": 500,
          "y": 906
        },
        "end": {
          "x": 501,
          "y": 862
        }
      },
      {
        "type": "Q",
        "begin": {
          "x": 501,
          "y": 844
        },
        "end": {
          "x": 506,
          "y": 832.5
        }
      },
      {
        "type": "Q",
        "begin": {
          "x": 511,
          "y": 821
        },
        "end": {
          "x": 523,
          "y": 810
        }
      },
      {
        "type": "L",
        "x": 557,
        "y": 783
      },
      {
        "type": "Q",
        "begin": {
          "x": 576,
          "y": 767
        },
        "end": {
          "x": 613.5,
          "y": 719
        }
      },
      {
        "type": "Q",
        "begin": {
          "x": 651,
          "y": 671
        },
        "end": {
          "x": 692.5,
          "y": 600
        }
      },
      {
        "type": "Q",
        "begin": {
          "x": 734,
          "y": 529
        },
        "end": {
          "x": 742.5,
          "y": 498
        }
      },
      {
        "type": "Q",
        "begin": {
          "x": 751,
          "y": 467
        },
        "end": {
          "x": 754,
          "y": 448
        }
      },
      {
        "type": "Q",
        "begin": {
          "x": 757,
          "y": 429
        },
        "end": {
          "x": 757.5,
          "y": 417
        }
      },
      {
        "type": "Q",
        "begin": {
          "x": 758,
          "y": 405
        },
        "end": {
          "x": 757,
          "y": 392
        }
      },
      {
        "type": "Q",
        "begin": {
          "x": 755,
          "y": 373
        },
        "end": {
          "x": 748,
          "y": 350
        }
      },
      {
        "type": "L",
        "x": 860,
        "y": 333
      }
    ],
    "track": [
      {
        "x": 835,
        "y": 430
      },
      {
        "x": 610,
        "y": 890
      },
      {
        "x": 1385,
        "y": 830
      },
      {
        "x": 1490,
        "y": 915
      },
      {
        "x": 1380,
        "y": 1445
      },
      {
        "x": 1100,
        "y": 1830
      },
      {
        "x": 900,
        "y": 1730
      }
    ]
  }
]
