[
  {
    "outline": [
      {
        "type": "M",
        "x": 656,
        "y": 854
      },
      {
        "type": "L",
        "x": 1316,
        "y": 784
      },
      {
        "type": "L",
        "x": 1480,
        "y": 775
      },
      {
        "type": "L",
        "x": 1675,
        "y": 763
      },
      {
        "type": "Q",
        "begin": {
          "x": 1728,
          "y": 760
        },
        "end": {
          "x": 1774.5,
          "y": 751
        }
      },
      {
        "type": "Q",
        "begin": {
          "x": 1821,
          "y": 742
        },
        "end": {
          "x": 1836,
          "y": 742
        }
      },
      {
        "type": "Q",
        "begin": {
          "x": 1884,
          "y": 743
        },
        "end": {
          "x": 1941.5,
          "y": 784
        }
      },
      {
        "type": "Q",
        "begin": {
          "x": 1999,
          "y": 825
        },
        "end": {
          "x": 1999,
          "y": 882
        }
      },
      {
        "type": "Q",
        "begin": {
          "x": 1998,
          "y": 903
        },
        "end": {
          "x": 1983.5,
          "y": 927
        }
      },
      {
        "type": "Q",
        "begin": {
          "x": 1969,
          "y": 951
        },
        "end": {
          "x": 1910,
          "y": 945
        }
      },
      {
        "type": "L",
        "x": 1770,
        "y": 931
      },
      {
        "type": "Q",
        "begin": {
          "x": 1671,
          "y": 922
        },
        "end": {
          "x": 1469,
          "y": 929
        }
      },
      {
        "type": "L",
        "x": 1304,
        "y": 937
      },
      {
        "type": "Q",
        "begin": {
          "x": 913,
          "y": 978
        },
        "end": {
          "x": 658,
          "y": 1015
        }
      },
      {
        "type": "L",
        "x": 491,
        "y": 1033
      },
      {
        "type": "L",
        "x": 324,
        "y": 1061
      },
      {
        "type": "Q",
        "begin": {
          "x": 240,
          "y": 1075
        },
        "end": {
          "x": 203.5,
          "y": 1077.5
        }
      },
      {
        "type": "Q",
        "begin": {
          "x": 167,
          "y": 1080
        },
        "end": {
          "x": 131.5,
          "y": 1060.5
        }
      },
      {
        "type": "Q",
        "begin": {
          "x": 96,
          "y": 1041
        },
        "end": {
          "x": 73,
          "y": 1000.5
        }
      },
      {
        "type": "Q",
        "begin": {
          "x": 50,
          "y": 960
        },
        "end": {
          "x": 49,
          "y": 942
        }
      },
      {
        "type": "Q",
        "begin": {
          "x": 48,
          "y": 924
        },
        "end": {
          "x": 54,
          "y": 911
        }
      },
      {
        "type": "Q",
        "begin": {
          "x": 67,
          "y": 884
        },
        "end": {
          "x": 114,
          "y": 882
        }
      },
      {
        "type": "L",
        "x": 230,
        "y": 886
      },
      {
        "type": "Q",
        "begin": {
          "x": 288,
          "y": 888
        },
        "end": {
          "x": 358,
          "y": 880
        }
      },
      {
        "type": "L",
        "x": 488,
        "y": 866
      },
      {
        "type": "L",
        "x": 656,
        "y": 854
      }
    ],
    "track": [
      {
        "x": 175,
        "y": 995
      },
      {
        "x": 1855,
        "y": 820
      }
    ]
  },
  {
    "outline": [
      {
        "type": "M",
        "x": 1316,
        "y": 784
      },
      {
        "type": "L",
        "x": 1310,
        "y": 516
      },
      {
        "type": "Q",
        "begin": {
          "x": 1309,
          "y": 499
        },
        "end": {
          "x": 1302,
          "y": 391
        }
      },
      {
        "type": "Q",
        "begin": {
          "x": 1295,
          "y": 283
        },
        "end": {
          "x": 1288.5,
          "y": 244.5
        }
      },
      {
        "type": "Q",
        "begin": {
          "x": 1282,
          "y": 206
        },
        "end": {
          "x": 1283,
          "y": 190
        }
      },
      {
        "type": "Q",
        "begin": {
          "x": 1285,
          "y": 118
        },
        "end": {
          "x": 1350,
          "y": 115
        }
      },
      {
        "type": "Q",
        "begin": {
          "x": 1376,
          "y": 114
        },
        "end": {
          "x": 1418.5,
          "y": 135
        }
      },
      {
        "type": "Q",
        "begin": {
          "x": 1461,
          "y": 156
        },
        "end": {
          "x": 1489.5,
          "y": 194.5
        }
      },
      {
        "type": "Q",
        "begin": {
          "x": 1518,
          "y": 233
        },
        "end": {
          "x": 1525.5,
          "y": 259.5
        }
      },
      {
        "type": "Q",
        "begin": {
          "x": 1533,
          "y": 286
        },
        "end": {
          "x": 1532,
          "y": 321
        }
      },
      {
        "type": "Q",
        "begin": {
          "x": 1531,
          "y": 346
        },
        "end": {
          "x": 1518.5,
          "y": 419
        }
      },
      {
        "type": "Q",
        "begin": {
          "x": 1506,
          "y": 492
        },
        "end": {
          "x": 1497,
          "y": 591
        }
      },
      {
        "type": "L",
        "x": 1480,
        "y": 775
      },
      {
        "type": "L",
        "x": 1469,
        "y": 929
      },
      {
        "type": "L",
        "x": 1444,
        "y": 1222
      },
      {
        "type": "Q",
        "begin": {
          "x": 1442,
          "y": 1236
        },
        "end": {
          "x": 1427,
          "y": 1317
        }
      },
      {
        "type": "Q",
        "begin": {
          "x": 1412,
          "y": 1398
        },
        "end": {
          "x": 1402,
          "y": 1424.5
        }
      },
      {
        "type": "Q",
        "begin": {
          "x": 1392,
          "y": 1451
        },
        "end": {
          "x": 1366.5,
          "y": 1490
        }
      },
      {
        "type": "Q",
        "begin": {
          "x": 1341,
          "y": 1529
        },
        "end": {
          "x": 1322,
          "y": 1528
        }
      },
      {
        "type": "Q",
        "begin": {
          "x": 1310,
          "y": 1528
        },
        "end": {
          "x": 1299,
          "y": 1508
        }
      },
      {
        "type": "Q",
        "begin": {
          "x": 1288,
          "y": 1488
        },
        "end": {
          "x": 1290,
          "y": 1427
        }
      },
      {
        "type": "L",
        "x": 1300,
        "y": 1088
      },
      {
        "type": "L",
        "x": 1304,
        "y": 937
      },
      {
        "type": "L",
        "x": 1316,
        "y": 784
      }
    ],
    "track": [
      {
        "x": 1410,
        "y": 235
      },
      {
        "x": 1345,
        "y": 1380
      }
    ]
  },
  {
    "outline": [
      {
        "type": "M",
        "x": 488,
        "y": 866
      },
      {
        "type": "L",
        "x": 472,
        "y": 590
      },
      {
        "type": "Q",
        "begin": {
          "x": 469,
          "y": 549
        },
        "end": {
          "x": 461,
          "y": 488.5
        }
      },
      {
        "type": "Q",
        "begin": {
          "x": 453,
          "y": 428
        },
        "end": {
          "x": 448,
          "y": 402.5
        }
      },
      {
        "type": "Q",
        "begin": {
          "x": 443,
          "y": 377
        },
        "end": {
          "x": 432.5,
          "y": 340.5
        }
      },
      {
        "type": "Q",
        "begin": {
          "x": 422,
          "y": 304
        },
        "end": {
          "x": 420,
          "y": 288.5
        }
      },
      {
        "type": "Q",
        "begin": {
          "x": 418,
          "y": 273
        },
        "end": {
          "x": 427,
          "y": 242.5
        }
      },
      {
        "type": "Q",
        "begin": {
          "x": 436,
          "y": 212
        },
        "end": {
          "x": 495,
          "y": 212
        }
      },
      {
        "type": "Q",
        "begin": {
          "x": 615,
          "y": 214
        },
        "end": {
          "x": 643.5,
          "y": 265
        }
      },
      {
        "type": "Q",
        "begin": {
          "x": 672,
          "y": 316
        },
        "end": {
          "x": 677,
          "y": 356
        }
      },
      {
        "type": "L",
        "x": 668,
        "y": 544
      },
      {
        "type": "L",
        "x": 656,
        "y": 854
      },
      {
        "type": "L",
        "x": 658,
        "y": 1015
      },
      {
        "type": "L",
        "x": 656,
        "y": 1161
      },
      {
        "type": "Q",
        "begin": {
          "x": 655,
          "y": 1189
        },
        "end": {
          "x": 662,
          "y": 1283
        }
      },
      {
        "type": "L",
        "x": 668,
        "y": 1385
      },
      {
        "type": "Q",
        "begin": {
          "x": 671,
          "y": 1437
        },
        "end": {
          "x": 676.5,
          "y": 1479.5
        }
      },
      {
        "type": "Q",
        "begin": {
          "x": 682,
          "y": 1522
        },
        "end": {
          "x": 697.5,
          "y": 1590
        }
      },
      {
        "type": "Q",
        "begin": {
          "x": 713,
          "y": 1658
        },
        "end": {
          "x": 736,
          "y": 1695.5
        }
      },
      {
        "type": "Q",
        "begin": {
          "x": 759,
          "y": 1733
        },
        "end": {
          "x": 800,
          "y": 1757
        }
      },
      {
        "type": "Q",
        "begin": {
          "x": 841,
          "y": 1781
        },
        "end": {
          "x": 932,
          "y": 1779
        }
      },
      {
        "type": "L",
        "x": 1185,
        "y": 1776
      },
      {
        "type": "Q",
        "begin": {
          "x": 1206,
          "y": 1776
        },
        "end": {
          "x": 1317,
          "y": 1771
        }
      },
      {
        "type": "Q",
        "begin": {
          "x": 1428,
          "y": 1766
        },
        "end": {
          "x": 1455,
          "y": 1763
        }
      },
      {
        "type": "Q",
        "begin": {
          "x": 1482,
          "y": 1760
        },
        "end": {
          "x": 1524.5,
          "y": 1752.5
        }
      },
      {
        "type": "Q",
        "begin": {
          "x": 1567,
          "y": 1745
        },
        "end": {
          "x": 1597.5,
          "y": 1734.5
        }
      },
      {
        "type": "Q",
        "begin": {
          "x": 1628,
          "y": 1724
        },
        "end": {
          "x": 1636,
          "y": 1722
        }
      },
      {
        "type": "Q",
        "begin": {
          "x": 1653,
          "y": 1720
        },
        "end": {
          "x": 1689.5,
          "y": 1728.5
        }
      },
      {
        "type": "Q",
        "begin": {
          "x": 1726,
          "y": 1737
        },
        "end": {
          "x": 1755,
          "y": 1772.5
        }
      },
      {
        "type": "Q",
        "begin": {
          "x": 1784,
          "y": 1808
        },
        "end": {
          "x": 1784,
          "y": 1830
        }
      },
      {
        "type": "Q",
        "begin": {
          "x": 1783,
          "y": 1858
        },
        "end": {
          "x": 1743,
          "y": 1888
        }
      },
      {
        "type": "Q",
        "begin": {
          "x": 1703,
          "y": 1918
        },
        "end": {
          "x": 1402,
          "y": 1930
        }
      },
      {
        "type": "Q",
        "begin": {
          "x": 1101,
          "y": 1942
        },
        "end": {
          "x": 923,
          "y": 1935
        }
      },
      {
        "type": "Q",
        "begin": {
          "x": 777,
          "y": 1930
        },
        "end": {
          "x": 722.5,
          "y": 1901.5
        }
      },
      {
        "type": "Q",
        "begin": {
          "x": 668,
          "y": 1873
        },
        "end": {
          "x": 630.5,
          "y": 1820.5
        }
      },
      {
        "type": "Q",
        "begin": {
          "x": 593,
          "y": 1768
        },
        "end": {
          "x": 571,
          "y": 1691
        }
      },
      {
        "type": "Q",
        "begin": {
          "x": 549,
          "y": 1614
        },
        "end": {
          "x": 541.5,
          "y": 1569
        }
      },
      {
        "type": "Q",
        "begin": {
          "x": 534,
          "y": 1524
        },
        "end": {
          "x": 526.5,
          "y": 1452.5
        }
      },
      {
        "type": "Q",
        "begin": {
          "x": 519,
          "y": 1381
        },
        "end": {
          "x": 517,
          "y": 1354
        }
      },
      {
        "type": "L",
        "x": 491,
        "y": 1033
      },
      {
        "type": "L",
        "x": 488,
        "y": 866
      }
    ],
    "track": [
      {
        "x": 540,
        "y": 320
      },
      {
        "x": 590,
        "y": 1475
      },
      {
        "x": 695,
        "y": 1800
      },
      {
        "x": 865,
        "y": 1865
      },
      {
        "x": 1665,
        "y": 1820
      }
    ]
  }
]
