[
  {
    "outline": [
      {
        "type": "M",
        "x": 930,
        "y": 278
      },
      {
        "type": "L",
        "x": 662,
        "y": 308
      },
      {
        "type": "Q",
        "begin": {
          "x": 453,
          "y": 332
        },
        "end": {
          "x": 388,
          "y": 348
        }
      },
      {
        "type": "L",
        "x": 330,
        "y": 364
      },
      {
        "type": "Q",
        "begin": {
          "x": 295,
          "y": 374
        },
        "end": {
          "x": 275,
          "y": 373
        }
      },
      {
        "type": "Q",
        "begin": {
          "x": 248,
          "y": 373
        },
        "end": {
          "x": 230,
          "y": 363
        }
      },
      {
        "type": "Q",
        "begin": {
          "x": 212,
          "y": 353
        },
        "end": {
          "x": 182.5,
          "y": 325.5
        }
      },
      {
        "type": "Q",
        "begin": {
          "x": 153,
          "y": 298
        },
        "end": {
          "x": 145.5,
          "y": 283
        }
      },
      {
        "type": "Q",
        "begin": {
          "x": 138,
          "y": 268
        },
        "end": {
          "x": 138,
          "y": 254.5
        }
      },
      {
        "type": "Q",
        "begin": {
          "x": 138,
          "y": 241
        },
        "end": {
          "x": 149,
          "y": 221
        }
      },
      {
        "type": "Q",
        "begin": {
          "x": 169,
          "y": 187
        },
        "end": {
          "x": 211,
          "y": 186
        }
      },
      {
        "type": "Q",
        "begin": {
          "x": 220,
          "y": 186
        },
        "end": {
          "x": 253,
          "y": 188
        }
      },
      {
        "type": "Q",
        "begin": {
          "x": 286,
          "y": 190
        },
        "end": {
          "x": 311,
          "y": 189
        }
      },
      {
        "type": "L",
        "x": 458,
        "y": 177
      },
      {
        "type": "L",
        "x": 1455,
        "y": 109
      },
      {
        "type": "Q",
        "begin": {
          "x": 1503,
          "y": 106
        },
        "end": {
          "x": 1569.5,
          "y": 99
        }
      },
      {
        "type": "Q",
        "begin": {
          "x": 1636,
          "y": 92
        },
        "end": {
          "x": 1680,
          "y": 82.5
        }
      },
      {
        "type": "Q",
        "begin": {
          "x": 1724,
          "y": 73
        },
        "end": {
          "x": 1734,
          "y": 72
        }
      },
      {
        "type": "Q",
        "begin": {
          "x": 1795,
          "y": 66
        },
        "end": {
          "x": 1838.5,
          "y": 91
        }
      },
      {
        "type": "Q",
        "begin": {
          "x": 1882,
          "y": 116
        },
        "end": {
          "x": 1894.5,
          "y": 137
        }
      },
      {
        "type": "Q",
        "begin": {
          "x": 1907,
          "y": 158
        },
        "end": {
          "x": 1908.5,
          "y": 189
        }
      },
      {
        "type": "Q",
        "begin": {
          "x": 1910,
          "y": 220
        },
        "end": {
          "x": 1896,
          "y": 238
        }
      },
      {
        "type": "Q",
        "begin": {
          "x": 1885,
          "y": 252
        },
        "end": {
          "x": 1869,
          "y": 257
        }
      },
      {
        "type": "Q",
        "begin": {
          "x": 1853,
          "y": 262
        },
        "end": {
          "x": 1819,
          "y": 259
        }
      },
      {
        "type": "L",
        "x": 1634,
        "y": 248
      },
      {
        "type": "Q",
        "begin": {
          "x": 1593,
          "y": 246
        },
        "end": {
          "x": 1414,
          "y": 254
        }
      },
      {
        "type": "L",
        "x": 1146,
        "y": 268
      },
      {
        "type": "L",
        "x": 930,
        "y": 278
      }
    ],
    "track": [
      {
        "x": 270,
        "y": 275
      },
      {
        "x": 1790,
        "y": 160
      }
    ]
  },
  {
    "outline": [
      {
        "type": "M",
        "x": 1074,
        "y": 822
      },
      {
        "type": "L",
        "x": 1384,
        "y": 785
      },
      {
        "type": "Q",
        "begin": {
          "x": 1478,
          "y": 774
        },
        "end": {
          "x": 1538,
          "y": 759
        }
      },
      {
        "type": "Q",
        "begin": {
          "x": 1598,
          "y": 744
        },
        "end": {
          "x": 1614,
          "y": 742
        }
      },
      {
        "type": "Q",
        "begin": {
          "x": 1697,
          "y": 734
        },
        "end": {
          "x": 1759.5,
          "y": 805.5
        }
      },
      {
        "type": "Q",
        "begin": {
          "x": 1822,
          "y": 877
        },
        "end": {
          "x": 1822,
          "y": 926
        }
      },
      {
        "type": "Q",
        "begin": {
          "x": 1821,
          "y": 943
        },
        "end": {
          "x": 1816,
          "y": 961
        }
      },
      {
        "type": "L",
        "x": 1804,
        "y": 992
      },
      {
        "type": "Q",
        "begin": {
          "x": 1792,
          "y": 1023
        },
        "end": {
          "x": 1784,
          "y": 1075
        }
      },
      {
        "type": "L",
        "x": 1767,
        "y": 1185
      },
      {
        "type": "Q",
        "begin": {
          "x": 1755,
          "y": 1263
        },
        "end": {
          "x": 1729,
          "y": 1354
        }
      },
      {
        "type": "Q",
        "begin": {
          "x": 1703,
          "y": 1445
        },
        "end": {
          "x": 1651,
          "y": 1563.5
        }
      },
      {
        "type": "Q",
        "begin": {
          "x": 1599,
          "y": 1682
        },
        "end": {
          "x": 1518,
          "y": 1760.5
        }
      },
      {
        "type": "Q",
        "begin": {
          "x": 1437,
          "y": 1839
        },
        "end": {
          "x": 1384,
          "y": 1880
        }
      },
      {
        "type": "Q",
        "begin": {
          "x": 1331,
          "y": 1921
        },
        "end": {
          "x": 1302,
          "y": 1937
        }
      },
      {
        "type": "L",
        "x": 1253,
        "y": 1964
      },
      {
        "type": "Q",
        "begin": {
          "x": 1222,
          "y": 1981
        },
        "end": {
          "x": 1212.5,
          "y": 1979
        }
      },
      {
        "type": "Q",
        "begin": {
          "x": 1203,
          "y": 1977
        },
        "end": {
          "x": 1201.5,
          "y": 1971.5
        }
      },
      {
        "type": "Q",
        "begin": {
          "x": 1200,
          "y": 1966
        },
        "end": {
          "x": 1214,
          "y": 1951
        }
      },
      {
        "type": "L",
        "x": 1235,
        "y": 1922
      },
      {
        "type": "L",
        "x": 1287,
        "y": 1866
      },
      {
        "type": "Q",
        "begin": {
          "x": 1345,
          "y": 1803
        },
        "end": {
          "x": 1412.5,
          "y": 1690
        }
      },
      {
        "type": "Q",
        "begin": {
          "x": 1480,
          "y": 1577
        },
        "end": {
          "x": 1514.5,
          "y": 1457
        }
      },
      {
        "type": "Q",
        "begin": {
          "x": 1549,
          "y": 1337
        },
        "end": {
          "x": 1560,
          "y": 1272.5
        }
      },
      {
        "type": "Q",
        "begin": {
          "x": 1571,
          "y": 1208
        },
        "end": {
          "x": 1579,
          "y": 1146
        }
      },
      {
        "type": "Q",
        "begin": {
          "x": 1587,
          "y": 1084
        },
        "end": {
          "x": 1591,
          "y": 1046
        }
      },
      {
        "type": "Q",
        "begin": {
          "x": 1595,
          "y": 1008
        },
        "end": {
          "x": 1591,
          "y": 991
        }
      },
      {
        "type": "Q",
        "begin": {
          "x": 1574,
          "y": 922
        },
        "end": {
          "x": 1464,
          "y": 929
        }
      },
      {
        "type": "L",
        "x": 1333,
        "y": 938
      },
      {
        "type": "L",
        "x": 1032,
        "y": 966
      },
      {
        "type": "L",
        "x": 841,
        "y": 989
      },
      {
        "type": "L",
        "x": 579,
        "y": 1040
      },
      {
        "type": "Q",
        "begin": {
          "x": 509,
          "y": 1054
        },
        "end": {
          "x": 486.5,
          "y": 1060
        }
      },
      {
        "type": "Q",
        "begin": {
          "x": 464,
          "y": 1066
        },
        "end": {
          "x": 402,
          "y": 1084.5
        }
      },
      {
        "type": "Q",
        "begin": {
          "x": 340,
          "y": 1103
        },
        "end": {
          "x": 304,
          "y": 1115
        }
      },
      {
        "type": "Q",
        "begin": {
          "x": 268,
          "y": 1127
        },
        "end": {
          "x": 256,
          "y": 1126
        }
      },
      {
        "type": "Q",
        "begin": {
          "x": 236,
          "y": 1126
        },
        "end": {
          "x": 193.5,
          "y": 1086.5
        }
      },
      {
        "type": "Q",
        "begin": {
          "x": 151,
          "y": 1047
        },
        "end": {
          "x": 154,
          "y": 1006
        }
      },
      {
        "type": "Q",
        "begin": {
          "x": 155,
          "y": 991
        },
        "end": {
          "x": 166,
          "y": 970
        }
      },
      {
        "type": "L",
        "x": 186,
        "y": 935
      },
      {
        "type": "Q",
        "begin": {
          "x": 212,
          "y": 886
        },
        "end": {
          "x": 228,
          "y": 819
        }
      },
      {
        "type": "Q",
        "begin": {
          "x": 244,
          "y": 752
        },
        "end": {
          "x": 248.5,
          "y": 727
        }
      },
      {
        "type": "Q",
        "begin": {
          "x": 253,
          "y": 702
        },
        "end": {
          "x": 259.5,
          "y": 649.5
        }
      },
      {
        "type": "Q",
        "begin": {
          "x": 266,
          "y": 597
        },
        "end": {
          "x": 270.5,
          "y": 568
        }
      },
      {
        "type": "Q",
        "begin": {
          "x": 275,
          "y": 539
        },
        "end": {
          "x": 276,
          "y": 521
        }
      },
      {
        "type": "Q",
        "begin": {
          "x": 277,
          "y": 503
        },
        "end": {
          "x": 283.5,
          "y": 491
        }
      },
      {
        "type": "Q",
        "begin": {
          "x": 290,
          "y": 479
        },
        "end": {
          "x": 316,
          "y": 481
        }
      },
      {
        "type": "Q",
        "begin": {
          "x": 346,
          "y": 485
        },
        "end": {
          "x": 395,
          "y": 514
        }
      },
      {
        "type": "Q",
        "begin": {
          "x": 444,
          "y": 543
        },
        "end": {
          "x": 459,
          "y": 560.5
        }
      },
      {
        "type": "Q",
        "begin": {
          "x": 474,
          "y": 578
        },
        "end": {
          "x": 474.5,
          "y": 595.5
        }
      },
      {
        "type": "Q",
        "begin": {
          "x": 475,
          "y": 613
        },
        "end": {
          "x": 461,
          "y": 640
        }
      },
      {
        "type": "Q",
        "begin": {
          "x": 444,
          "y": 672
        },
        "end": {
          "x": 438.5,
          "y": 687.5
        }
      },
      {
        "type": "Q",
        "begin": {
          "x": 433,
          "y": 703
        },
        "end": {
          "x": 427,
          "y": 738.5
        }
      },
      {
        "type": "Q",
        "begin": {
          "x": 421,
          "y": 774
        },
        "end": {
          "x": 416,
          "y": 810.5
        }
      },
      {
        "type": "Q",
        "begin": {
          "x": 411,
          "y": 847
        },
        "end": {
          "x": 407.5,
          "y": 877
        }
      },
      {
        "type": "Q",
        "begin": {
          "x": 404,
          "y": 907
        },
        "end": {
          "x": 409.5,
          "y": 916.5
        }
      },
      {
        "type": "Q",
        "begin": {
          "x": 415,
          "y": 926
        },
        "end": {
          "x": 422.5,
          "y": 928.5
        }
      },
      {
        "type": "Q",
        "begin": {
          "x": 430,
          "y": 931
        },
        "end": {
          "x": 470,
          "y": 921
        }
      },
      {
        "type": "L",
        "x": 557,
        "y": 901
      },
      {
        "type": "Q",
        "begin": {
          "x": 593,
          "y": 893
        },
        "end": {
          "x": 884,
          "y": 844
        }
      },
      {
        "type": "L",
        "x": 1074,
        "y": 822
      }
    ],
    "track": [
      {
        "x": 350,
        "y": 580
      },
      {
        "x": 260,
        "y": 1025
      },
      {
        "x": 1620,
        "y": 835
      },
      {
        "x": 1690,
        "y": 925
      },
      {
        "x": 1605,
        "y": 1495
      },
      {
        "x": 1350,
        "y": 1865
      }
    ]
  },
  {
    "outline": [
      {
        "type": "M",
        "x": 1146,
        "y": 268
      },
      {
        "type": "Q",
        "begin": {
          "x": 1138,
          "y": 360
        },
        "end": {
          "x": 1132,
          "y": 419.5
        }
      },
      {
        "type": "Q",
        "begin": {
          "x": 1126,
          "y": 479
        },
        "end": {
          "x": 1114,
          "y": 586
        }
      },
      {
        "type": "Q",
        "begin": {
          "x": 1102,
          "y": 693
        },
        "end": {
          "x": 1092,
          "y": 737
        }
      },
      {
        "type": "L",
        "x": 1074,
        "y": 822
      },
      {
        "type": "L",
        "x": 1032,
        "y": 966
      },
      {
        "type": "Q",
        "begin": {
          "x": 1006,
          "y": 1050
        },
        "end": {
          "x": 984,
          "y": 1108.5
        }
      },
      {
        "type": "Q",
        "begin": {
          "x": 962,
          "y": 1167
        },
        "end": {
          "x": 875.5,
          "y": 1336
        }
      },
      {
        "type": "Q",
        "begin": {
          "x": 789,
          "y": 1505
        },
        "end": {
          "x": 613.5,
          "y": 1668.5
        }
      },
      {
        "type": "Q",
        "begin": {
          "x": 438,
          "y": 1832
        },
        "end": {
          "x": 299,
          "y": 1894
        }
      },
      {
        "type": "L",
        "x": 234,
        "y": 1923
      },
      {
        "type": "Q",
        "begin": {
          "x": 219,
          "y": 1930
        },
        "end": {
          "x": 211.5,
          "y": 1922
        }
      },
      {
        "type": "Q",
        "begin": {
          "x": 204,
          "y": 1914
        },
        "end": {
          "x": 221,
          "y": 1899
        }
      },
      {
        "type": "L",
        "x": 259,
        "y": 1866
      },
      {
        "type": "Q",
        "begin": {
          "x": 372,
          "y": 1768
        },
        "end": {
          "x": 500,
          "y": 1606.5
        }
      },
      {
        "type": "Q",
        "begin": {
          "x": 628,
          "y": 1445
        },
        "end": {
          "x": 701,
          "y": 1302
        }
      },
      {
        "type": "Q",
        "begin": {
          "x": 774,
          "y": 1159
        },
        "end": {
          "x": 796,
          "y": 1103
        }
      },
      {
        "type": "L",
        "x": 841,
        "y": 989
      },
      {
        "type": "L",
        "x": 884,
        "y": 844
      },
      {
        "type": "Q",
        "begin": {
          "x": 910,
          "y": 710
        },
        "end": {
          "x": 915,
          "y": 675
        }
      },
      {
        "type": "Q",
        "begin": {
          "x": 920,
          "y": 640
        },
        "end": {
          "x": 926,
          "y": 570.5
        }
      },
      {
        "type": "Q",
        "begin": {
          "x": 932,
          "y": 501
        },
        "end": {
          "x": 935,
          "y": 458.5
        }
      },
      {
        "type": "Q",
        "begin": {
          "x": 938,
          "y": 416
        },
        "end": {
          "x": 937.5,
          "y": 375.5
        }
      },
      {
        "type": "Q",
        "begin": {
          "x": 937,
          "y": 335
        },
        "end": {
          "x": 935,
          "y": 316
        }
      },
      {
        "type": "L",
        "x": 930,
        "y": 278
      },
      {
        "type": "L",
        "x": 1146,
        "y": 268
      }
    ],
    "track": [
      {
        "x": 1030,
        "y": 345
      },
      {
        "x": 905,
        "y": 1105
      },
      {
        "x": 540,
        "y": 1685
      },
      {
        "x": 350,
        "y": 1830
      }
    ]
  }
]
