[
  {
    "outline": [
      {
        "type": "M",
        "x": 936,
        "y": 561
      },
      {
        "type": "L",
        "x": 1317,
        "y": 529
      },
      {
        "type": "Q",
        "begin": {
          "x": 1471,
          "y": 517
        },
        "end": {
          "x": 1585,
          "y": 502
        }
      },
      {
        "type": "Q",
        "begin": {
          "x": 1699,
          "y": 487
        },
        "end": {
          "x": 1718,
          "y": 486
        }
      },
      {
        "type": "Q",
        "begin": {
          "x": 1766,
          "y": 486
        },
        "end": {
          "x": 1829.5,
          "y": 508
        }
      },
      {
        "type": "Q",
        "begin": {
          "x": 1893,
          "y": 530
        },
        "end": {
          "x": 1902.5,
          "y": 547.5
        }
      },
      {
        "type": "Q",
        "begin": {
          "x": 1912,
          "y": 565
        },
        "end": {
          "x": 1912.5,
          "y": 579.5
        }
      },
      {
        "type": "Q",
        "begin": {
          "x": 1913,
          "y": 594
        },
        "end": {
          "x": 1904,
          "y": 611
        }
      },
      {
        "type": "Q",
        "begin": {
          "x": 1881,
          "y": 653
        },
        "end": {
          "x": 1832,
          "y": 659
        }
      },
      {
        "type": "Q",
        "begin": {
          "x": 1818,
          "y": 661
        },
        "end": {
          "x": 1774.5,
          "y": 656.5
        }
      },
      {
        "type": "Q",
        "begin": {
          "x": 1731,
          "y": 652
        },
        "end": {
          "x": 1633,
          "y": 655
        }
      },
      {
        "type": "L",
        "x": 1427,
        "y": 663
      },
      {
        "type": "Q",
        "begin": {
          "x": 1184,
          "y": 673
        },
        "end": {
          "x": 915,
          "y": 698
        }
      },
      {
        "type": "L",
        "x": 755,
        "y": 713
      },
      {
        "type": "L",
        "x": 483,
        "y": 764
      },
      {
        "type": "Q",
        "begin": {
          "x": 441,
          "y": 772
        },
        "end": {
          "x": 400,
          "y": 782
        }
      },
      {
        "type": "Q",
        "begin": {
          "x": 359,
          "y": 792
        },
        "end": {
          "x": 334,
          "y": 799
        }
      },
      {
        "type": "Q",
        "begin": {
          "x": 309,
          "y": 806
        },
        "end": {
          "x": 285,
          "y": 806
        }
      },
      {
        "type": "Q",
        "begin": {
          "x": 230,
          "y": 807
        },
        "end": {
          "x": 181,
          "y": 776
        }
      },
      {
        "type": "Q",
        "begin": {
          "x": 132,
          "y": 745
        },
        "end": {
          "x": 134,
          "y": 691
        }
      },
      {
        "type": "Q",
        "begin": {
          "x": 135,
          "y": 649
        },
        "end": {
          "x": 180.5,
          "y": 638.5
        }
      },
      {
        "type": "Q",
        "begin": {
          "x": 226,
          "y": 628
        },
        "end": {
          "x": 254.5,
          "y": 626
        }
      },
      {
        "type": "Q",
        "begin": {
          "x": 283,
          "y": 624
        },
        "end": {
          "x": 360,
          "y": 620.5
        }
      },
      {
        "type": "Q",
        "begin": {
          "x": 437,
          "y": 617
        },
        "end": {
          "x": 544,
          "y": 603
        }
      },
      {
        "type": "L",
        "x": 785,
        "y": 573
      },
      {
        "type": "L",
        "x": 936,
        "y": 561
      }
    ],
    "track": [
      {
        "x": 255,
        "y": 720
      },
      {
        "x": 1765,
        "y": 565
      }
    ]
  },
  {
    "outline": [
      {
        "type": "M",
        "x": 785,
        "y": 573
      },
      {
        "type": "L",
        "x": 808,
        "y": 407
      },
      {
        "type": "Q",
        "begin": {
          "x": 814,
          "y": 358
        },
        "end": {
          "x": 816,
          "y": 329
        }
      },
      {
        "type": "Q",
        "begin": {
          "x": 818,
          "y": 300
        },
        "end": {
          "x": 821,
          "y": 240
        }
      },
      {
        "type": "Q",
        "begin": {
          "x": 824,
          "y": 180
        },
        "end": {
          "x": 824.5,
          "y": 148.5
        }
      },
      {
        "type": "Q",
        "begin": {
          "x": 825,
          "y": 117
        },
        "end": {
          "x": 830,
          "y": 86
        }
      },
      {
        "type": "Q",
        "begin": {
          "x": 835,
          "y": 55
        },
        "end": {
          "x": 894,
          "y": 53
        }
      },
      {
        "type": "Q",
        "begin": {
          "x": 936,
          "y": 53
        },
        "end": {
          "x": 976,
          "y": 77
        }
      },
      {
        "type": "Q",
        "begin": {
          "x": 1016,
          "y": 101
        },
        "end": {
          "x": 1024.5,
          "y": 130
        }
      },
      {
        "type": "Q",
        "begin": {
          "x": 1033,
          "y": 159
        },
        "end": {
          "x": 1033.5,
          "y": 177
        }
      },
      {
        "type": "Q",
        "begin": {
          "x": 1034,
          "y": 195
        },
        "end": {
          "x": 1027,
          "y": 214
        }
      },
      {
        "type": "Q",
        "begin": {
          "x": 1025,
          "y": 220
        },
        "end": {
          "x": 1008,
          "y": 255
        }
      },
      {
        "type": "Q",
        "begin": {
          "x": 991,
          "y": 290
        },
        "end": {
          "x": 985,
          "y": 318
        }
      },
      {
        "type": "Q",
        "begin": {
          "x": 979,
          "y": 346
        },
        "end": {
          "x": 966,
          "y": 411
        }
      },
      {
        "type": "L",
        "x": 936,
        "y": 561
      },
      {
        "type": "L",
        "x": 915,
        "y": 698
      },
      {
        "type": "L",
        "x": 854,
        "y": 1005
      },
      {
        "type": "Q",
        "begin": {
          "x": 849,
          "y": 1027
        },
        "end": {
          "x": 848.5,
          "y": 1052.5
        }
      },
      {
        "type": "Q",
        "begin": {
          "x": 848,
          "y": 1078
        },
        "end": {
          "x": 852,
          "y": 1090
        }
      },
      {
        "type": "Q",
        "begin": {
          "x": 856,
          "y": 1108
        },
        "end": {
          "x": 867,
          "y": 1116.5
        }
      },
      {
        "type": "Q",
        "begin": {
          "x": 878,
          "y": 1125
        },
        "end": {
          "x": 893,
          "y": 1123.5
        }
      },
      {
        "type": "Q",
        "begin": {
          "x": 908,
          "y": 1122
        },
        "end": {
          "x": 954,
          "y": 1115
        }
      },
      {
        "type": "L",
        "x": 1180,
        "y": 1081
      },
      {
        "type": "Q",
        "begin": {
          "x": 1424,
          "y": 1045
        },
        "end": {
          "x": 1464,
          "y": 1045
        }
      },
      {
        "type": "Q",
        "begin": {
          "x": 1529,
          "y": 1047
        },
        "end": {
          "x": 1584.5,
          "y": 1095
        }
      },
      {
        "type": "Q",
        "begin": {
          "x": 1640,
          "y": 1143
        },
        "end": {
          "x": 1655,
          "y": 1166
        }
      },
      {
        "type": "Q",
        "begin": {
          "x": 1670,
          "y": 1189
        },
        "end": {
          "x": 1670.5,
          "y": 1206.5
        }
      },
      {
        "type": "Q",
        "begin": {
          "x": 1671,
          "y": 1224
        },
        "end": {
          "x": 1651,
          "y": 1265
        }
      },
      {
        "type": "Q",
        "begin": {
          "x": 1643,
          "y": 1281
        },
        "end": {
          "x": 1612,
          "y": 1350.5
        }
      },
      {
        "type": "Q",
        "begin": {
          "x": 1581,
          "y": 1420
        },
        "end": {
          "x": 1533,
          "y": 1497.5
        }
      },
      {
        "type": "Q",
        "begin": {
          "x": 1485,
          "y": 1575
        },
        "end": {
          "x": 1397,
          "y": 1684.5
        }
      },
      {
        "type": "Q",
        "begin": {
          "x": 1309,
          "y": 1794
        },
        "end": {
          "x": 1212.5,
          "y": 1871
        }
      },
      {
        "type": "Q",
        "begin": {
          "x": 1116,
          "y": 1948
        },
        "end": {
          "x": 981,
          "y": 1986
        }
      },
      {
        "type": "L",
        "x": 946,
        "y": 1996
      },
      {
        "type": "Q",
        "begin": {
          "x": 934,
          "y": 2000
        },
        "end": {
          "x": 930.5,
          "y": 1996
        }
      },
      {
        "type": "Q",
        "begin": {
          "x": 927,
          "y": 1992
        },
        "end": {
          "x": 926.5,
          "y": 1985.5
        }
      },
      {
        "type": "Q",
        "begin": {
          "x": 926,
          "y": 1979
        },
        "end": {
          "x": 934,
          "y": 1967
        }
      },
      {
        "type": "Q",
        "begin": {
          "x": 947,
          "y": 1948
        },
        "end": {
          "x": 977,
          "y": 1923
        }
      },
      {
        "type": "L",
        "x": 1034,
        "y": 1877
      },
      {
        "type": "Q",
        "begin": {
          "x": 1179,
          "y": 1760
        },
        "end": {
          "x": 1277.5,
          "y": 1615.5
        }
      },
      {
        "type": "Q",
        "begin": {
          "x": 1376,
          "y": 1471
        },
        "end": {
          "x": 1413.5,
          "y": 1394.5
        }
      },
      {
        "type": "Q",
        "begin": {
          "x": 1451,
          "y": 1318
        },
        "end": {
          "x": 1462.5,
          "y": 1279
        }
      },
      {
        "type": "Q",
        "begin": {
          "x": 1474,
          "y": 1240
        },
        "end": {
          "x": 1474,
          "y": 1222
        }
      },
      {
        "type": "Q",
        "begin": {
          "x": 1473,
          "y": 1182
        },
        "end": {
          "x": 1434,
          "y": 1187
        }
      },
      {
        "type": "L",
        "x": 961,
        "y": 1248
      },
      {
        "type": "Q",
        "begin": {
          "x": 887,
          "y": 1258
        },
        "end": {
          "x": 821.5,
          "y": 1277.5
        }
      },
      {
        "type": "Q",
        "begin": {
          "x": 756,
          "y": 1297
        },
        "end": {
          "x": 747,
          "y": 1297
        }
      },
      {
        "type": "Q",
        "begin": {
          "x": 728,
          "y": 1298
        },
        "end": {
          "x": 698.5,
          "y": 1279.5
        }
      },
      {
        "type": "Q",
        "begin": {
          "x": 669,
          "y": 1261
        },
        "end": {
          "x": 658,
          "y": 1229
        }
      },
      {
        "type": "Q",
        "begin": {
          "x": 647,
          "y": 1197
        },
        "end": {
          "x": 646.5,
          "y": 1183.5
        }
      },
      {
        "type": "Q",
        "begin": {
          "x": 646,
          "y": 1170
        },
        "end": {
          "x": 650,
          "y": 1159
        }
      },
      {
        "type": "Q",
        "begin": {
          "x": 652,
          "y": 1153
        },
        "end": {
          "x": 665,
          "y": 1131.5
        }
      },
      {
        "type": "Q",
        "begin": {
          "x": 678,
          "y": 1110
        },
        "end": {
          "x": 683,
          "y": 1091
        }
      },
      {
        "type": "Q",
        "begin": {
          "x": 688,
          "y": 1072
        },
        "end": {
          "x": 708,
          "y": 966
        }
      },
      {
        "type": "L",
        "x": 755,
        "y": 713
      },
      {
        "type": "L",
        "x": 785,
        "y": 573
      }
    ],
    "track": [
      {
        "x": 925,
        "y": 165
      },
      {
        "x": 745,
        "y": 1210
      },
      {
        "x": 1465,
        "y": 1120
      },
      {
        "x": 1580,
        "y": 1165
      },
      {
        "x": 1390,
        "y": 1610
      },
      {
        "x": 1045,
        "y": 1935
      }
    ]
  }
]
