[
  {
    "outline": [
      {
        "type": "M",
        "x": 927,
        "y": 762
      },
      {
        "type": "L",
        "x": 468,
        "y": 817
      },
      {
        "type": "Q",
        "begin": {
          "x": 424,
          "y": 823
        },
        "end": {
          "x": 391,
          "y": 830
        }
      },
      {
        "type": "Q",
        "begin": {
          "x": 358,
          "y": 837
        },
        "end": {
          "x": 350,
          "y": 836
        }
      },
      {
        "type": "Q",
        "begin": {
          "x": 304,
          "y": 834
        },
        "end": {
          "x": 263,
          "y": 780
        }
      },
      {
        "type": "Q",
        "begin": {
          "x": 222,
          "y": 726
        },
        "end": {
          "x": 226,
          "y": 696
        }
      },
      {
        "type": "Q",
        "begin": {
          "x": 227,
          "y": 683
        },
        "end": {
          "x": 233.5,
          "y": 673.5
        }
      },
      {
        "type": "Q",
        "begin": {
          "x": 240,
          "y": 664
        },
        "end": {
          "x": 279,
          "y": 621
        }
      },
      {
        "type": "Q",
        "begin": {
          "x": 318,
          "y": 578
        },
        "end": {
          "x": 341.5,
          "y": 528.5
        }
      },
      {
        "type": "Q",
        "begin": {
          "x": 365,
          "y": 479
        },
        "end": {
          "x": 382.5,
          "y": 436
        }
      },
      {
        "type": "Q",
        "begin": {
          "x": 400,
          "y": 393
        },
        "end": {
          "x": 406.5,
          "y": 371.5
        }
      },
      {
        "type": "Q",
        "begin": {
          "x": 413,
          "y": 350
        },
        "end": {
          "x": 418.5,
          "y": 317
        }
      },
      {
        "type": "Q",
        "begin": {
          "x": 424,
          "y": 284
        },
        "end": {
          "x": 425,
          "y": 267
        }
      },
      {
        "type": "Q",
        "begin": {
          "x": 426,
          "y": 250
        },
        "end": {
          "x": 427,
          "y": 217
        }
      },
      {
        "type": "Q",
        "begin": {
          "x": 427,
          "y": 201
        },
        "end": {
          "x": 425,
          "y": 187
        }
      },
      {
        "type": "Q",
        "begin": {
          "x": 423,
          "y": 173
        },
        "end": {
          "x": 425.5,
          "y": 154.5
        }
      },
      {
        "type": "Q",
        "begin": {
          "x": 428,
          "y": 136
        },
        "end": {
          "x": 473,
          "y": 138
        }
      },
      {
        "type": "Q",
        "begin": {
          "x": 544,
          "y": 142
        },
        "end": {
          "x": 587.5,
          "y": 183
        }
      },
      {
        "type": "Q",
        "begin": {
          "x": 631,
          "y": 224
        },
        "end": {
          "x": 630,
          "y": 267
        }
      },
      {
        "type": "Q",
        "begin": {
          "x": 629,
          "y": 285
        },
        "end": {
          "x": 618,
          "y": 315.5
        }
      },
      {
        "type": "Q",
        "begin": {
          "x": 607,
          "y": 346
        },
        "end": {
          "x": 555,
          "y": 447
        }
      },
      {
        "type": "L",
        "x": 466,
        "y": 618
      },
      {
        "type": "L",
        "x": 451,
        "y": 642
      },
      {
        "type": "Q",
        "begin": {
          "x": 450,
          "y": 651
        },
        "end": {
          "x": 459,
          "y": 658
        }
      },
      {
        "type": "Q",
        "begin": {
          "x": 468,
          "y": 665
        },
        "end": {
          "x": 529,
          "y": 659
        }
      },
      {
        "type": "L",
        "x": 687,
        "y": 645
      },
      {
        "type": "Q",
        "begin": {
          "x": 841,
          "y": 632
        },
        "end": {
          "x": 981,
          "y": 607
        }
      },
      {
        "type": "L",
        "x": 1168,
        "y": 592
      },
      {
        "type": "L",
        "x": 1360,
        "y": 572
      },
      {
        "type": "Q",
        "begin": {
          "x": 1473,
          "y": 561
        },
        "end": {
          "x": 1497,
          "y": 555.5
        }
      },
      {
        "type": "Q",
        "begin": {
          "x": 1521,
          "y": 550
        },
        "end": {
          "x": 1565.5,
          "y": 538.5
        }
      },
      {
        "type": "Q",
        "begin": {
          "x": 1610,
          "y": 527
        },
        "end": {
          "x": 1633,
          "y": 526
        }
      },
      {
        "type": "Q",
        "begin": {
          "x": 1670,
          "y": 526
        },
        "end": {
          "x": 1718.5,
          "y": 549
        }
      },
      {
        "type": "Q",
        "begin": {
          "x": 1767,
          "y": 572
        },
        "end": {
          "x": 1794,
          "y": 603
        }
      },
      {
        "type": "Q",
        "begin": {
          "x": 1821,
          "y": 634
        },
        "end": {
          "x": 1828.5,
          "y": 653.5
        }
      },
      {
        "type": "Q",
        "begin": {
          "x": 1836,
          "y": 673
        },
        "end": {
          "x": 1835,
          "y": 696
        }
      },
      {
        "type": "Q",
        "begin": {
          "x": 1834,
          "y": 707
        },
        "end": {
          "x": 1822.5,
          "y": 765.5
        }
      },
      {
        "type": "Q",
        "begin": {
          "x": 1811,
          "y": 824
        },
        "end": {
          "x": 1802,
          "y": 875
        }
      },
      {
        "type": "L",
        "x": 1779,
        "y": 1008
      },
      {
        "type": "Q",
        "begin": {
          "x": 1750,
          "y": 1168
        },
        "end": {
          "x": 1717.5,
          "y": 1281.5
        }
      },
      {
        "type": "Q",
        "begin": {
          "x": 1685,
          "y": 1395
        },
        "end": {
          "x": 1595,
          "y": 1584
        }
      },
      {
        "type": "Q",
        "begin": {
          "x": 1505,
          "y": 1773
        },
        "end": {
          "x": 1369,
          "y": 1873
        }
      },
      {
        "type": "Q",
        "begin": {
          "x": 1233,
          "y": 1973
        },
        "end": {
          "x": 1149,
          "y": 1971
        }
      },
      {
        "type": "Q",
        "begin": {
          "x": 1096,
          "y": 1970
        },
        "end": {
          "x": 1084.5,
          "y": 1951
        }
      },
      {
        "type": "Q",
        "begin": {
          "x": 1073,
          "y": 1932
        },
        "end": {
          "x": 1070,
          "y": 1910
        }
      },
      {
        "type": "Q",
        "begin": {
          "x": 1067,
          "y": 1888
        },
        "end": {
          "x": 1063,
          "y": 1877.5
        }
      },
      {
        "type": "Q",
        "begin": {
          "x": 1059,
          "y": 1867
        },
        "end": {
          "x": 1025.5,
          "y": 1820.5
        }
      },
      {
        "type": "Q",
        "begin": {
          "x": 992,
          "y": 1774
        },
        "end": {
          "x": 939,
          "y": 1726
        }
      },
      {
        "type": "L",
        "x": 913,
        "y": 1703
      },
      {
        "type": "Q",
        "begin": {
          "x": 899,
          "y": 1692
        },
        "end": {
          "x": 903,
          "y": 1686.5
        }
      },
      {
        "type": "Q",
        "begin": {
          "x": 907,
          "y": 1681
        },
        "end": {
          "x": 917,
          "y": 1684
        }
      },
      {
        "type": "L",
        "x": 951,
        "y": 1696
      },
      {
        "type": "Q",
        "begin": {
          "x": 989,
          "y": 1710
        },
        "end": {
          "x": 1050.5,
          "y": 1724
        }
      },
      {
        "type": "Q",
        "begin": {
          "x": 1112,
          "y": 1738
        },
        "end": {
          "x": 1147,
          "y": 1739
        }
      },
      {
        "type": "Q",
        "begin": {
          "x": 1202,
          "y": 1741
        },
        "end": {
          "x": 1250,
          "y": 1720
        }
      },
      {
        "type": "Q",
        "begin": {
          "x": 1298,
          "y": 1699
        },
        "end": {
          "x": 1345,
          "y": 1649.5
        }
      },
      {
        "type": "Q",
        "begin": {
          "x": 1392,
          "y": 1600
        },
        "end": {
          "x": 1425,
          "y": 1543.5
        }
      },
      {
        "type": "Q",
        "begin": {
          "x": 1458,
          "y": 1487
        },
        "end": {
          "x": 1491,
          "y": 1408
        }
      },
      {
        "type": "Q",
        "begin": {
          "x": 1524,
          "y": 1329
        },
        "end": {
          "x": 1540,
          "y": 1277
        }
      },
      {
        "type": "Q",
        "begin": {
          "x": 1556,
          "y": 1225
        },
        "end": {
          "x": 1575.5,
          "y": 1142.5
        }
      },
      {
        "type": "Q",
        "begin": {
          "x": 1595,
          "y": 1060
        },
        "end": {
          "x": 1606.5,
          "y": 1002.5
        }
      },
      {
        "type": "Q",
        "begin": {
          "x": 1618,
          "y": 945
        },
        "end": {
          "x": 1624,
          "y": 902.5
        }
      },
      {
        "type": "Q",
        "begin": {
          "x": 1630,
          "y": 860
        },
        "end": {
          "x": 1633,
          "y": 824
        }
      },
      {
        "type": "Q",
        "begin": {
          "x": 1636,
          "y": 788
        },
        "end": {
          "x": 1636.5,
          "y": 766
        }
      },
      {
        "type": "Q",
        "begin": {
          "x": 1637,
          "y": 744
        },
        "end": {
          "x": 1631,
          "y": 728
        }
      },
      {
        "type": "Q",
        "begin": {
          "x": 1625,
          "y": 712
        },
        "end": {
          "x": 1605.5,
          "y": 701
        }
      },
      {
        "type": "Q",
        "begin": {
          "x": 1586,
          "y": 690
        },
        "end": {
          "x": 1511,
          "y": 697
        }
      },
      {
        "type": "L",
        "x": 1128,
        "y": 737
      },
      {
        "type": "L",
        "x": 927,
        "y": 762
      }
    ],
    "track": [
      {
        "x": 515,
        "y": 235
      },
      {
        "x": 320,
        "y": 750
      },
      {
        "x": 1645,
        "y": 615
      },
      {
        "x": 1735,
        "y": 685
      },
      {
        "x": 1600,
        "y": 1385
      },
      {
        "x": 1315,
        "y": 1840
      },
      {
        "x": 1205,
        "y": 1885
      },
      {
        "x": 1025,
        "y": 1760
      }
    ]
  },
  {
    "outline": [
      {
        "type": "M",
        "x": 981,
        "y": 607
      },
      {
        "type": "Q",
        "begin": {
          "x": 1014,
          "y": 525
        },
        "end": {
          "x": 1040,
          "y": 437.5
        }
      },
      {
        "type": "Q",
        "begin": {
          "x": 1066,
          "y": 350
        },
        "end": {
          "x": 1075.5,
          "y": 303.5
        }
      },
      {
        "type": "Q",
        "begin": {
          "x": 1085,
          "y": 257
        },
        "end": {
          "x": 1088,
          "y": 232.5
        }
      },
      {
        "type": "Q",
        "begin": {
          "x": 1091,
          "y": 208
        },
        "end": {
          "x": 1091.5,
          "y": 191.5
        }
      },
      {
        "type": "Q",
        "begin": {
          "x": 1092,
          "y": 175
        },
        "end": {
          "x": 1089,
          "y": 149.5
        }
      },
      {
        "type": "Q",
        "begin": {
          "x": 1086,
          "y": 124
        },
        "end": {
          "x": 1085.5,
          "y": 115.5
        }
      },
      {
        "type": "Q",
        "begin": {
          "x": 1085,
          "y": 107
        },
        "end": {
          "x": 1089,
          "y": 98
        }
      },
      {
        "type": "Q",
        "begin": {
          "x": 1097,
          "y": 79
        },
        "end": {
          "x": 1123,
          "y": 78
        }
      },
      {
        "type": "Q",
        "begin": {
          "x": 1165,
          "y": 78
        },
        "end": {
          "x": 1214.5,
          "y": 103.5
        }
      },
      {
        "type": "Q",
        "begin": {
          "x": 1264,
          "y": 129
        },
        "end": {
          "x": 1276.5,
          "y": 150.5
        }
      },
      {
        "type": "Q",
        "begin": {
          "x": 1289,
          "y": 172
        },
        "end": {
          "x": 1289,
          "y": 197
        }
      },
      {
        "type": "Q",
        "begin": {
          "x": 1288,
          "y": 212
        },
        "end": {
          "x": 1283,
          "y": 229
        }
      },
      {
        "type": "Q",
        "begin": {
          "x": 1278,
          "y": 246
        },
        "end": {
          "x": 1268,
          "y": 274.5
        }
      },
      {
        "type": "Q",
        "begin": {
          "x": 1258,
          "y": 303
        },
        "end": {
          "x": 1252,
          "y": 324
        }
      },
      {
        "type": "L",
        "x": 1231,
        "y": 393
      },
      {
        "type": "L",
        "x": 1168,
        "y": 592
      },
      {
        "type": "L",
        "x": 1128,
        "y": 737
      },
      {
        "type": "Q",
        "begin": {
          "x": 1054,
          "y": 920
        },
        "end": {
          "x": 1019.5,
          "y": 996
        }
      },
      {
        "type": "Q",
        "begin": {
          "x": 985,
          "y": 1072
        },
        "end": {
          "x": 857,
          "y": 1304
        }
      },
      {
        "type": "Q",
        "begin": {
          "x": 729,
          "y": 1536
        },
        "end": {
          "x": 545,
          "y": 1672.5
        }
      },
      {
        "type": "Q",
        "begin": {
          "x": 361,
          "y": 1809
        },
        "end": {
          "x": 260,
          "y": 1829
        }
      },
      {
        "type": "L",
        "x": 230,
        "y": 1835
      },
      {
        "type": "Q",
        "begin": {
          "x": 216,
          "y": 1838
        },
        "end": {
          "x": 211,
          "y": 1831
        }
      },
      {
        "type": "Q",
        "begin": {
          "x": 206,
          "y": 1824
        },
        "end": {
          "x": 213,
          "y": 1818
        }
      },
      {
        "type": "L",
        "x": 232,
        "y": 1804
      },
      {
        "type": "Q",
        "begin": {
          "x": 285,
          "y": 1765
        },
        "end": {
          "x": 345.5,
          "y": 1707
        }
      },
      {
        "type": "Q",
        "begin": {
          "x": 406,
          "y": 1649
        },
        "end": {
          "x": 500,
          "y": 1527
        }
      },
      {
        "type": "Q",
        "begin": {
          "x": 594,
          "y": 1405
        },
        "end": {
          "x": 667.5,
          "y": 1289.5
        }
      },
      {
        "type": "Q",
        "begin": {
          "x": 741,
          "y": 1174
        },
        "end": {
          "x": 804.5,
          "y": 1045
        }
      },
      {
        "type": "Q",
        "begin": {
          "x": 868,
          "y": 916
        },
        "end": {
          "x": 882,
          "y": 879
        }
      },
      {
        "type": "L",
        "x": 927,
        "y": 762
      },
      {
        "type": "L",
        "x": 981,
        "y": 607
      }
    ],
    "track": [
      {
        "x": 1185,
        "y": 190
      },
      {
        "x": 975,
        "y": 880
      },
      {
        "x": 680,
        "y": 1450
      },
      {
        "x": 335,
        "y": 1765
      }
    ]
  }
]
